{
  "targets": [
    "phosphor",
    "past",
    "average",
    "blur_horizontal",
    "blur",
    "threshold",
    "fog",
    "composite"
  ],
  "passes": [
    {
      "name": "Invictus_phosphor",
      "intarget": "minecraft:main",
      "outtarget": "phosphor",
      "auxtargets": [
          {
              "name": "PastSampler",
              "id": "past"
          }
       ],
       "uniforms": [
          {
              "name": "opacity",
              "values": [ 0.95 ],
              "__comment": "smaller numbers shift faster"
          }
       ]
    },
    {
      "name": "blit",
      "intarget": "phosphor",
      "outtarget": "past"
    },
    {
      "name": "Invictus_average",
      "intarget": "phosphor",
      "outtarget": "average"
    },
    {
      "name": "Invictus_threshold",
      "intarget": "minecraft:main",
      "outtarget": "threshold",
      "auxtargets": [
          {
              "name": "AverageSampler",
              "id": "average"
          }
       ]
    },
    {
      "name": "Invictus_blur_horizontal",
      "intarget": "threshold",
      "outtarget": "blur_horizontal"
    },
    {
      "name": "Invictus_blur_vertical",
      "intarget": "blur_horizontal",
      "outtarget": "blur"
    },
    {
      "name": "blit",
      "intarget": "blur",
      "outtarget": "minecraft:main"
    }
  ]
}
