{   "parent": "block/block",
    "display": {
        "gui": {
            "rotation": [ 30, 135, 0 ],
            "translation": [ 0, 0, 0],
            "scale":[ 0.625, 0.625, 0.625 ]
        },
        "fixed": {
            "rotation": [ 0, 90, 0 ],
            "translation": [ 0, 0, 0],
            "scale":[ 0.5, 0.5, 0.5 ]
        }
    },
    "ambientocclusion": false,
    "textures": {
        "texture": "block/birch_planks"
    },
    "elements": [
    	{   "from": [ 6.75, 0, 0 ],
            "to": [ 9.25, 16, 2.5 ],
            "faces": {
                "down":  { "uv": [ 6, 0, 8.5, 2.5 ], "texture": "#texture" },
                "up":    { "uv": [ 6, 0, 8.5, 2.5 ], "texture": "#texture" },
                "north": { "uv": [ 3.5, 0, 6, 16 ], "texture": "#texture" },
                "south": { "uv": [ 3.5, 0, 6, 16 ], "texture": "#texture" },
                "west":  { "uv": [ 3.5, 0, 6, 16 ], "texture": "#texture" },
                "east":  { "uv": [ 3.5, 0, 6, 16 ], "texture": "#texture" }
            }
        },
        {   "from": [ 6.75, 0, 13.5 ],
            "to": [ 9.25, 16, 16 ],
            "faces": {
                "down":  { "uv": [ 6, 0, 8.5, 2.5 ], "texture": "#texture" },
                "up":    { "uv": [ 6, 0, 8.5, 2.5 ], "texture": "#texture" },
                "north": { "uv": [ 3.5, 0, 6, 16 ], "texture": "#texture" },
                "south": { "uv": [ 3.5, 0, 6, 16 ], "texture": "#texture" },
                "west":  { "uv": [ 3.5, 0, 6, 16 ], "texture": "#texture" },
                "east":  { "uv": [ 3.5, 0, 6, 16 ], "texture": "#texture" }
            }
        },
        {   "from": [ 7.25, 12, -2 ],
            "to": [ 8.75, 13.5, 18 ],
            "faces": {
                "down":  { "uv": [ 7, 0,  9, 16 ], "texture": "#texture" },
                "up":    { "uv": [ 7, 0,  9, 16 ], "texture": "#texture" },
                "north": { "uv": [ 7, 1,  9,  3 ], "texture": "#texture" },
                "south": { "uv": [ 7, 1,  9,  3 ], "texture": "#texture" },
                "west":  { "uv": [ 0, 1, 16,  3 ], "texture": "#texture" },
                "east":  { "uv": [ 0, 1, 16,  3 ], "texture": "#texture" }
            }
        },
        {   "from": [ 7.25, 3, -2 ],
            "to": [ 8.75, 4.5, 18 ],
            "faces": {
                "down":  { "uv": [ 7, 0,  9, 16 ], "texture": "#texture" },
                "up":    { "uv": [ 7, 0,  9, 16 ], "texture": "#texture" },
                "north": { "uv": [ 7, 9,  9, 11 ], "texture": "#texture" },
                "south": { "uv": [ 7, 9,  9, 11 ], "texture": "#texture" },
                "west":  { "uv": [ 0, 9, 16, 11 ], "texture": "#texture" },
                "east":  { "uv": [ 0, 9, 16, 11 ], "texture": "#texture" }
            }
        },
        {   "from": [ 7, 1, 3.25 ],
            "to": [ 7.5, 15, 6.25 ],
            "faces": {
                "down":  { "uv": [ 3, 0, 3.5, 3 ], "texture": "#texture" },
                "up":    { "uv": [ 3, 0, 3.5, 3 ], "texture": "#texture" },
                "north": { "uv": [ 3, 0, 3.5, 14 ], "texture": "#texture" },
                "south": { "uv": [ 3, 0, 3.5, 14 ], "texture": "#texture" },
                "west":  { "uv": [ 0, 0, 3, 14 ], "texture": "#texture" },
                "east":  { "uv": [ 0, 0, 3, 14 ], "texture": "#texture" }
            }
        },
        {   "from": [ 8.5, 1, 3.25 ],
            "to": [ 9, 15, 6.25 ],
            "faces": {
                "down":  { "uv": [ 3, 0, 3.5, 3 ], "texture": "#texture" },
                "up":    { "uv": [ 3, 0, 3.5, 3 ], "texture": "#texture" },
                "north": { "uv": [ 3, 0, 3.5, 14 ], "texture": "#texture" },
                "south": { "uv": [ 3, 0, 3.5, 14 ], "texture": "#texture" },
                "west":  { "uv": [ 0, 0, 3, 14 ], "texture": "#texture" },
                "east":  { "uv": [ 0, 0, 3, 14 ], "texture": "#texture" }
            }
        },
        {   "from": [ 7, 1, 6.75 ],
            "to": [ 7.5, 15, 8.75 ],
            "faces": {
                "down":  { "uv": [ 3, 0, 3.5, 3 ], "texture": "#texture" },
                "up":    { "uv": [ 3, 0, 3.5, 3 ], "texture": "#texture" },
                "north": { "uv": [ 3, 0, 3.5, 14 ], "texture": "#texture" },
                "south": { "uv": [ 3, 0, 3.5, 14 ], "texture": "#texture" },
                "west":  { "uv": [ 0, 0, 3, 14 ], "texture": "#texture" },
                "east":  { "uv": [ 0, 0, 3, 14 ], "texture": "#texture" }
            }
        },
        {   "from": [ 8.5, 1, 6.75 ],
            "to": [ 9, 15, 8.75 ],
            "faces": {
                "down":  { "uv": [ 3, 0, 3.5, 3 ], "texture": "#texture" },
                "up":    { "uv": [ 3, 0, 3.5, 3 ], "texture": "#texture" },
                "north": { "uv": [ 3, 0, 3.5, 14 ], "texture": "#texture" },
                "south": { "uv": [ 3, 0, 3.5, 14 ], "texture": "#texture" },
                "west":  { "uv": [ 0, 0, 3, 14 ], "texture": "#texture" },
                "east":  { "uv": [ 0, 0, 3, 14 ], "texture": "#texture" }
            }
        },
        {   "from": [ 7, 1, 9.5 ],
            "to": [ 7.5, 15, 12.5 ],
            "faces": {
                "down":  { "uv": [ 3, 0, 3.5, 3 ], "texture": "#texture" },
                "up":    { "uv": [ 3, 0, 3.5, 3 ], "texture": "#texture" },
                "north": { "uv": [ 3, 0, 3.5, 14 ], "texture": "#texture" },
                "south": { "uv": [ 3, 0, 3.5, 14 ], "texture": "#texture" },
                "west":  { "uv": [ 0, 0, 3, 14 ], "texture": "#texture" },
                "east":  { "uv": [ 0, 0, 3, 14 ], "texture": "#texture" }
            }
        },
        {   "from": [ 8.5, 1, 9.5 ],
            "to": [ 9, 15, 12.5 ],
            "faces": {
                "down":  { "uv": [ 3, 0, 3.5, 3 ], "texture": "#texture" },
                "up":    { "uv": [ 3, 0, 3.5, 3 ], "texture": "#texture" },
                "north": { "uv": [ 3, 0, 3.5, 14 ], "texture": "#texture" },
                "south": { "uv": [ 3, 0, 3.5, 14 ], "texture": "#texture" },
                "west":  { "uv": [ 0, 0, 3, 14 ], "texture": "#texture" },
                "east":  { "uv": [ 0, 0, 3, 14 ], "texture": "#texture" }
            }
        }
    ]
}
