{
    "parent": "block/fence/fence_post",
    "textures": {
      "side": "block/fence/fence_birch"
    },
    "elements": [
        {   "from": [ 6.75, 0, 6.75 ],
            "to": [ 9.25, 16, 9.25 ],
            "faces": {
                "down":  { "uv": [ 6, 0, 8.5, 2.5 ], "texture": "#side" },
                "up":    { "uv": [ 6, 0, 8.5, 2.5 ], "texture": "#side" },
                "north": { "uv": [ 3.5, 0, 6, 16 ], "texture": "#side" },
                "south": { "uv": [ 3.5, 0, 6, 16 ], "texture": "#side" },
                "west":  { "uv": [ 3.5, 0, 6, 16 ], "texture": "#side" },
                "east":  { "uv": [ 3.5, 0, 6, 16 ], "texture": "#side" }
            }
        }
    ]
}
