{   "parent": "block/block",
    "display": {
        "gui": {
            "rotation": [ 30, 135, 0 ],
            "translation": [ 0, 0, 0],
            "scale": [ 0.625, 0.625, 0.625 ]
        },
        "fixed": {
            "rotation": [ 0, 90, 0 ],
            "translation": [ 0, 0, 0],
            "scale": [ 0.625, 0.625, 0.625 ]
        }
    },
    "ambientocclusion": false,
    "textures": {
        "particle": "#top"
    },
    "elements": [
        {   "from": [ 6, 0, 0 ],
            "to": [ 10, 16, 4 ],
            "faces": {
                "down":  { "uv": [ 6, 6, 10, 10 ], "texture": "#top", "cullface": "down" },
                "up":    { "uv": [ 6, 6, 10, 10 ], "texture": "#top" },
                "north": { "uv": [ 6, 0, 10, 16 ], "texture": "#side" },
                "south": { "uv": [ 6, 0, 10, 16 ], "texture": "#side" },
                "west":  { "uv": [ 6, 0, 10, 16 ], "texture": "#side" },
                "east":  { "uv": [ 6, 0, 10, 16 ], "texture": "#side" }
            },
            "__comment": "Left post"
        },
        {   "from": [ 6, 0, 12 ],
            "to": [ 10, 16, 16 ],
            "faces": {
                "down":  { "uv": [ 6, 6, 10, 10 ], "texture": "#top", "cullface": "down" },
                "up":    { "uv": [ 6, 6, 10, 10 ], "texture": "#top" },
                "north": { "uv": [ 6, 0, 10, 16 ], "texture": "#side" },
                "south": { "uv": [ 6, 0, 10, 16 ], "texture": "#side" },
                "west":  { "uv": [ 6, 0, 10, 16 ], "texture": "#side" },
                "east":  { "uv": [ 6, 0, 10, 16 ], "texture": "#side" }
            },
            "__comment": "Right post"
        },
        {   "from": [ 7, 13, -2 ],
            "to": [ 9, 15, 18 ],
            "faces": {
                "down":  { "uv": [ 0, 1,  6,  4 ], "texture": "#side", "cullface": "down" },
                "up":    { "uv": [ 0, 1,  6,  4 ], "texture": "#side" },
                "north": { "uv": [ 0, 1,  6,  4 ], "texture": "#side", "cullface": "north" },
                "south": { "uv": [ 0, 1,  6,  4 ], "texture": "#side", "cullface": "south" },
                "west":  { "uv": [ 0, 1,  6,  4 ], "texture": "#side" },
                "east":  { "uv": [ 0, 1,  6,  4 ], "texture": "#side" }
            },
            "__comment": "Top bar"
        },
        {   "from": [ 7, 5, -2 ],
            "to": [ 9, 7, 18 ],
            "faces": {
                "down":  { "uv": [ 0, 1,  6,  4 ], "texture": "#side", "cullface": "down" },
                "up":    { "uv": [ 0, 1,  6,  4 ], "texture": "#side" },
                "north": { "uv": [ 0, 1,  6,  4 ], "texture": "#side", "cullface": "north" },
                "south": { "uv": [ 0, 1,  6,  4 ], "texture": "#side", "cullface": "south" },
                "west":  { "uv": [ 0, 1,  6,  4 ], "texture": "#side" },
                "east":  { "uv": [ 0, 1,  6,  4 ], "texture": "#side" }
            },
            "__comment": "Lower bar"
        }
    ]
}
