{
    "textures": {
        "particle": "#side"
    },
    "elements": [
        {   "from": [ 7, 12, 0 ],
            "to": [ 9, 15, 6 ],
            "faces": {
                "down":  { "uv": [ 7, 0, 9, 6 ], "texture": "#top" },
                "up":    { "uv": [ 7, 0, 9, 6 ], "texture": "#top" },
                "north": { "uv": [ 1, 1, 3, 4 ], "texture": "#side", "cullface": "north" },
                "west":  { "uv": [ 0, 1, 6, 4 ], "texture": "#side" },
                "east":  { "uv": [ 0, 1, 6, 4 ], "texture": "#side" }
            },
            "__comment": "top bar"
        },
        {   "from": [ 7, 6, 0 ],
            "to": [ 9, 9, 6 ],
            "faces": {
                "down":  { "uv": [ 7, 0, 9,  6 ], "texture": "#top" },
                "up":    { "uv": [ 7, 0, 9,  6 ], "texture": "#top" },
                "north": { "uv": [ 1, 7, 3, 10 ], "texture": "#side", "cullface": "north" },
                "west":  { "uv": [ 0, 7, 6, 10 ], "texture": "#side" },
                "east":  { "uv": [ 0, 7, 6, 10 ], "texture": "#side" }
            },
            "__comment": "lower bar"
        }
    ]
}
