{
"ambientocclusion": false,
    "textures": {
        "particle": "block/f_detector_rail_on",
        "0": "block/f_rail_1",
        "1": "block/f_rail_extra"
    },
    "elements": [
		{
			"from": [ 1, 14.6, 1 ],
			"to": [ 15, 15.6, 3 ],
			"rotation": { "origin": [ 3, 15.6, 1 ], "axis": "x", "angle": 45 },
			"faces": {
				"down": { "uv": [ 1, 1, 15, 3 ], "texture": "#0" },
				"up": { "uv": [ 1, 1, 15, 3 ], "texture": "#0" },
				"north": { "uv": [ 1, 0, 15, 1 ], "texture": "#0" },
				"south": { "uv": [ 1, 4, 15, 3 ], "texture": "#0" },
				"west": { "uv": [ 0, 1, 1, 3 ], "texture": "#0", "rotation": 90 },
				"east": { "uv": [ 15, 1, 16, 3 ], "texture": "#0", "rotation": 270 }
			}
		},
		{
			"from": [ 1, 10.6, 5 ],
			"to": [ 15, 11.6, 7 ],
			"rotation": { "origin": [ 3, 11.6, 5 ], "axis": "x", "angle": 45 },
			"faces": {
				"down": { "uv": [ 1, 5, 15, 7 ], "texture": "#0" },
				"up": { "uv": [ 1, 5, 15, 7 ], "texture": "#0" },
				"north": { "uv": [ 1, 4, 15, 5 ], "texture": "#0" },
				"south": { "uv": [ 1, 8, 15, 7 ], "texture": "#0" },
				"west": { "uv": [ 0, 5, 1, 7 ], "texture": "#0", "rotation": 90 },
				"east": { "uv": [ 15, 5, 16, 7 ], "texture": "#0", "rotation": 270 }
			}
		},
		{
			"from": [ 1, 6.5, 9 ],
			"to": [ 15, 7.5, 11 ],
			"rotation": { "origin": [ 3, 7.5, 9 ], "axis": "x", "angle": 45 },
			"faces": {
				"down": { "uv": [ 1, 9, 15, 11 ], "texture": "#0" },
				"up": { "uv": [ 1, 9, 15, 11 ], "texture": "#0" },
				"north": { "uv": [ 1, 8, 15, 9 ], "texture": "#0" },
				"south": { "uv": [ 1, 12, 15, 11 ], "texture": "#0" },
				"west": { "uv": [ 0, 9, 1, 11 ], "texture": "#0", "rotation": 90 },
				"east": { "uv": [ 15, 9, 16, 11 ], "texture": "#0", "rotation": 270 }
			}
		},
		{
			"from": [ 1, 2.5, 13 ],
			"to": [ 15, 3.5, 15 ],
			"rotation": { "origin": [ 3, 3.5, 13 ], "axis": "x", "angle": 45 },
			"faces": {
				"down": { "uv": [ 1, 13, 15, 15 ], "texture": "#0" },
				"up": { "uv": [ 1, 13, 15, 15 ], "texture": "#0" },
				"north": { "uv": [ 1, 12, 15, 13 ], "texture": "#0" },
				"south": { "uv": [ 1, 16, 15, 15 ], "texture": "#0" },
				"west": { "uv": [ 0, 13, 1, 15 ], "texture": "#0", "rotation": 90 },
				"east": { "uv": [ 15, 13, 16, 15 ], "texture": "#0", "rotation": 270 }
			}
		},
		{
			"from": [ 2, 17, 0 ],
			"to": [ 3, 18, 23.4 ],
			"rotation": { "origin": [ 3, 18, 0 ], "axis": "x", "angle": 45 },
			"faces": {
				"down": { "uv": [ 0, 15, 1, 16 ], "texture": "#0" },
				"up": { "uv": [ 0, 15, 1, 16 ], "texture": "#0" },
				"north": { "uv": [ 0, 15, 1, 16 ], "texture": "#0" },
				"south": { "uv": [ 0, 15, 1, 16 ], "texture": "#0" },
				"west": { "uv": [ 0, 15, 1, 16 ], "texture": "#0" },
				"east": { "uv": [ 0, 15, 1, 16 ], "texture": "#0" }
			}
		},
		{
			"from": [ 13, 17, 0 ],
			"to": [ 14, 18, 23.4 ],
			"rotation": { "origin": [ 3, 18, 0 ], "axis": "x", "angle": 45 },
			"faces": {
				"down": { "uv": [ 0, 15, 1, 16 ], "texture": "#0" },
				"up": { "uv": [ 0, 15, 1, 16 ], "texture": "#0" },
				"north": { "uv": [ 0, 15, 1, 16 ], "texture": "#0" },
				"south": { "uv": [ 0, 15, 1, 16 ], "texture": "#0" },
				"west": { "uv": [ 0, 15, 1, 16 ], "texture": "#0" },
				"east": { "uv": [ 0, 15, 1, 16 ], "texture": "#0" }
			}
		},
        {
            "name": "Redstone",
            "from": [ 5.0, 10.699999995529652, 4.899999998509884 ], 
            "to": [ 11.0, 11.699999995529652, 12.799999997019768 ], 
            "rotation": { "origin": [ 8.0, 11.6, 5.0 ], "axis": "x", "angle": 45.0 },
            "faces": {
                "north": { "texture": "#1", "uv": [ 9.0, 0.0, 15.0, 1.0 ] },
                "east": { "texture": "#1", "uv": [ 15.0, 1.0, 16.0, 7.0 ], "rotation": 270 },
                "south": { "texture": "#1", "uv": [ 9.0, 7.0, 15.0, 8.0 ] },
                "west": { "texture": "#1", "uv": [ 8.0, 1.0, 9.0, 7.0 ], "rotation": 90 },
                "up": { "texture": "#1", "uv": [ 9.0, 1.0, 15.0, 7.0 ] },
                "down": { "texture": "#1", "uv": [ 9.0, 1.0, 15.0, 7.0 ] }
            }
        },
        {
            "name": "Stone",
            "from": [ 6.0, 10.799999982118607, 6.0 ], 
            "to": [ 10.0, 11.799999982118607, 11.9 ], 
            "rotation": { "origin": [ 8.0, 11.6, 5.0 ], "axis": "x", "angle": 45.0 },
            "faces": {
                "north": { "texture": "#1", "uv": [ 1.0, 0.0, 5.0, 1.0 ] },
                "east": { "texture": "#1", "uv": [ 5.0, 1.0, 6.0, 5.0 ], "rotation": 270 },
                "south": { "texture": "#1", "uv": [ 1.0, 5.0, 5.0, 6.0 ] },
                "west": { "texture": "#1", "uv": [ 0.0, 1.0, 1.0, 5.0 ], "rotation": 90 },
                "up": { "texture": "#1", "uv": [ 1.0, 1.0, 5.0, 5.0 ] }
            }
        }
	]
}