{
	"parent": "block/block",
    "textures": {
    	"particle": "block/cobblestone/1",
        "top": "block/slab/cobblestone_top",
        "bottom": "block/cobblestone/1",
        "side": "block/slab/cobblestone"
    },
    "elements": [
        {   "from": [ 0, 8, 0 ],
            "to": [ 16, 16, 16 ],
            "faces": {
                "down":  { "uv": [ 0, 0, 16, 16 ], "texture": "#bottom" },
                "up":    { "uv": [ 0, 0, 16, 16 ], "texture": "#top" },
                "north": { "uv": [ 0, 0, 16, 8 ], "texture": "#side", "cullface": "north" },
                "south": { "uv": [ 0, 0, 16, 8 ], "texture": "#side", "cullface": "south" },
                "west":  { "uv": [ 0, 0, 16, 8 ], "texture": "#side", "cullface": "west" },
                "east":  { "uv": [ 0, 0, 16, 8 ], "texture": "#side", "cullface": "east" }
            }
        },
        {   "from": [ 8, 0, 0 ],
            "to": [ 16, 8, 8 ],
            "faces": {
                "down":  { "uv": [ 8, 0, 16,  8 ], "texture": "#bottom", "cullface": "down" },
                "up":    { "uv": [ 8, 8, 16, 16 ], "texture": "#top", "cullface": "up" },
                "north": { "uv": [ 8, 8, 16,  16 ], "texture": "#side" },
                "south": { "uv": [ 0, 8, 8,  16 ], "texture": "#side", "cullface": "south" },
                "west":  { "uv": [ 0, 8, 8,  16 ], "texture": "#side" },
                "east":  { "uv": [ 8, 8, 16,  16 ], "texture": "#side", "cullface": "east" }
            }
        }
    ]
}
