{
	"credit": "Made with Blockbench",
	"ambientocclusion": false,
	"texture_size": [512, 512],
	"textures": {
		"0": "block/oildrums/oil_drum001e",
		"particle": "block/oildrums/oil_drum001e"
	},
	"elements": [
		{
			"from": [6.4, 0, 0],
			"to": [9.6, 24, 1],
			"faces": {
				"north": {"uv": [0, 0, 1, 10], "texture": "#0"},
				"east": {"uv": [0, 0, 0.03125, 0.75], "texture": "#missing"},
				"west": {"uv": [0, 0, 0.03125, 0.75], "texture": "#missing"}
			}
		},
		{
			"from": [0, 0, 6.4],
			"to": [1, 24, 9.6],
			"faces": {
				"north": {"uv": [0, 0, 0.03125, 0.75], "texture": "#missing"},
				"south": {"uv": [0, 0, 0.03125, 0.75], "texture": "#missing"},
				"west": {"uv": [4, 0, 5, 10], "texture": "#0"}
			}
		},
		{
			"from": [6.4, 0, 15],
			"to": [9.6, 24, 16],
			"faces": {
				"east": {"uv": [0, 0, 0.03125, 0.75], "texture": "#missing"},
				"south": {"uv": [8, 0, 9, 10], "texture": "#0"},
				"west": {"uv": [0, 0, 0.03125, 0.75], "texture": "#missing"}
			}
		},
		{
			"from": [15, 0, 6.4],
			"to": [16, 24, 9.6],
			"faces": {
				"east": {"uv": [12.0625, 0, 13.0625, 10], "texture": "#0"}
			}
		},
		{
			"from": [6.4, 0, 0],
			"to": [9.6, 24, 1],
			"rotation": {"angle": 22.5, "axis": "y", "origin": [8, 8, 8]},
			"faces": {
				"north": {"uv": [1, 0, 2, 10], "texture": "#0"},
				"east": {"uv": [0, 0, 0.03125, 0.75], "texture": "#missing"},
				"west": {"uv": [0, 0, 0.03125, 0.75], "texture": "#missing"}
			}
		},
		{
			"from": [0, 0, 6.4],
			"to": [1, 24, 9.6],
			"rotation": {"angle": 22.5, "axis": "y", "origin": [8, 8, 8]},
			"faces": {
				"north": {"uv": [0, 0, 0.03125, 0.75], "texture": "#missing"},
				"south": {"uv": [0, 0, 0.03125, 0.75], "texture": "#missing"},
				"west": {"uv": [5, 0, 6, 10], "texture": "#0"}
			}
		},
		{
			"from": [6.4, 0, 15],
			"to": [9.6, 24, 16],
			"rotation": {"angle": 22.5, "axis": "y", "origin": [8, 8, 8]},
			"faces": {
				"east": {"uv": [0, 0, 0.03125, 0.75], "texture": "#missing"},
				"south": {"uv": [9, 0, 10, 10], "texture": "#0"},
				"west": {"uv": [0, 0, 0.03125, 0.75], "texture": "#missing"}
			}
		},
		{
			"from": [15, 0, 6.4],
			"to": [16, 24, 9.6],
			"rotation": {"angle": 22.5, "axis": "y", "origin": [8, 8, 8]},
			"faces": {
				"north": {"uv": [0, 0, 0.03125, 0.75], "texture": "#missing"},
				"east": {"uv": [13, 0, 14, 10], "texture": "#0"},
				"south": {"uv": [0, 0, 0.03125, 0.75], "texture": "#missing"}
			}
		},
		{
			"from": [6.4, 0, 0],
			"to": [9.6, 24, 1],
			"rotation": {"angle": 45, "axis": "y", "origin": [8, 8, 8]},
			"faces": {
				"north": {"uv": [2, 0, 3, 10], "texture": "#0"},
				"east": {"uv": [0, 0, 0.03125, 0.75], "texture": "#missing"},
				"west": {"uv": [0, 0, 0.03125, 0.75], "texture": "#missing"}
			}
		},
		{
			"from": [6.4, 0, 15],
			"to": [9.6, 24, 16],
			"rotation": {"angle": -45, "axis": "y", "origin": [8, 8, 8]},
			"faces": {
				"east": {"uv": [0, 0, 0.03125, 0.75], "texture": "#missing"},
				"south": {"uv": [6, 0, 7, 10], "texture": "#0"},
				"west": {"uv": [0, 0, 0.03125, 0.75], "texture": "#missing"}
			}
		},
		{
			"from": [15, 0, 6.4],
			"to": [16, 24, 9.6],
			"rotation": {"angle": -45, "axis": "y", "origin": [8, 8, 8]},
			"faces": {
				"north": {"uv": [0, 0, 0.03125, 0.75], "texture": "#missing"},
				"east": {"uv": [10.0625, 0, 11.0625, 10], "texture": "#0"},
				"south": {"uv": [0, 0, 0.03125, 0.75], "texture": "#missing"}
			}
		},
		{
			"from": [6.4, 0, 0],
			"to": [9.6, 24, 1],
			"rotation": {"angle": -45, "axis": "y", "origin": [8, 8, 8]},
			"faces": {
				"north": {"uv": [14, 0, 15, 10], "texture": "#0"},
				"east": {"uv": [0, 0, 0.03125, 0.75], "texture": "#missing"},
				"west": {"uv": [0, 0, 0.03125, 0.75], "texture": "#missing"}
			}
		},
		{
			"from": [0, 0, 6.4],
			"to": [1, 24, 9.6],
			"rotation": {"angle": -22.5, "axis": "y", "origin": [8, 8, 8]},
			"faces": {
				"north": {"uv": [0, 0, 0.03125, 0.75], "texture": "#missing"},
				"south": {"uv": [0, 0, 0.03125, 0.75], "texture": "#missing"},
				"west": {"uv": [3, 0, 4, 10], "texture": "#0"}
			}
		},
		{
			"from": [6.4, 0, 15],
			"to": [9.6, 24, 16],
			"rotation": {"angle": -22.5, "axis": "y", "origin": [8, 8, 8]},
			"faces": {
				"east": {"uv": [0, 0, 0.03125, 0.75], "texture": "#missing"},
				"south": {"uv": [7, 0, 8, 10], "texture": "#0"},
				"west": {"uv": [0, 0, 0.03125, 0.75], "texture": "#missing"}
			}
		},
		{
			"from": [15, 0, 6.4],
			"to": [16, 24, 9.6],
			"rotation": {"angle": -22.5, "axis": "y", "origin": [8, 8, 8]},
			"faces": {
				"north": {"uv": [0, 0, 0.03125, 0.75], "texture": "#missing"},
				"east": {"uv": [11.0625, 0, 12.0625, 10], "texture": "#0"},
				"south": {"uv": [0, 0, 0.03125, 0.75], "texture": "#missing"}
			}
		},
		{
			"from": [6.4, 0, 0],
			"to": [9.6, 24, 1],
			"rotation": {"angle": -22.5, "axis": "y", "origin": [8, 8, 8]},
			"faces": {
				"north": {"uv": [15, 0, 15.9375, 10], "texture": "#0"},
				"east": {"uv": [0, 0, 0.03125, 0.75], "texture": "#missing"},
				"west": {"uv": [0, 0, 0.03125, 0.75], "texture": "#missing"}
			}
		},
		{
			"from": [-0.2, 24, -0.2],
			"to": [16.2, 24, 16.3],
			"faces": {
				"up": {"uv": [4, 10, 10, 16], "texture": "#0"}
			}
		},
		{
			"from": [-0.2, 0, -0.2],
			"to": [16.2, 0, 16.3],
			"faces": {
				"down": {"uv": [10, 10, 16, 16], "rotation": 180, "texture": "#0"}
			}
		}
	],
	"display": {}
}