{
    "elements": [
        {   "from": [ 0, 0, 8 ],
            "to": [ 16, 16, 8 ],
            "shade": false,
            "faces": {
                "north": { "uv": [ 0, 0, 16, 16 ], "texture": "#cross" },
                "south": { "uv": [ 0, 0, 16, 16 ], "texture": "#cross" }
            }
        },
        {   "from": [ 8, 0, 0 ],
            "to": [ 8, 16, 16 ],
            "shade": false,
            "faces": {
                "west": { "uv": [ 0, 0, 16, 16 ], "texture": "#cross" },
                "east": { "uv": [ 0, 0, 16, 16 ], "texture": "#cross" }
            }
        }
    ],
    "gui_light": "front",
    "display": {
        "gui": {
            "rotation": [ 0, 0, 0 ],
            "translation": [ 0, 0, 0],
            "scale": [ 1, 1, 1 ]
        },
        "ground": {
            "rotation": [ 0, 0, 0 ],
            "translation": [ 0, 3, 0],
            "scale":[ 0.375, 0.375, 0.375 ]
        },
        "fixed": {
            "rotation": [ 0, 0, 0 ],
            "translation": [ 0, 0, 0],
            "scale": [ 1, 1, 1 ]
        },
        "thirdperson_righthand": {
            "rotation": [ 75, 45, 0 ],
            "translation": [ 0, 2.5, 2],
            "scale": [ 0.6, 0.6, 0.6 ]
        },
        "firstperson_righthand": {
            "rotation": [ 0, 0, 0 ],
            "translation": [ 0, 3, 0 ],
            "scale": [ 0.7, 0.50, 0.7 ]
        },
        "firstperson_lefthand": {
            "rotation": [ 0, 180, 0 ],
            "translation": [ 0, 3, 0 ],
            "scale": [ 0.70, 0.50, 0.70 ]
        }
    }
}