{
    "variants": {
        "facing=north,half=bottom,open=false": { "model": "block/trapdoor/acacia_bottom" },
        "facing=south,half=bottom,open=false": { "model": "block/trapdoor/acacia_bottom", "y": 180 },
        "facing=east,half=bottom,open=false": { "model": "block/trapdoor/acacia_bottom", "y": 90 },
        "facing=west,half=bottom,open=false": { "model": "block/trapdoor/acacia_bottom", "y": 270 },
        "facing=north,half=top,open=false": { "model": "block/trapdoor/acacia_top" },
        "facing=south,half=top,open=false": { "model": "block/trapdoor/acacia_top", "y": 180 },
        "facing=east,half=top,open=false": { "model": "block/trapdoor/acacia_top", "y": 90 },
        "facing=west,half=top,open=false": { "model": "block/trapdoor/acacia_top", "y": 270 },
        "facing=north,half=bottom,open=true": { "model": "block/trapdoor/acacia_bottom", "x": 90 },
        "facing=south,half=bottom,open=true": { "model": "block/trapdoor/acacia_bottom", "x": 90, "y": 180 },
        "facing=east,half=bottom,open=true": { "model": "block/trapdoor/acacia_bottom", "x": 90, "y": 90 },
        "facing=west,half=bottom,open=true": { "model": "block/trapdoor/acacia_bottom", "x": 90, "y": 270 },
        "facing=north,half=top,open=true": { "model": "block/trapdoor/acacia_bottom", "x": 270, "y": 180 },
        "facing=south,half=top,open=true": { "model": "block/trapdoor/acacia_bottom", "x": 270, "y": 0 },
        "facing=east,half=top,open=true": { "model": "block/trapdoor/acacia_bottom", "x": 270, "y": 270 },
        "facing=west,half=top,open=true": { "model": "block/trapdoor/acacia_bottom", "x": 270, "y": 90 }
    }
}
