{
    "multipart": [
      { "when": {"persistent": false},
        "apply": [
           { "model": "block/leaves/acacia_1", "y": 270 },
           { "model": "block/leaves/acacia_1", "y": 90 },
           { "model": "block/leaves/acacia_1", "y": 180 },
           { "model": "block/leaves/acacia_1" },
           { "model": "block/leaves/acacia_2", "y": 270 },
           { "model": "block/leaves/acacia_2", "y": 90 },
           { "model": "block/leaves/acacia_2", "y": 180 },
           { "model": "block/leaves/acacia_2" },
           { "model": "block/leaves/acacia_3", "y": 270 },
           { "model": "block/leaves/acacia_3", "y": 90 },
           { "model": "block/leaves/acacia_3", "y": 180 },
           { "model": "block/leaves/acacia_3" }
         ]
      },
      { "when": {"persistent": true},
        "apply": { "model": "block/leaves/acacia_placed" }
      }
    ]
}