{
    "multipart": [
      { "when": {"persistent": false},
        "apply": [
           { "model": "block/leaves/birch_1", "y": 270 },
           { "model": "block/leaves/birch_1", "y": 90 },
           { "model": "block/leaves/birch_1", "y": 180 },
           { "model": "block/leaves/birch_1" },
           { "model": "block/leaves/birch_2", "y": 270 },
           { "model": "block/leaves/birch_2", "y": 90 },
           { "model": "block/leaves/birch_2", "y": 180 },
           { "model": "block/leaves/birch_2" },
           { "model": "block/leaves/birch_3", "y": 270 },
           { "model": "block/leaves/birch_3", "y": 90 },
           { "model": "block/leaves/birch_3", "y": 180 },
           { "model": "block/leaves/birch_3" }
         ]
      },
      { "when": {"persistent": true},
        "apply": { "model": "block/leaves/birch_placed" }
      }
    ]
}