{
    "variants": {
        "facing=east,half=bottom,shape=straight":  { "model": "block/stair/cobblestone" },
        "facing=west,half=bottom,shape=straight":  { "model": "block/stair/cobblestone", "y": 180, "uvlock": true },
        "facing=south,half=bottom,shape=straight": { "model": "block/stair/cobblestone", "y": 90, "uvlock": true },
        "facing=north,half=bottom,shape=straight": { "model": "block/stair/cobblestone", "y": 270, "uvlock": true },
        "facing=east,half=bottom,shape=outer_right":  { "model": "block/stair/cobblestone_outer" },
        "facing=west,half=bottom,shape=outer_right":  { "model": "block/stair/cobblestone_outer", "y": 180, "uvlock": true },
        "facing=south,half=bottom,shape=outer_right": { "model": "block/stair/cobblestone_outer", "y": 90, "uvlock": true },
        "facing=north,half=bottom,shape=outer_right": { "model": "block/stair/cobblestone_outer", "y": 270, "uvlock": true },
        "facing=east,half=bottom,shape=outer_left":  { "model": "block/stair/cobblestone_outer", "y": 270, "uvlock": true },
        "facing=west,half=bottom,shape=outer_left":  { "model": "block/stair/cobblestone_outer", "y": 90, "uvlock": true },
        "facing=south,half=bottom,shape=outer_left": { "model": "block/stair/cobblestone_outer" },
        "facing=north,half=bottom,shape=outer_left": { "model": "block/stair/cobblestone_outer", "y": 180, "uvlock": true },
        "facing=east,half=bottom,shape=inner_right":  { "model": "block/stair/cobblestone_inner" },
        "facing=west,half=bottom,shape=inner_right":  { "model": "block/stair/cobblestone_inner", "y": 180, "uvlock": true },
        "facing=south,half=bottom,shape=inner_right": { "model": "block/stair/cobblestone_inner", "y": 90, "uvlock": true },
        "facing=north,half=bottom,shape=inner_right": { "model": "block/stair/cobblestone_inner", "y": 270, "uvlock": true },
        "facing=east,half=bottom,shape=inner_left":  { "model": "block/stair/cobblestone_inner", "y": 270, "uvlock": true },
        "facing=west,half=bottom,shape=inner_left":  { "model": "block/stair/cobblestone_inner", "y": 90, "uvlock": true },
        "facing=south,half=bottom,shape=inner_left": { "model": "block/stair/cobblestone_inner" },
        "facing=north,half=bottom,shape=inner_left": { "model": "block/stair/cobblestone_inner", "y": 180, "uvlock": true },
        "facing=east,half=top,shape=straight":  { "model": "block/stair/cobblestone_upper", "uvlock": true },
        "facing=west,half=top,shape=straight":  { "model": "block/stair/cobblestone_upper", "y": 180, "uvlock": true },
        "facing=south,half=top,shape=straight": { "model": "block/stair/cobblestone_upper", "y": 90, "uvlock": true },
        "facing=north,half=top,shape=straight": { "model": "block/stair/cobblestone_upper", "y": 270, "uvlock": true },
        "facing=east,half=top,shape=outer_right":  { "model": "block/stair/cobblestone_outer_upper", "y": 90, "uvlock": true },
        "facing=west,half=top,shape=outer_right":  { "model": "block/stair/cobblestone_outer_upper", "y": 270, "uvlock": true },
        "facing=south,half=top,shape=outer_right": { "model": "block/stair/cobblestone_outer_upper", "y": 180, "uvlock": true },
        "facing=north,half=top,shape=outer_right": { "model": "block/stair/cobblestone_outer_upper", "uvlock": true },
        "facing=east,half=top,shape=outer_left":  { "model": "block/stair/cobblestone_outer_upper", "uvlock": true },
        "facing=west,half=top,shape=outer_left":  { "model": "block/stair/cobblestone_outer_upper", "y": 180, "uvlock": true },
        "facing=south,half=top,shape=outer_left": { "model": "block/stair/cobblestone_outer_upper", "y": 90, "uvlock": true },
        "facing=north,half=top,shape=outer_left": { "model": "block/stair/cobblestone_outer_upper", "y": 270, "uvlock": true },
        "facing=east,half=top,shape=inner_right":  { "model": "block/stair/cobblestone_inner_upper", "y": 90, "uvlock": true },
        "facing=west,half=top,shape=inner_right":  { "model": "block/stair/cobblestone_inner_upper", "y": 270, "uvlock": true },
        "facing=south,half=top,shape=inner_right": { "model": "block/stair/cobblestone_inner_upper", "y": 180, "uvlock": true },
        "facing=north,half=top,shape=inner_right": { "model": "block/stair/cobblestone_inner_upper", "uvlock": true },
        "facing=east,half=top,shape=inner_left":  { "model": "block/stair/cobblestone_inner_upper", "uvlock": true },
        "facing=west,half=top,shape=inner_left":  { "model": "block/stair/cobblestone_inner_upper", "y": 180, "uvlock": true },
        "facing=south,half=top,shape=inner_left": { "model": "block/stair/cobblestone_inner_upper", "y": 90, "uvlock": true },
        "facing=north,half=top,shape=inner_left": { "model": "block/stair/cobblestone_inner_upper", "y": 270, "uvlock": true }
    }
}
