{
    "variants": {
        "facing=south,mode=compare,powered=false": { "model": "block/comparator/unlit" },
        "facing=west,mode=compare,powered=false": { "model": "block/comparator/unlit", "y": 90 },
        "facing=north,mode=compare,powered=false": { "model": "block/comparator/unlit", "y": 180 },
        "facing=east,mode=compare,powered=false": { "model": "block/comparator/unlit", "y": 270 },
        "facing=south,mode=subtract,powered=false": { "model": "block/comparator/unlit_subtract" },
        "facing=west,mode=subtract,powered=false": { "model": "block/comparator/unlit_subtract", "y": 90 },
        "facing=north,mode=subtract,powered=false": { "model": "block/comparator/unlit_subtract", "y": 180 },
        "facing=east,mode=subtract,powered=false": { "model": "block/comparator/unlit_subtract", "y": 270 },
        "facing=south,mode=compare,powered=true": { "model": "block/comparator/lit" },
        "facing=west,mode=compare,powered=true": { "model": "block/comparator/lit", "y": 90 },
        "facing=north,mode=compare,powered=true": { "model": "block/comparator/lit", "y": 180 },
        "facing=east,mode=compare,powered=true": { "model": "block/comparator/lit", "y": 270 },
        "facing=south,mode=subtract,powered=true": { "model": "block/comparator/lit_subtract" },
        "facing=west,mode=subtract,powered=true": { "model": "block/comparator/lit_subtract", "y": 90 },
        "facing=north,mode=subtract,powered=true": { "model": "block/comparator/lit_subtract", "y": 180 },
        "facing=east,mode=subtract,powered=true": { "model": "block/comparator/lit_subtract", "y": 270 }
    }
}
