{
    "variants": {
        "face=floor,facing=east,powered=false":  { "model": "block/button/dark_oak_flat", "y": 90 },
        "face=floor,facing=west,powered=false":  { "model": "block/button/dark_oak_flat", "y": 270 },
        "face=floor,facing=south,powered=false": { "model": "block/button/dark_oak_flat", "y": 180 },
        "face=floor,facing=north,powered=false": { "model": "block/button/dark_oak_flat" },
        "face=wall,facing=east,powered=false":  { "model": "block/button/dark_oak", "x": 90, "y": 90 },
        "face=wall,facing=west,powered=false":  { "model": "block/button/dark_oak", "x": 90, "y": 270 },
        "face=wall,facing=south,powered=false": { "model": "block/button/dark_oak", "x": 90, "y": 180 },
        "face=wall,facing=north,powered=false": { "model": "block/button/dark_oak", "x": 90 },
        "face=ceiling,facing=east,powered=false":  { "model": "block/button/dark_oak_flat", "x": 180, "y": 270 },
        "face=ceiling,facing=west,powered=false":  { "model": "block/button/dark_oak_flat", "x": 180, "y": 90 },
        "face=ceiling,facing=south,powered=false": { "model": "block/button/dark_oak_flat", "x": 180 },
        "face=ceiling,facing=north,powered=false": { "model": "block/button/dark_oak_flat", "x": 180, "y": 180 },
        "face=floor,facing=east,powered=true":  { "model": "block/button/dark_oak_pressed_flat", "y": 90 },
        "face=floor,facing=west,powered=true":  { "model": "block/button/dark_oak_pressed_flat", "y": 270 },
        "face=floor,facing=south,powered=true": { "model": "block/button/dark_oak_pressed_flat", "y": 180 },
        "face=floor,facing=north,powered=true": { "model": "block/button/dark_oak_pressed_flat" },
        "face=wall,facing=east,powered=true":  { "model": "block/button/dark_oak_pressed", "x": 90, "y": 90 },
        "face=wall,facing=west,powered=true":  { "model": "block/button/dark_oak_pressed", "x": 90, "y": 270 },
        "face=wall,facing=south,powered=true": { "model": "block/button/dark_oak_pressed", "x": 90, "y": 180 },
        "face=wall,facing=north,powered=true": { "model": "block/button/dark_oak_pressed", "x": 90 },
        "face=ceiling,facing=east,powered=true":  { "model": "block/button/dark_oak_pressed_flat", "x": 180, "y": 270 },
        "face=ceiling,facing=west,powered=true":  { "model": "block/button/dark_oak_pressed_flat", "x": 180, "y": 90 },
        "face=ceiling,facing=south,powered=true": { "model": "block/button/dark_oak_pressed_flat", "x": 180 },
        "face=ceiling,facing=north,powered=true": { "model": "block/button/dark_oak_pressed_flat", "x": 180, "y": 180 }
    }
}
