{
    "variants": {
        "facing=east,half=bottom,shape=straight":  [
            { "model": "block/stair/diorite_1" },
            { "model": "block/stair/diorite_2" },
            { "model": "block/stair/diorite_3" },
            { "model": "block/stair/diorite_4" }
        ],
        "facing=west,half=bottom,shape=straight":  [
            { "model": "block/stair/diorite_1", "y": 180, "uvlock": true },
            { "model": "block/stair/diorite_2", "y": 180, "uvlock": true },
            { "model": "block/stair/diorite_3", "y": 180, "uvlock": true },
            { "model": "block/stair/diorite_4", "y": 180, "uvlock": true }
        ],
        "facing=south,half=bottom,shape=straight": [
            { "model": "block/stair/diorite_1", "y": 90, "uvlock": true },
            { "model": "block/stair/diorite_2", "y": 90, "uvlock": true },
            { "model": "block/stair/diorite_3", "y": 90, "uvlock": true },
            { "model": "block/stair/diorite_4", "y": 90, "uvlock": true }
        ],
        "facing=north,half=bottom,shape=straight": [
            { "model": "block/stair/diorite_1", "y": 270, "uvlock": true },
            { "model": "block/stair/diorite_2", "y": 270, "uvlock": true },
            { "model": "block/stair/diorite_3", "y": 270, "uvlock": true },
            { "model": "block/stair/diorite_4", "y": 270, "uvlock": true }
        ],
        "facing=east,half=bottom,shape=outer_right":  [
            { "model": "block/stair/diorite_outer_1" },
            { "model": "block/stair/diorite_outer_2" },
            { "model": "block/stair/diorite_outer_3" },
            { "model": "block/stair/diorite_outer_4" }
        ],
        "facing=west,half=bottom,shape=outer_right":  [
            { "model": "block/stair/diorite_outer_1", "y": 180, "uvlock": true },
            { "model": "block/stair/diorite_outer_2", "y": 180, "uvlock": true },
            { "model": "block/stair/diorite_outer_3", "y": 180, "uvlock": true },
            { "model": "block/stair/diorite_outer_4", "y": 180, "uvlock": true }
        ],
        "facing=south,half=bottom,shape=outer_right": [
            { "model": "block/stair/diorite_outer_1", "y": 90, "uvlock": true },
            { "model": "block/stair/diorite_outer_2", "y": 90, "uvlock": true },
            { "model": "block/stair/diorite_outer_3", "y": 90, "uvlock": true },
            { "model": "block/stair/diorite_outer_4", "y": 90, "uvlock": true }
        ],
        "facing=north,half=bottom,shape=outer_right": [
            { "model": "block/stair/diorite_outer_1", "y": 270, "uvlock": true },
            { "model": "block/stair/diorite_outer_2", "y": 270, "uvlock": true },
            { "model": "block/stair/diorite_outer_3", "y": 270, "uvlock": true },
            { "model": "block/stair/diorite_outer_4", "y": 270, "uvlock": true }
        ],
        "facing=east,half=bottom,shape=outer_left":  [
            { "model": "block/stair/diorite_outer_1", "y": 270, "uvlock": true },
            { "model": "block/stair/diorite_outer_2", "y": 270, "uvlock": true },
            { "model": "block/stair/diorite_outer_3", "y": 270, "uvlock": true },
            { "model": "block/stair/diorite_outer_4", "y": 270, "uvlock": true }
        ],
        "facing=west,half=bottom,shape=outer_left":  [
            { "model": "block/stair/diorite_outer_1", "y": 90, "uvlock": true },
            { "model": "block/stair/diorite_outer_2", "y": 90, "uvlock": true },
            { "model": "block/stair/diorite_outer_3", "y": 90, "uvlock": true },
            { "model": "block/stair/diorite_outer_4", "y": 90, "uvlock": true }
        ],
        "facing=south,half=bottom,shape=outer_left": [
            { "model": "block/stair/diorite_outer_1" },
            { "model": "block/stair/diorite_outer_2" },
            { "model": "block/stair/diorite_outer_3" },
            { "model": "block/stair/diorite_outer_4" }
        ],
        "facing=north,half=bottom,shape=outer_left": [
            { "model": "block/stair/diorite_outer_1", "y": 180, "uvlock": true },
            { "model": "block/stair/diorite_outer_2", "y": 180, "uvlock": true },
            { "model": "block/stair/diorite_outer_3", "y": 180, "uvlock": true },
            { "model": "block/stair/diorite_outer_4", "y": 180, "uvlock": true }
        ],
        "facing=east,half=bottom,shape=inner_right":  [
            { "model": "block/stair/diorite_inner_1" },
            { "model": "block/stair/diorite_inner_2" },
            { "model": "block/stair/diorite_inner_3" },
            { "model": "block/stair/diorite_inner_4" }
        ],
        "facing=west,half=bottom,shape=inner_right":  [
            { "model": "block/stair/diorite_inner_1", "y": 180, "uvlock": true },
            { "model": "block/stair/diorite_inner_2", "y": 180, "uvlock": true },
            { "model": "block/stair/diorite_inner_3", "y": 180, "uvlock": true },
            { "model": "block/stair/diorite_inner_4", "y": 180, "uvlock": true }
        ],
        "facing=south,half=bottom,shape=inner_right": [
            { "model": "block/stair/diorite_inner_1", "y": 90, "uvlock": true },
            { "model": "block/stair/diorite_inner_2", "y": 90, "uvlock": true },
            { "model": "block/stair/diorite_inner_3", "y": 90, "uvlock": true },
            { "model": "block/stair/diorite_inner_4", "y": 90, "uvlock": true }
        ],
        "facing=north,half=bottom,shape=inner_right": [
            { "model": "block/stair/diorite_inner_1", "y": 270, "uvlock": true },
            { "model": "block/stair/diorite_inner_2", "y": 270, "uvlock": true },
            { "model": "block/stair/diorite_inner_3", "y": 270, "uvlock": true },
            { "model": "block/stair/diorite_inner_4", "y": 270, "uvlock": true }
        ],
        "facing=east,half=bottom,shape=inner_left":  [
            { "model": "block/stair/diorite_inner_1", "y": 270, "uvlock": true },
            { "model": "block/stair/diorite_inner_2", "y": 270, "uvlock": true },
            { "model": "block/stair/diorite_inner_3", "y": 270, "uvlock": true },
            { "model": "block/stair/diorite_inner_4", "y": 270, "uvlock": true }
        ],
        "facing=west,half=bottom,shape=inner_left":  [
            { "model": "block/stair/diorite_inner_1", "y": 90, "uvlock": true },
            { "model": "block/stair/diorite_inner_2", "y": 90, "uvlock": true },
            { "model": "block/stair/diorite_inner_3", "y": 90, "uvlock": true },
            { "model": "block/stair/diorite_inner_4", "y": 90, "uvlock": true }
        ],
        "facing=south,half=bottom,shape=inner_left": [
            { "model": "block/stair/diorite_inner_1" },
            { "model": "block/stair/diorite_inner_2" },
            { "model": "block/stair/diorite_inner_3" },
            { "model": "block/stair/diorite_inner_4" }
        ],
        "facing=north,half=bottom,shape=inner_left": [
            { "model": "block/stair/diorite_inner_1", "y": 180, "uvlock": true },
            { "model": "block/stair/diorite_inner_2", "y": 180, "uvlock": true },
            { "model": "block/stair/diorite_inner_3", "y": 180, "uvlock": true },
            { "model": "block/stair/diorite_inner_4", "y": 180, "uvlock": true }
        ],
        "facing=east,half=top,shape=straight":  [
            { "model": "block/stair/diorite_1", "x": 180, "uvlock": true },
            { "model": "block/stair/diorite_2", "x": 180, "uvlock": true },
            { "model": "block/stair/diorite_3", "x": 180, "uvlock": true },
            { "model": "block/stair/diorite_4", "x": 180, "uvlock": true }
        ],
        "facing=west,half=top,shape=straight":  [
            { "model": "block/stair/diorite_1", "x": 180, "y": 180, "uvlock": true },
            { "model": "block/stair/diorite_2", "x": 180, "y": 180, "uvlock": true },
            { "model": "block/stair/diorite_3", "x": 180, "y": 180, "uvlock": true },
            { "model": "block/stair/diorite_4", "x": 180, "y": 180, "uvlock": true }
        ],
        "facing=south,half=top,shape=straight": [
            { "model": "block/stair/diorite_1", "x": 180, "y": 90, "uvlock": true },
            { "model": "block/stair/diorite_2", "x": 180, "y": 90, "uvlock": true },
            { "model": "block/stair/diorite_3", "x": 180, "y": 90, "uvlock": true },
            { "model": "block/stair/diorite_4", "x": 180, "y": 90, "uvlock": true }
        ],
        "facing=north,half=top,shape=straight": [
            { "model": "block/stair/diorite_1", "x": 180, "y": 270, "uvlock": true },
            { "model": "block/stair/diorite_2", "x": 180, "y": 270, "uvlock": true },
            { "model": "block/stair/diorite_3", "x": 180, "y": 270, "uvlock": true },
            { "model": "block/stair/diorite_4", "x": 180, "y": 270, "uvlock": true }
        ],
        "facing=east,half=top,shape=outer_right":  [
            { "model": "block/stair/diorite_outer_1", "x": 180, "y": 90, "uvlock": true },
            { "model": "block/stair/diorite_outer_2", "x": 180, "y": 90, "uvlock": true },
            { "model": "block/stair/diorite_outer_3", "x": 180, "y": 90, "uvlock": true },
            { "model": "block/stair/diorite_outer_4", "x": 180, "y": 90, "uvlock": true }
        ],
        "facing=west,half=top,shape=outer_right":  [
            { "model": "block/stair/diorite_outer_1", "x": 180, "y": 270, "uvlock": true },
            { "model": "block/stair/diorite_outer_2", "x": 180, "y": 270, "uvlock": true },
            { "model": "block/stair/diorite_outer_3", "x": 180, "y": 270, "uvlock": true },
            { "model": "block/stair/diorite_outer_4", "x": 180, "y": 270, "uvlock": true }
        ],
        "facing=south,half=top,shape=outer_right": [
            { "model": "block/stair/diorite_outer_1", "x": 180, "y": 180, "uvlock": true },
            { "model": "block/stair/diorite_outer_2", "x": 180, "y": 180, "uvlock": true },
            { "model": "block/stair/diorite_outer_3", "x": 180, "y": 180, "uvlock": true },
            { "model": "block/stair/diorite_outer_4", "x": 180, "y": 180, "uvlock": true }
        ],
        "facing=north,half=top,shape=outer_right": [
            { "model": "block/stair/diorite_outer_1", "x": 180, "uvlock": true },
            { "model": "block/stair/diorite_outer_2", "x": 180, "uvlock": true },
            { "model": "block/stair/diorite_outer_3", "x": 180, "uvlock": true },
            { "model": "block/stair/diorite_outer_4", "x": 180, "uvlock": true }
        ],
        "facing=east,half=top,shape=outer_left":  [
            { "model": "block/stair/diorite_outer_1", "x": 180, "uvlock": true },
            { "model": "block/stair/diorite_outer_2", "x": 180, "uvlock": true },
            { "model": "block/stair/diorite_outer_3", "x": 180, "uvlock": true },
            { "model": "block/stair/diorite_outer_4", "x": 180, "uvlock": true }
        ],
        "facing=west,half=top,shape=outer_left":  [
            { "model": "block/stair/diorite_outer_1", "x": 180, "y": 180, "uvlock": true },
            { "model": "block/stair/diorite_outer_2", "x": 180, "y": 180, "uvlock": true },
            { "model": "block/stair/diorite_outer_3", "x": 180, "y": 180, "uvlock": true },
            { "model": "block/stair/diorite_outer_4", "x": 180, "y": 180, "uvlock": true }
        ],
        "facing=south,half=top,shape=outer_left": [
            { "model": "block/stair/diorite_outer_1", "x": 180, "y": 90, "uvlock": true },
            { "model": "block/stair/diorite_outer_2", "x": 180, "y": 90, "uvlock": true },
            { "model": "block/stair/diorite_outer_3", "x": 180, "y": 90, "uvlock": true },
            { "model": "block/stair/diorite_outer_4", "x": 180, "y": 90, "uvlock": true }
        ],
        "facing=north,half=top,shape=outer_left": [
            { "model": "block/stair/diorite_outer_1", "x": 180, "y": 270, "uvlock": true },
            { "model": "block/stair/diorite_outer_2", "x": 180, "y": 270, "uvlock": true },
            { "model": "block/stair/diorite_outer_3", "x": 180, "y": 270, "uvlock": true },
            { "model": "block/stair/diorite_outer_4", "x": 180, "y": 270, "uvlock": true }
        ],
        "facing=east,half=top,shape=inner_right":  [
            { "model": "block/stair/diorite_inner_1", "x": 180, "y": 90, "uvlock": true },
            { "model": "block/stair/diorite_inner_2", "x": 180, "y": 90, "uvlock": true },
            { "model": "block/stair/diorite_inner_3", "x": 180, "y": 90, "uvlock": true },
            { "model": "block/stair/diorite_inner_4", "x": 180, "y": 90, "uvlock": true }
        ],
        "facing=west,half=top,shape=inner_right":  [
            { "model": "block/stair/diorite_inner_1", "x": 180, "y": 270, "uvlock": true },
            { "model": "block/stair/diorite_inner_2", "x": 180, "y": 270, "uvlock": true },
            { "model": "block/stair/diorite_inner_3", "x": 180, "y": 270, "uvlock": true },
            { "model": "block/stair/diorite_inner_4", "x": 180, "y": 270, "uvlock": true }
        ],
        "facing=south,half=top,shape=inner_right": [
            { "model": "block/stair/diorite_inner_1", "x": 180, "y": 180, "uvlock": true },
            { "model": "block/stair/diorite_inner_2", "x": 180, "y": 180, "uvlock": true },
            { "model": "block/stair/diorite_inner_3", "x": 180, "y": 180, "uvlock": true },
            { "model": "block/stair/diorite_inner_4", "x": 180, "y": 180, "uvlock": true }
        ],
        "facing=north,half=top,shape=inner_right": [
            { "model": "block/stair/diorite_inner_1", "x": 180, "uvlock": true },
            { "model": "block/stair/diorite_inner_2", "x": 180, "uvlock": true },
            { "model": "block/stair/diorite_inner_3", "x": 180, "uvlock": true },
            { "model": "block/stair/diorite_inner_4", "x": 180, "uvlock": true }
        ],
        "facing=east,half=top,shape=inner_left":  [
            { "model": "block/stair/diorite_inner_1", "x": 180, "uvlock": true },
            { "model": "block/stair/diorite_inner_2", "x": 180, "uvlock": true },
            { "model": "block/stair/diorite_inner_3", "x": 180, "uvlock": true },
            { "model": "block/stair/diorite_inner_4", "x": 180, "uvlock": true }
        ],
        "facing=west,half=top,shape=inner_left":  [
            { "model": "block/stair/diorite_inner_1", "x": 180, "y": 180, "uvlock": true },
            { "model": "block/stair/diorite_inner_2", "x": 180, "y": 180, "uvlock": true },
            { "model": "block/stair/diorite_inner_3", "x": 180, "y": 180, "uvlock": true },
            { "model": "block/stair/diorite_inner_4", "x": 180, "y": 180, "uvlock": true }
        ],
        "facing=south,half=top,shape=inner_left": [
            { "model": "block/stair/diorite_inner_1", "x": 180, "y": 90, "uvlock": true },
            { "model": "block/stair/diorite_inner_2", "x": 180, "y": 90, "uvlock": true },
            { "model": "block/stair/diorite_inner_3", "x": 180, "y": 90, "uvlock": true },
            { "model": "block/stair/diorite_inner_4", "x": 180, "y": 90, "uvlock": true }
        ],
        "facing=north,half=top,shape=inner_left": [
            { "model": "block/stair/diorite_inner_1", "x": 180, "y": 270, "uvlock": true },
            { "model": "block/stair/diorite_inner_2", "x": 180, "y": 270, "uvlock": true },
            { "model": "block/stair/diorite_inner_3", "x": 180, "y": 270, "uvlock": true },
            { "model": "block/stair/diorite_inner_4", "x": 180, "y": 270, "uvlock": true }
        ]
    }
}
