{
    "variants": {
        "": [
        	{ "model": "block/glowstone" },
        	{ "model": "block/glowstone", "y": 90 },
        	{ "model": "block/glowstone", "y": 180 },
        	{ "model": "block/glowstone", "y": 270 },
        	{ "model": "block/glowstone", "x": 90 },
        	{ "model": "block/glowstone", "x": 90, "y": 90 },
        	{ "model": "block/glowstone", "x": 90, "y": 180 },
        	{ "model": "block/glowstone", "x": 90, "y": 270 },
        	{ "model": "block/glowstone", "x": 180 },
        	{ "model": "block/glowstone", "x": 180, "y": 90 },
        	{ "model": "block/glowstone", "x": 180, "y": 180 },
        	{ "model": "block/glowstone", "x": 180, "y": 270 },
        	{ "model": "block/glowstone", "x": 270 },
        	{ "model": "block/glowstone", "x": 270, "y": 90 },
        	{ "model": "block/glowstone", "x": 270, "y": 180 },
        	{ "model": "block/glowstone", "x": 270, "y": 270 }
        ]
    }
}
