{
    "variants": {
        "": [
          { "model": "block/grass/1_1" },
          { "model": "block/grass/2_1" },
          { "model": "block/grass/3_1" },
          { "model": "block/grass/4_1" },

          { "model": "block/grass/1_2" },
          { "model": "block/grass/2_2" },
          { "model": "block/grass/3_2" },
          { "model": "block/grass/4_2" },

          { "model": "block/grass/1_3" },
          { "model": "block/grass/2_3" },
          { "model": "block/grass/3_3" },
          { "model": "block/grass/4_3" },

          { "model": "block/grass/1_4" },
          { "model": "block/grass/2_4" },
          { "model": "block/grass/3_4" },
          { "model": "block/grass/4_4" },

          { "model": "block/grass/3_5" },
          { "model": "block/grass/4_5" },
          { "model": "block/grass/5_5" }
        ]
    }
}

[
          { "model": "block/grass/1_1" },
          { "model": "block/grass/2_1" },
          { "model": "block/grass/3_1" },
          { "model": "block/grass/4_1" },
          { "model": "block/grass/5_1" },
          { "model": "block/grass/6_1" },
          { "model": "block/grass/7_1" },
          { "model": "block/grass/1_2" },
          { "model": "block/grass/2_2" },
          { "model": "block/grass/3_2" },
          { "model": "block/grass/4_2" },
          { "model": "block/grass/5_2" },
          { "model": "block/grass/6_2" },
          { "model": "block/grass/7_2" },
          { "model": "block/grass/1_3" },
          { "model": "block/grass/2_3" },
          { "model": "block/grass/3_3" },
          { "model": "block/grass/4_3" },
          { "model": "block/grass/5_3" },
          { "model": "block/grass/6_3" },
          { "model": "block/grass/7_3" },
          { "model": "block/grass/1_4" },
          { "model": "block/grass/2_4" },
          { "model": "block/grass/3_4" },
          { "model": "block/grass/4_4" },
          { "model": "block/grass/5_4" },
          { "model": "block/grass/6_4" },
          { "model": "block/grass/7_4" },
          { "model": "block/grass/1_5" },
          { "model": "block/grass/2_5" },
          { "model": "block/grass/3_5" },
          { "model": "block/grass/4_5" },
          { "model": "block/grass/5_5" },
          { "model": "block/grass/6_5" },
          { "model": "block/grass/7_5" }
        ]