{
    "variants": {
        "": [
			{ "model": "block/gravel/1" },
			{ "model": "block/gravel/2" },
			{ "model": "block/gravel/3" },
			{ "model": "block/gravel/4" },
			{ "model": "block/gravel/5" },
			{ "model": "block/gravel/6" },
			{ "model": "block/gravel/7" },
			{ "model": "block/gravel/8" },
			{ "model": "block/gravel/9" },
			{ "model": "block/gravel/10" },
			{ "model": "block/gravel/11" },
			{ "model": "block/gravel/12" },
			{ "model": "block/gravel/13" },
			{ "model": "block/gravel/14" },
			{ "model": "block/gravel/15" },
			{ "model": "block/gravel/16" }
		]
	}
}
