{
    "variants": {
        "east=false,north=false,south=false,west=false": { "model": "block/pane/silver_u" },
        "east=false,north=true,south=false,west=false": { "model": "block/pane/silver_n", "uvlock": true },
        "east=true,north=false,south=false,west=false": { "model": "block/pane/silver_n", "y": 90, "uvlock": true },
        "east=false,north=false,south=true,west=false": { "model": "block/pane/silver_n", "y": 180, "uvlock": true },
        "east=false,north=false,south=false,west=true": { "model": "block/pane/silver_n", "y": 270, "uvlock": true },
        "east=true,north=true,south=false,west=false": { "model": "block/pane/silver_ne", "uvlock": true },
        "east=true,north=false,south=true,west=false": { "model": "block/pane/silver_ne", "y": 90, "uvlock": true },
        "east=false,north=false,south=true,west=true": { "model": "block/pane/silver_ne", "y": 180, "uvlock": true },
        "east=false,north=true,south=false,west=true": { "model": "block/pane/silver_ne", "y": 270, "uvlock": true },
        "east=false,north=true,south=true,west=false": { "model": "block/pane/silver_ns" },
        "east=true,north=false,south=false,west=true": { "model": "block/pane/silver_ns", "y": 90 },
        "east=true,north=true,south=true,west=false": { "model": "block/pane/silver_nse", "uvlock": true },
        "east=true,north=false,south=true,west=true": { "model": "block/pane/silver_nse", "y": 90, "uvlock": true },
        "east=false,north=true,south=true,west=true": { "model": "block/pane/silver_nse", "y": 180, "uvlock": true },
        "east=true,north=true,south=false,west=true": { "model": "block/pane/silver_nse", "y": 270, "uvlock": true },
        "east=true,north=true,south=true,west=true": { "model": "block/pane/silver_nsew" }
    }
}
