{
    "variants": {
        "east=false,north=false,south=false,west=false": { "model": "block/pane/light_blue_u" },
        "east=false,north=true,south=false,west=false": { "model": "block/pane/light_blue_n", "uvlock": true },
        "east=true,north=false,south=false,west=false": { "model": "block/pane/light_blue_n", "y": 90, "uvlock": true },
        "east=false,north=false,south=true,west=false": { "model": "block/pane/light_blue_n", "y": 180, "uvlock": true },
        "east=false,north=false,south=false,west=true": { "model": "block/pane/light_blue_n", "y": 270, "uvlock": true },
        "east=true,north=true,south=false,west=false": { "model": "block/pane/light_blue_ne", "uvlock": true },
        "east=true,north=false,south=true,west=false": { "model": "block/pane/light_blue_ne", "y": 90, "uvlock": true },
        "east=false,north=false,south=true,west=true": { "model": "block/pane/light_blue_ne", "y": 180, "uvlock": true },
        "east=false,north=true,south=false,west=true": { "model": "block/pane/light_blue_ne", "y": 270, "uvlock": true },
        "east=false,north=true,south=true,west=false": { "model": "block/pane/light_blue_ns" },
        "east=true,north=false,south=false,west=true": { "model": "block/pane/light_blue_ns", "y": 90 },
        "east=true,north=true,south=true,west=false": { "model": "block/pane/light_blue_nse", "uvlock": true },
        "east=true,north=false,south=true,west=true": { "model": "block/pane/light_blue_nse", "y": 90, "uvlock": true },
        "east=false,north=true,south=true,west=true": { "model": "block/pane/light_blue_nse", "y": 180, "uvlock": true },
        "east=true,north=true,south=false,west=true": { "model": "block/pane/light_blue_nse", "y": 270, "uvlock": true },
        "east=true,north=true,south=true,west=true": { "model": "block/pane/light_blue_nsew" }
    }
}
