{
    "variants": {
        "facing=east,half=bottom,shape=straight":  [
            { "model": "block/stair/nether_brick" }
        ],
        "facing=west,half=bottom,shape=straight":  [
            { "model": "block/stair/nether_brick", "y": 180, "uvlock": true }
        ],
        "facing=south,half=bottom,shape=straight": [
            { "model": "block/stair/nether_brick", "y": 90, "uvlock": true }
        ],
        "facing=north,half=bottom,shape=straight": [
            { "model": "block/stair/nether_brick", "y": 270, "uvlock": true }
        ],
        "facing=east,half=bottom,shape=outer_right":  [
            { "model": "block/stair/nether_brick_outer" }
        ],
        "facing=west,half=bottom,shape=outer_right":  [
            { "model": "block/stair/nether_brick_outer", "y": 180, "uvlock": true }
        ],
        "facing=south,half=bottom,shape=outer_right": [
            { "model": "block/stair/nether_brick_outer", "y": 90, "uvlock": true }
        ],
        "facing=north,half=bottom,shape=outer_right": [
            { "model": "block/stair/nether_brick_outer", "y": 270, "uvlock": true }
        ],
        "facing=east,half=bottom,shape=outer_left":  [
            { "model": "block/stair/nether_brick_outer", "y": 270, "uvlock": true }
        ],
        "facing=west,half=bottom,shape=outer_left":  [
            { "model": "block/stair/nether_brick_outer", "y": 90, "uvlock": true }
        ],
        "facing=south,half=bottom,shape=outer_left": [
            { "model": "block/stair/nether_brick_outer" }
        ],
        "facing=north,half=bottom,shape=outer_left": [
            { "model": "block/stair/nether_brick_outer", "y": 180, "uvlock": true }
        ],
        "facing=east,half=bottom,shape=inner_right":  [
            { "model": "block/stair/nether_brick_inner" }
        ],
        "facing=west,half=bottom,shape=inner_right":  [
            { "model": "block/stair/nether_brick_inner", "y": 180, "uvlock": true }
        ],
        "facing=south,half=bottom,shape=inner_right": [
            { "model": "block/stair/nether_brick_inner", "y": 90, "uvlock": true }
        ],
        "facing=north,half=bottom,shape=inner_right": [
            { "model": "block/stair/nether_brick_inner", "y": 270, "uvlock": true }
        ],
        "facing=east,half=bottom,shape=inner_left":  [
            { "model": "block/stair/nether_brick_inner", "y": 270, "uvlock": true }
        ],
        "facing=west,half=bottom,shape=inner_left":  [
            { "model": "block/stair/nether_brick_inner", "y": 90, "uvlock": true }
        ],
        "facing=south,half=bottom,shape=inner_left": [
            { "model": "block/stair/nether_brick_inner" }
        ],
        "facing=north,half=bottom,shape=inner_left": [
            { "model": "block/stair/nether_brick_inner", "y": 180, "uvlock": true }
        ],
        "facing=east,half=top,shape=straight":  [
            { "model": "block/stair/nether_brick", "x": 180, "uvlock": true }
        ],
        "facing=west,half=top,shape=straight":  [
            { "model": "block/stair/nether_brick", "x": 180, "y": 180, "uvlock": true }
        ],
        "facing=south,half=top,shape=straight": [
            { "model": "block/stair/nether_brick", "x": 180, "y": 90, "uvlock": true }
        ],
        "facing=north,half=top,shape=straight": [
            { "model": "block/stair/nether_brick", "x": 180, "y": 270, "uvlock": true }
        ],
        "facing=east,half=top,shape=outer_right":  [
            { "model": "block/stair/nether_brick_outer", "x": 180, "y": 90, "uvlock": true }
        ],
        "facing=west,half=top,shape=outer_right":  [
            { "model": "block/stair/nether_brick_outer", "x": 180, "y": 270, "uvlock": true }
        ],
        "facing=south,half=top,shape=outer_right": [
            { "model": "block/stair/nether_brick_outer", "x": 180, "y": 180, "uvlock": true }
        ],
        "facing=north,half=top,shape=outer_right": [
            { "model": "block/stair/nether_brick_outer", "x": 180, "uvlock": true }
        ],
        "facing=east,half=top,shape=outer_left":  [
            { "model": "block/stair/nether_brick_outer", "x": 180, "uvlock": true }
        ],
        "facing=west,half=top,shape=outer_left":  [
            { "model": "block/stair/nether_brick_outer", "x": 180, "y": 180, "uvlock": true }
        ],
        "facing=south,half=top,shape=outer_left": [
            { "model": "block/stair/nether_brick_outer", "x": 180, "y": 90, "uvlock": true }
        ],
        "facing=north,half=top,shape=outer_left": [
            { "model": "block/stair/nether_brick_outer", "x": 180, "y": 270, "uvlock": true }
        ],
        "facing=east,half=top,shape=inner_right":  [
            { "model": "block/stair/nether_brick_inner", "x": 180, "y": 90, "uvlock": true }
        ],
        "facing=west,half=top,shape=inner_right":  [
            { "model": "block/stair/nether_brick_inner", "x": 180, "y": 270, "uvlock": true }
        ],
        "facing=south,half=top,shape=inner_right": [
            { "model": "block/stair/nether_brick_inner", "x": 180, "y": 180, "uvlock": true }
        ],
        "facing=north,half=top,shape=inner_right": [
            { "model": "block/stair/nether_brick_inner", "x": 180, "uvlock": true }
        ],
        "facing=east,half=top,shape=inner_left":  [
            { "model": "block/stair/nether_brick_inner", "x": 180, "uvlock": true }
        ],
        "facing=west,half=top,shape=inner_left":  [
            { "model": "block/stair/nether_brick_inner", "x": 180, "y": 180, "uvlock": true }
        ],
        "facing=south,half=top,shape=inner_left": [
            { "model": "block/stair/nether_brick_inner", "x": 180, "y": 90, "uvlock": true }
        ],
        "facing=north,half=top,shape=inner_left": [
            { "model": "block/stair/nether_brick_inner", "x": 180, "y": 270, "uvlock": true }
        ]
    }
}
