{
    "variants": {
        "east=false,north=false,south=false,west=false": { "model": "block/pane/purple_u" },
        "east=false,north=true,south=false,west=false": { "model": "block/pane/purple_n", "uvlock": true },
        "east=true,north=false,south=false,west=false": { "model": "block/pane/purple_n", "y": 90, "uvlock": true },
        "east=false,north=false,south=true,west=false": { "model": "block/pane/purple_n", "y": 180, "uvlock": true },
        "east=false,north=false,south=false,west=true": { "model": "block/pane/purple_n", "y": 270, "uvlock": true },
        "east=true,north=true,south=false,west=false": { "model": "block/pane/purple_ne", "uvlock": true },
        "east=true,north=false,south=true,west=false": { "model": "block/pane/purple_ne", "y": 90, "uvlock": true },
        "east=false,north=false,south=true,west=true": { "model": "block/pane/purple_ne", "y": 180, "uvlock": true },
        "east=false,north=true,south=false,west=true": { "model": "block/pane/purple_ne", "y": 270, "uvlock": true },
        "east=false,north=true,south=true,west=false": { "model": "block/pane/purple_ns" },
        "east=true,north=false,south=false,west=true": { "model": "block/pane/purple_ns", "y": 90 },
        "east=true,north=true,south=true,west=false": { "model": "block/pane/purple_nse", "uvlock": true },
        "east=true,north=false,south=true,west=true": { "model": "block/pane/purple_nse", "y": 90, "uvlock": true },
        "east=false,north=true,south=true,west=true": { "model": "block/pane/purple_nse", "y": 180, "uvlock": true },
        "east=true,north=true,south=false,west=true": { "model": "block/pane/purple_nse", "y": 270, "uvlock": true },
        "east=true,north=true,south=true,west=true": { "model": "block/pane/purple_nsew" }
    }
}
