{
    "variants": {
        "axis=y": [
           { "model": "block/quartz/lines_1" },
           { "model": "block/quartz/lines_2" },
           { "model": "block/quartz/lines_3" }
        ],
        "axis=z":  [
           { "model": "block/quartz/lines_1", "x": 90 },
           { "model": "block/quartz/lines_2", "x": 90 },
           { "model": "block/quartz/lines_3", "x": 90 }
        ],
        "axis=x":  [
           { "model": "block/quartz/lines_1", "x": 90, "y": 90 },
           { "model": "block/quartz/lines_2", "x": 90, "y": 90 },
           { "model": "block/quartz/lines_3", "x": 90, "y": 90 }
        ]
    }
}
