{
    "variants": {
        "facing=east,half=bottom,shape=straight":  [
            { "model": "block/stair/red_nether_brick_1", "weight": 5 },
            { "model": "block/stair/red_nether_brick_2", "weight": 1 }
        ],
        "facing=west,half=bottom,shape=straight":  [
            { "model": "block/stair/red_nether_brick_1", "weight": 5, "y": 180, "uvlock": true },
            { "model": "block/stair/red_nether_brick_2", "weight": 1, "y": 180, "uvlock": true }
        ],
        "facing=south,half=bottom,shape=straight": [
            { "model": "block/stair/red_nether_brick_1", "weight": 5, "y": 90, "uvlock": true },
            { "model": "block/stair/red_nether_brick_2", "weight": 1, "y": 90, "uvlock": true }
        ],
        "facing=north,half=bottom,shape=straight": [
            { "model": "block/stair/red_nether_brick_1", "weight": 5, "y": 270, "uvlock": true },
            { "model": "block/stair/red_nether_brick_2", "weight": 1, "y": 270, "uvlock": true }
        ],
        "facing=east,half=bottom,shape=outer_right":  [
            { "model": "block/stair/red_nether_brick_outer_1", "weight": 5 },
            { "model": "block/stair/red_nether_brick_outer_2", "weight": 1 }
        ],
        "facing=west,half=bottom,shape=outer_right":  [
            { "model": "block/stair/red_nether_brick_outer_1", "weight": 5, "y": 180, "uvlock": true },
            { "model": "block/stair/red_nether_brick_outer_2", "weight": 1, "y": 180, "uvlock": true }
        ],
        "facing=south,half=bottom,shape=outer_right": [
            { "model": "block/stair/red_nether_brick_outer_1", "weight": 5, "y": 90, "uvlock": true },
            { "model": "block/stair/red_nether_brick_outer_2", "weight": 1, "y": 90, "uvlock": true }
        ],
        "facing=north,half=bottom,shape=outer_right": [
            { "model": "block/stair/red_nether_brick_outer_1", "weight": 5, "y": 270, "uvlock": true },
            { "model": "block/stair/red_nether_brick_outer_2", "weight": 1, "y": 270, "uvlock": true }
        ],
        "facing=east,half=bottom,shape=outer_left":  [
            { "model": "block/stair/red_nether_brick_outer_1", "weight": 5, "y": 270, "uvlock": true },
            { "model": "block/stair/red_nether_brick_outer_2", "weight": 1, "y": 270, "uvlock": true }
        ],
        "facing=west,half=bottom,shape=outer_left":  [
            { "model": "block/stair/red_nether_brick_outer_1", "weight": 5, "y": 90, "uvlock": true },
            { "model": "block/stair/red_nether_brick_outer_2", "weight": 1, "y": 90, "uvlock": true }
        ],
        "facing=south,half=bottom,shape=outer_left": [
            { "model": "block/stair/red_nether_brick_outer_1", "weight": 5 },
            { "model": "block/stair/red_nether_brick_outer_2", "weight": 1 }
        ],
        "facing=north,half=bottom,shape=outer_left": [
            { "model": "block/stair/red_nether_brick_outer_1", "weight": 5, "y": 180, "uvlock": true },
            { "model": "block/stair/red_nether_brick_outer_2", "weight": 1, "y": 180, "uvlock": true }
        ],
        "facing=east,half=bottom,shape=inner_right":  [
            { "model": "block/stair/red_nether_brick_inner_1", "weight": 5 },
            { "model": "block/stair/red_nether_brick_inner_2", "weight": 1 }
        ],
        "facing=west,half=bottom,shape=inner_right":  [
            { "model": "block/stair/red_nether_brick_inner_1", "weight": 5, "y": 180, "uvlock": true },
            { "model": "block/stair/red_nether_brick_inner_2", "weight": 1, "y": 180, "uvlock": true }
        ],
        "facing=south,half=bottom,shape=inner_right": [
            { "model": "block/stair/red_nether_brick_inner_1", "weight": 5, "y": 90, "uvlock": true },
            { "model": "block/stair/red_nether_brick_inner_2", "weight": 1, "y": 90, "uvlock": true }
        ],
        "facing=north,half=bottom,shape=inner_right": [
            { "model": "block/stair/red_nether_brick_inner_1", "weight": 5, "y": 270, "uvlock": true },
            { "model": "block/stair/red_nether_brick_inner_2", "weight": 1, "y": 270, "uvlock": true }
        ],
        "facing=east,half=bottom,shape=inner_left":  [
            { "model": "block/stair/red_nether_brick_inner_1", "weight": 5, "y": 270, "uvlock": true },
            { "model": "block/stair/red_nether_brick_inner_2", "weight": 1, "y": 270, "uvlock": true }
        ],
        "facing=west,half=bottom,shape=inner_left":  [
            { "model": "block/stair/red_nether_brick_inner_1", "weight": 5, "y": 90, "uvlock": true },
            { "model": "block/stair/red_nether_brick_inner_2", "weight": 1, "y": 90, "uvlock": true }
        ],
        "facing=south,half=bottom,shape=inner_left": [
            { "model": "block/stair/red_nether_brick_inner_1", "weight": 5 },
            { "model": "block/stair/red_nether_brick_inner_2", "weight": 1 }
        ],
        "facing=north,half=bottom,shape=inner_left": [
            { "model": "block/stair/red_nether_brick_inner_1", "weight": 5, "y": 180, "uvlock": true },
            { "model": "block/stair/red_nether_brick_inner_2", "weight": 1, "y": 180, "uvlock": true }
        ],
        "facing=east,half=top,shape=straight":  [
            { "model": "block/stair/red_nether_brick_1", "weight": 5, "x": 180, "uvlock": true },
            { "model": "block/stair/red_nether_brick_2", "weight": 1, "x": 180, "uvlock": true }
        ],
        "facing=west,half=top,shape=straight":  [
            { "model": "block/stair/red_nether_brick_1", "weight": 5, "x": 180, "y": 180, "uvlock": true },
            { "model": "block/stair/red_nether_brick_2", "weight": 1, "x": 180, "y": 180, "uvlock": true }
        ],
        "facing=south,half=top,shape=straight": [
            { "model": "block/stair/red_nether_brick_1", "weight": 5, "x": 180, "y": 90, "uvlock": true },
            { "model": "block/stair/red_nether_brick_2", "weight": 1, "x": 180, "y": 90, "uvlock": true }
        ],
        "facing=north,half=top,shape=straight": [
            { "model": "block/stair/red_nether_brick_1", "weight": 5, "x": 180, "y": 270, "uvlock": true },
            { "model": "block/stair/red_nether_brick_2", "weight": 1, "x": 180, "y": 270, "uvlock": true }
        ],
        "facing=east,half=top,shape=outer_right":  [
            { "model": "block/stair/red_nether_brick_outer_1", "weight": 5, "x": 180, "y": 90, "uvlock": true },
            { "model": "block/stair/red_nether_brick_outer_2", "weight": 1, "x": 180, "y": 90, "uvlock": true }
        ],
        "facing=west,half=top,shape=outer_right":  [
            { "model": "block/stair/red_nether_brick_outer_1", "weight": 5, "x": 180, "y": 270, "uvlock": true },
            { "model": "block/stair/red_nether_brick_outer_2", "weight": 1, "x": 180, "y": 270, "uvlock": true }
        ],
        "facing=south,half=top,shape=outer_right": [
            { "model": "block/stair/red_nether_brick_outer_1", "weight": 5, "x": 180, "y": 180, "uvlock": true },
            { "model": "block/stair/red_nether_brick_outer_2", "weight": 1, "x": 180, "y": 180, "uvlock": true }
        ],
        "facing=north,half=top,shape=outer_right": [
            { "model": "block/stair/red_nether_brick_outer_1", "weight": 5, "x": 180, "uvlock": true },
            { "model": "block/stair/red_nether_brick_outer_2", "weight": 1, "x": 180, "uvlock": true }
        ],
        "facing=east,half=top,shape=outer_left":  [
            { "model": "block/stair/red_nether_brick_outer_1", "weight": 5, "x": 180, "uvlock": true },
            { "model": "block/stair/red_nether_brick_outer_2", "weight": 1, "x": 180, "uvlock": true }
        ],
        "facing=west,half=top,shape=outer_left":  [
            { "model": "block/stair/red_nether_brick_outer_1", "weight": 5, "x": 180, "y": 180, "uvlock": true },
            { "model": "block/stair/red_nether_brick_outer_2", "weight": 1, "x": 180, "y": 180, "uvlock": true }
        ],
        "facing=south,half=top,shape=outer_left": [
            { "model": "block/stair/red_nether_brick_outer_1", "weight": 5, "x": 180, "y": 90, "uvlock": true },
            { "model": "block/stair/red_nether_brick_outer_2", "weight": 1, "x": 180, "y": 90, "uvlock": true }
        ],
        "facing=north,half=top,shape=outer_left": [
            { "model": "block/stair/red_nether_brick_outer_1", "weight": 5, "x": 180, "y": 270, "uvlock": true },
            { "model": "block/stair/red_nether_brick_outer_2", "weight": 1, "x": 180, "y": 270, "uvlock": true }
        ],
        "facing=east,half=top,shape=inner_right":  [
            { "model": "block/stair/red_nether_brick_inner_1", "weight": 5, "x": 180, "y": 90, "uvlock": true },
            { "model": "block/stair/red_nether_brick_inner_2", "weight": 1, "x": 180, "y": 90, "uvlock": true }
        ],
        "facing=west,half=top,shape=inner_right":  [
            { "model": "block/stair/red_nether_brick_inner_1", "weight": 5, "x": 180, "y": 270, "uvlock": true },
            { "model": "block/stair/red_nether_brick_inner_2", "weight": 1, "x": 180, "y": 270, "uvlock": true }
        ],
        "facing=south,half=top,shape=inner_right": [
            { "model": "block/stair/red_nether_brick_inner_1", "weight": 5, "x": 180, "y": 180, "uvlock": true },
            { "model": "block/stair/red_nether_brick_inner_2", "weight": 1, "x": 180, "y": 180, "uvlock": true }
        ],
        "facing=north,half=top,shape=inner_right": [
            { "model": "block/stair/red_nether_brick_inner_1", "weight": 5, "x": 180, "uvlock": true },
            { "model": "block/stair/red_nether_brick_inner_2", "weight": 1, "x": 180, "uvlock": true }
        ],
        "facing=east,half=top,shape=inner_left":  [
            { "model": "block/stair/red_nether_brick_inner_1", "weight": 5, "x": 180, "uvlock": true },
            { "model": "block/stair/red_nether_brick_inner_2", "weight": 1, "x": 180, "uvlock": true }
        ],
        "facing=west,half=top,shape=inner_left":  [
            { "model": "block/stair/red_nether_brick_inner_1", "weight": 5, "x": 180, "y": 180, "uvlock": true },
            { "model": "block/stair/red_nether_brick_inner_2", "weight": 1, "x": 180, "y": 180, "uvlock": true }
        ],
        "facing=south,half=top,shape=inner_left": [
            { "model": "block/stair/red_nether_brick_inner_1", "weight": 5, "x": 180, "y": 90, "uvlock": true },
            { "model": "block/stair/red_nether_brick_inner_2", "weight": 1, "x": 180, "y": 90, "uvlock": true }
        ],
        "facing=north,half=top,shape=inner_left": [
            { "model": "block/stair/red_nether_brick_inner_1", "weight": 5, "x": 180, "y": 270, "uvlock": true },
            { "model": "block/stair/red_nether_brick_inner_2", "weight": 1, "x": 180, "y": 270, "uvlock": true }
        ]
    }
}
