{
    "variants": {
        "type=bottom": [
        	{ "model": "block/slab/smooth_quartz_lower_1" },
        	{ "model": "block/slab/smooth_quartz_lower_2" },
        	{ "model": "block/slab/smooth_quartz_lower_3" },
        	{ "model": "block/slab/smooth_quartz_lower_4" }
        ],
        "type=top": [
        	{ "model": "block/slab/smooth_quartz_upper_1" },
        	{ "model": "block/slab/smooth_quartz_upper_2" },
        	{ "model": "block/slab/smooth_quartz_upper_3" },
        	{ "model": "block/slab/smooth_quartz_upper_4" }
        ],
        "type=double": [
        	{ "model": "block/quartz/smooth_1" },
        	{ "model": "block/quartz/smooth_2" },
        	{ "model": "block/quartz/smooth_3" },
        	{ "model": "block/quartz/smooth_4" }
        ]
    }
}
