{
    "multipart": [
      { "when": {"persistent": false},
        "apply": [
           { "model": "block/leaves/spruce_1", "y": 270, "weight": 3 },
           { "model": "block/leaves/spruce_1", "y": 90, "weight": 3 },
           { "model": "block/leaves/spruce_1", "y": 180, "weight": 3 },
           { "model": "block/leaves/spruce_1", "weight": 3 },
           { "model": "block/leaves/spruce_2", "y": 270, "weight": 3 },
           { "model": "block/leaves/spruce_2", "y": 90, "weight": 3 },
           { "model": "block/leaves/spruce_2", "y": 180, "weight": 3 },
           { "model": "block/leaves/spruce_2", "weight": 3 },
           { "model": "block/leaves/spruce_3", "y": 270, "weight": 3 },
           { "model": "block/leaves/spruce_3", "y": 90, "weight": 3 },
           { "model": "block/leaves/spruce_3", "y": 180, "weight": 3 },
           { "model": "block/leaves/spruce_3", "weight": 3 },
           { "model": "block/leaves/oak_1", "y": 270, "weight": 2 },
           { "model": "block/leaves/oak_1", "y": 90, "weight": 2 },
           { "model": "block/leaves/oak_1", "y": 180, "weight": 2 },
           { "model": "block/leaves/oak_1", "weight": 2 },
           { "model": "block/leaves/oak_2", "y": 270, "weight": 2 },
           { "model": "block/leaves/oak_2", "y": 90, "weight": 2 },
           { "model": "block/leaves/oak_2", "y": 180, "weight": 2 },
           { "model": "block/leaves/oak_2", "weight": 2 },
           { "model": "block/leaves/oak_3", "y": 270, "weight": 2 },
           { "model": "block/leaves/oak_3", "y": 90, "weight": 2 },
           { "model": "block/leaves/oak_3", "y": 180, "weight": 2 },
           { "model": "block/leaves/oak_3", "weight": 2 }

         ]
      },
      { "when": {"persistent": true},
        "apply": { "model": "block/leaves/spruce_placed" }
      }
    ]
}