{
    "variants": {
        "type=bottom": [
        	{ "model": "block/slab/stone_lower_1" },
        	{ "model": "block/slab/stone_lower_2" },
        	{ "model": "block/slab/stone_lower_3" },
        	{ "model": "block/slab/stone_lower_4" },
        	{ "model": "block/slab/stone_lower_5" },
        	{ "model": "block/slab/stone_lower_6" },
        	{ "model": "block/slab/stone_lower_7" },
        	{ "model": "block/slab/stone_lower_8" }
        ],
        "type=top": [
        	{ "model": "block/slab/stone_upper_1" },
        	{ "model": "block/slab/stone_upper_2" },
        	{ "model": "block/slab/stone_upper_3" },
        	{ "model": "block/slab/stone_upper_4" },
        	{ "model": "block/slab/stone_upper_5" },
        	{ "model": "block/slab/stone_upper_6" },
        	{ "model": "block/slab/stone_upper_6" },
        	{ "model": "block/slab/stone_upper_7" },
        	{ "model": "block/slab/stone_upper_8" }
        ],
        "type=double": [
        	{ "model": "block/stone/1" },
        	{ "model": "block/stone/2" },
        	{ "model": "block/stone/3" },
        	{ "model": "block/stone/4" },
        	{ "model": "block/stone/5" },
        	{ "model": "block/stone/6" },
        	{ "model": "block/stone/7" },
        	{ "model": "block/stone/8" }
        ]
    }
}
