{
    "variants": {
        "half=lower": [
          { "model": "block/grass/1_5" },
          { "model": "block/grass/2_5" },
          { "model": "block/grass/3_5" },
          { "model": "block/grass/4_5" },
          { "model": "block/grass/5_5" }
        ],
        "half=upper": [
          { "model": "block/tall_grass/top_1" },
          { "model": "block/tall_grass/top_2" },
          { "model": "block/tall_grass/top_3" },
          { "model": "block/tall_grass/top_4" }
        ]
    }
}
