{
    "variants": {
        "attached=false,facing=north,powered=false": { "model": "block/tripwire/hook" },
        "attached=false,facing=south,powered=false": { "model": "block/tripwire/hook", "y": 180 },
        "attached=false,facing=west,powered=false": { "model": "block/tripwire/hook", "y": 270 },
        "attached=false,facing=east,powered=false": { "model": "block/tripwire/hook", "y": 90 },
        "attached=true,facing=north,powered=false": { "model": "block/tripwire/hook_attached" },
        "attached=true,facing=south,powered=false": { "model": "block/tripwire/hook_attached", "y": 180 },
        "attached=true,facing=west,powered=false": { "model": "block/tripwire/hook_attached", "y": 270 },
        "attached=true,facing=east,powered=false": { "model": "block/tripwire/hook_attached", "y": 90 },
        "attached=false,facing=north,powered=true": { "model": "block/tripwire/hook_powered" },
        "attached=false,facing=south,powered=true": { "model": "block/tripwire/hook_powered", "y": 180 },
        "attached=false,facing=west,powered=true": { "model": "block/tripwire/hook_powered", "y": 270 },
        "attached=false,facing=east,powered=true": { "model": "block/tripwire/hook_powered", "y": 90 },
        "attached=true,facing=north,powered=true": { "model": "block/tripwire/hook_attached_powered" },
        "attached=true,facing=south,powered=true": { "model": "block/tripwire/hook_attached_powered", "y": 180 },
        "attached=true,facing=west,powered=true": { "model": "block/tripwire/hook_attached_powered", "y": 270 },
        "attached=true,facing=east,powered=true": { "model": "block/tripwire/hook_attached_powered", "y": 90 }
    }
}
