{
    "variants": {
        "": [
            { "model": "block/end_stone" },
            { "model": "block/end_stone", "x": 90 },
            { "model": "block/end_stone", "x": 180 },
            { "model": "block/end_stone", "x": 270 },
            { "model": "block/end_stone", "y": 90 },
            { "model": "block/end_stone", "y": 90, "x": 90 },
            { "model": "block/end_stone", "y": 90, "x": 180 },
            { "model": "block/end_stone", "y": 90, "x": 270 },
            { "model": "block/end_stone", "y": 180 },
            { "model": "block/end_stone", "y": 180, "x": 90 },
            { "model": "block/end_stone", "y": 180, "x": 180 },
            { "model": "block/end_stone", "y": 180, "x": 270 },
            { "model": "block/end_stone", "y": 270 },
            { "model": "block/end_stone", "y": 270, "x": 90 },
            { "model": "block/end_stone", "y": 270, "x": 180 },
            { "model": "block/end_stone", "y": 270, "x": 270 },
			{ "model": "block/end_stone_alt_reverse" },
            { "model": "block/end_stone_alt_reverse", "x": 90 },
            { "model": "block/end_stone_alt_reverse", "x": 180 },
            { "model": "block/end_stone_alt_reverse", "x": 270 },
            { "model": "block/end_stone_alt_reverse", "y": 90 },
            { "model": "block/end_stone_alt_reverse", "y": 90, "x": 90 },
            { "model": "block/end_stone_alt_reverse", "y": 90, "x": 180 },
            { "model": "block/end_stone_alt_reverse", "y": 90, "x": 270 },
            { "model": "block/end_stone_alt_reverse", "y": 180 },
            { "model": "block/end_stone_alt_reverse", "y": 180, "x": 90 },
            { "model": "block/end_stone_alt_reverse", "y": 180, "x": 180 },
            { "model": "block/end_stone_alt_reverse", "y": 180, "x": 270 },
            { "model": "block/end_stone_alt_reverse", "y": 270 },
            { "model": "block/end_stone_alt_reverse", "y": 270, "x": 90 },
            { "model": "block/end_stone_alt_reverse", "y": 270, "x": 180 },
            { "model": "block/end_stone_alt_reverse", "y": 270, "x": 270 }
        ]
    }
}
