{
    "variants": {
        "": [
            { "model": "block/grass_path" },
            { "model": "block/grass_path", "y": 90 },
            { "model": "block/grass_path", "y": 180 },
            { "model": "block/grass_path", "y": 270 },
			{ "model": "block/grass_path" },
            { "model": "block/grass_path", "y": 90 },
            { "model": "block/grass_path", "y": 180 },
            { "model": "block/grass_path", "y": 270 },
			{ "model": "block/grass_path" },
            { "model": "block/grass_path", "y": 90 },
            { "model": "block/grass_path", "y": 180 },
            { "model": "block/grass_path", "y": 270 },
			{ "model": "block/grass_path" },
            { "model": "block/grass_path", "y": 90 },
            { "model": "block/grass_path", "y": 180 },
            { "model": "block/grass_path", "y": 270 },
			{ "model": "block/grass_path" },
            { "model": "block/grass_path", "y": 90 },
            { "model": "block/grass_path", "y": 180 },
            { "model": "block/grass_path", "y": 270 },
			{ "model": "block/grass_path" },
            { "model": "block/grass_path", "y": 90 },
            { "model": "block/grass_path", "y": 180 },
            { "model": "block/grass_path", "y": 270 },
			{ "model": "block/grass_path_alt_light" },
            { "model": "block/grass_path_alt_light", "y": 90 },
            { "model": "block/grass_path_alt_light", "y": 180 },
            { "model": "block/grass_path_alt_light", "y": 270 },
			{ "model": "block/grass_path_alt_dark" },
            { "model": "block/grass_path_alt_dark", "y": 90 },
            { "model": "block/grass_path_alt_dark", "y": 180 },
            { "model": "block/grass_path_alt_dark", "y": 270 }
        ]
    }
}
