{
    "variants": {
        "snowy=false": [
            { "model": "block/mycelium" },
            { "model": "block/mycelium", "y": 90 },
            { "model": "block/mycelium", "y": 180 },
            { "model": "block/mycelium", "y": 270 },
			{ "model": "block/mycelium" },
            { "model": "block/mycelium", "y": 90 },
            { "model": "block/mycelium", "y": 180 },
            { "model": "block/mycelium", "y": 270 },
			{ "model": "block/mycelium" },
            { "model": "block/mycelium", "y": 90 },
            { "model": "block/mycelium", "y": 180 },
            { "model": "block/mycelium", "y": 270 },
			{ "model": "block/mycelium" },
            { "model": "block/mycelium", "y": 90 },
            { "model": "block/mycelium", "y": 180 },
            { "model": "block/mycelium", "y": 270 },
			{ "model": "block/mycelium" },
            { "model": "block/mycelium", "y": 90 },
            { "model": "block/mycelium", "y": 180 },
            { "model": "block/mycelium", "y": 270 },
			{ "model": "block/mycelium" },
            { "model": "block/mycelium", "y": 90 },
            { "model": "block/mycelium", "y": 180 },
            { "model": "block/mycelium", "y": 270 },
			{ "model": "block/mycelium_alt_light" },
            { "model": "block/mycelium_alt_light", "y": 90 },
            { "model": "block/mycelium_alt_light", "y": 180 },
            { "model": "block/mycelium_alt_light", "y": 270 },
			{ "model": "block/mycelium_alt_dark" },
            { "model": "block/mycelium_alt_dark", "y": 90 },
            { "model": "block/mycelium_alt_dark", "y": 180 },
            { "model": "block/mycelium_alt_dark", "y": 270 }
        ],
        "snowy=true": { "model": "block/grass_block_snow" }
    }
}
