{
    "variants": {
        "snowy=false": [
			{ "model": "block/podzol" },
            { "model": "block/podzol", "y": 90 },
            { "model": "block/podzol", "y": 180 },
            { "model": "block/podzol", "y": 270 },
			{ "model": "block/podzol" },
            { "model": "block/podzol", "y": 90 },
            { "model": "block/podzol", "y": 180 },
            { "model": "block/podzol", "y": 270 },
			{ "model": "block/podzol" },
            { "model": "block/podzol", "y": 90 },
            { "model": "block/podzol", "y": 180 },
            { "model": "block/podzol", "y": 270 },
			{ "model": "block/podzol" },
            { "model": "block/podzol", "y": 90 },
            { "model": "block/podzol", "y": 180 },
            { "model": "block/podzol", "y": 270 },
			{ "model": "block/podzol" },
            { "model": "block/podzol", "y": 90 },
            { "model": "block/podzol", "y": 180 },
            { "model": "block/podzol", "y": 270 },
			{ "model": "block/podzol" },
            { "model": "block/podzol", "y": 90 },
            { "model": "block/podzol", "y": 180 },
            { "model": "block/podzol", "y": 270 },
			{ "model": "block/podzol_alt_light" },
            { "model": "block/podzol_alt_light", "y": 90 },
            { "model": "block/podzol_alt_light", "y": 180 },
            { "model": "block/podzol_alt_light", "y": 270 },
			{ "model": "block/podzol_alt_dark" },
            { "model": "block/podzol_alt_dark", "y": 90 },
            { "model": "block/podzol_alt_dark", "y": 180 },
            { "model": "block/podzol_alt_dark", "y": 270 }
        ],
        "snowy=true": { "model": "block/grass_block_snow" }
    }
}
