{
	"credit": "Made with Blockbench",
	"ambientocclusion": false,
	"texture_size": [256, 256],
	"textures": {
		"0": "block/metalduct003a",
		"particle": "block/metalduct003a"
	},
	"elements": [
		{
			"from": [0, 0, -16],
			"to": [16, 10, 16],
			"rotation": {"angle": 0, "axis": "y", "origin": [8, 10, 0]},
			"faces": {
				"east": {"uv": [0, 0, 16, 8], "texture": "#0"},
				"west": {"uv": [0, 0, 16, 8], "texture": "#0"},
				"up": {"uv": [0, 0, 16, 8], "texture": "#0"},
				"down": {"uv": [0, 0, 16, 8], "texture": "#0"}
			}
		},
		{
			"name": "cube_outline",
			"from": [16, 10, 16],
			"to": [0, 0.025, -16],
			"rotation": {"angle": 0, "axis": "y", "origin": [8, 10, 0]},
			"faces": {
				"east": {"uv": [0, 0, 16, 8], "rotation": 180, "texture": "#0"},
				"west": {"uv": [0, 0, 16, 8], "rotation": 180, "texture": "#0"},
				"up": {"uv": [0, 0, 16, 8], "rotation": 180, "texture": "#0"},
				"down": {"uv": [0, 0, 16, 8], "rotation": 180, "texture": "#0"}
			}
		},
		{
			"name": "hexadecagon",
			"from": [13.44033, 10.025, 6.2],
			"to": [13.55967, 24, 6.8],
			"rotation": {"angle": 0, "axis": "y", "origin": [13.5, 13.0125, 6.5]},
			"faces": {
				"north": {"uv": [1, 8, 1.125, 16], "texture": "#0"},
				"south": {"uv": [2, 8, 2.125, 16], "texture": "#0"}
			}
		},
		{
			"name": "hexadecagon",
			"from": [13.2, 10.025, 6.44033],
			"to": [13.8, 24, 6.55967],
			"rotation": {"angle": 0, "axis": "y", "origin": [13.5, 13.0125, 6.5]},
			"faces": {
				"east": {"uv": [0.5, 8, 0.625, 16], "texture": "#0"},
				"west": {"uv": [1.5, 8, 1.625, 16], "texture": "#0"}
			}
		},
		{
			"name": "hexadecagon",
			"from": [13.44033, 10.025, 6.2],
			"to": [13.55967, 24, 6.8],
			"rotation": {"angle": 22.5, "axis": "y", "origin": [13.5, 13.0125, 6.5]},
			"faces": {
				"north": {"uv": [1.125, 8, 1.25, 16], "texture": "#0"},
				"south": {"uv": [0.125, 8, 0.25, 16], "texture": "#0"}
			}
		},
		{
			"name": "hexadecagon",
			"from": [13.2, 10.025, 6.44033],
			"to": [13.8, 24, 6.55967],
			"rotation": {"angle": 22.5, "axis": "y", "origin": [13.5, 13.0125, 6.5]},
			"faces": {
				"east": {"uv": [0.625, 8, 0.75, 16], "texture": "#0"},
				"west": {"uv": [1.625, 8, 1.75, 16], "texture": "#0"}
			}
		},
		{
			"name": "hexadecagon",
			"from": [13.44033, 10.025, 6.2],
			"to": [13.55967, 24, 6.8],
			"rotation": {"angle": 45, "axis": "y", "origin": [13.5, 13.0125, 6.5]},
			"faces": {
				"north": {"uv": [1.25, 8, 1.375, 16], "texture": "#0"},
				"south": {"uv": [0.25, 8, 0.375, 16], "texture": "#0"}
			}
		},
		{
			"name": "hexadecagon",
			"from": [13.2, 10.025, 6.44033],
			"to": [13.8, 24, 6.55967],
			"rotation": {"angle": 45, "axis": "y", "origin": [13.5, 13.0125, 6.5]},
			"faces": {
				"east": {"uv": [0.75, 8, 0.875, 16], "texture": "#0"},
				"west": {"uv": [1.75, 8, 1.875, 16], "texture": "#0"}
			}
		},
		{
			"name": "hexadecagon",
			"from": [13.2, 10.025, 6.44033],
			"to": [13.8, 24, 6.55967],
			"rotation": {"angle": -22.5, "axis": "y", "origin": [13.5, 13.0125, 6.5]},
			"faces": {
				"east": {"uv": [0.375, 8, 0.5, 16], "texture": "#0"},
				"west": {"uv": [1.375, 8, 1.5, 16], "texture": "#0"}
			}
		},
		{
			"name": "hexadecagon",
			"from": [13.44033, 10.025, 6.2],
			"to": [13.55967, 24, 6.8],
			"rotation": {"angle": -22.5, "axis": "y", "origin": [13.5, 13.0125, 6.5]},
			"faces": {
				"north": {"uv": [0.875, 8, 1, 16], "texture": "#0"},
				"south": {"uv": [1.875, 8, 2, 16], "texture": "#0"}
			}
		},
		{
			"name": "hexadecagon",
			"from": [2.44033, 10.025, 6.2],
			"to": [2.55967, 24, 6.8],
			"rotation": {"angle": 0, "axis": "y", "origin": [2.5, 13.0125, 6.5]},
			"faces": {
				"north": {"uv": [1, 8, 1.125, 16], "texture": "#0"},
				"south": {"uv": [2, 8, 2.125, 16], "texture": "#0"}
			}
		},
		{
			"name": "hexadecagon",
			"from": [2.2, 10.025, 6.44033],
			"to": [2.8, 24, 6.55967],
			"rotation": {"angle": 0, "axis": "y", "origin": [2.5, 13.0125, 6.5]},
			"faces": {
				"east": {"uv": [0.5, 8, 0.625, 16], "texture": "#0"},
				"west": {"uv": [1.5, 8, 1.625, 16], "texture": "#0"}
			}
		},
		{
			"name": "hexadecagon",
			"from": [2.44033, 10.025, 6.2],
			"to": [2.55967, 24, 6.8],
			"rotation": {"angle": 22.5, "axis": "y", "origin": [2.5, 13.0125, 6.5]},
			"faces": {
				"north": {"uv": [1.125, 8, 1.25, 16], "texture": "#0"},
				"south": {"uv": [0.125, 8, 0.25, 16], "texture": "#0"}
			}
		},
		{
			"name": "hexadecagon",
			"from": [2.2, 10.025, 6.44033],
			"to": [2.8, 24, 6.55967],
			"rotation": {"angle": 22.5, "axis": "y", "origin": [2.5, 13.0125, 6.5]},
			"faces": {
				"east": {"uv": [0.625, 8, 0.75, 16], "texture": "#0"},
				"west": {"uv": [1.625, 8, 1.75, 16], "texture": "#0"}
			}
		},
		{
			"name": "hexadecagon",
			"from": [2.44033, 10.025, 6.2],
			"to": [2.55967, 24, 6.8],
			"rotation": {"angle": 45, "axis": "y", "origin": [2.5, 13.0125, 6.5]},
			"faces": {
				"north": {"uv": [1.25, 8, 1.375, 16], "texture": "#0"},
				"south": {"uv": [0.25, 8, 0.375, 16], "texture": "#0"}
			}
		},
		{
			"name": "hexadecagon",
			"from": [2.2, 10.025, 6.44033],
			"to": [2.8, 24, 6.55967],
			"rotation": {"angle": 45, "axis": "y", "origin": [2.5, 13.0125, 6.5]},
			"faces": {
				"east": {"uv": [0.75, 8, 0.875, 16], "texture": "#0"},
				"west": {"uv": [1.75, 8, 1.875, 16], "texture": "#0"}
			}
		},
		{
			"name": "hexadecagon",
			"from": [2.2, 10.025, 6.44033],
			"to": [2.8, 24, 6.55967],
			"rotation": {"angle": -22.5, "axis": "y", "origin": [2.5, 13.0125, 6.5]},
			"faces": {
				"east": {"uv": [0.375, 8, 0.5, 16], "texture": "#0"},
				"west": {"uv": [1.375, 8, 1.5, 16], "texture": "#0"}
			}
		},
		{
			"name": "hexadecagon",
			"from": [2.44033, 10.025, 6.2],
			"to": [2.55967, 24, 6.8],
			"rotation": {"angle": -22.5, "axis": "y", "origin": [2.5, 13.0125, 6.5]},
			"faces": {
				"north": {"uv": [0.875, 8, 1, 16], "texture": "#0"},
				"south": {"uv": [1.875, 8, 2, 16], "texture": "#0"}
			}
		},
		{
			"name": "hexadecagon",
			"from": [2.44033, 10.025, -6.8],
			"to": [2.55967, 24, -6.2],
			"rotation": {"angle": 0, "axis": "y", "origin": [2.5, 13.0125, -6.5]},
			"faces": {
				"north": {"uv": [1, 8, 1.125, 16], "texture": "#0"},
				"south": {"uv": [2, 8, 2.125, 16], "texture": "#0"}
			}
		},
		{
			"name": "hexadecagon",
			"from": [2.2, 10.025, -6.55967],
			"to": [2.8, 24, -6.44033],
			"rotation": {"angle": 0, "axis": "y", "origin": [2.5, 13.0125, -6.5]},
			"faces": {
				"east": {"uv": [0.5, 8, 0.625, 16], "texture": "#0"},
				"west": {"uv": [1.5, 8, 1.625, 16], "texture": "#0"}
			}
		},
		{
			"name": "hexadecagon",
			"from": [2.44033, 10.025, -6.8],
			"to": [2.55967, 24, -6.2],
			"rotation": {"angle": 22.5, "axis": "y", "origin": [2.5, 13.0125, -6.5]},
			"faces": {
				"north": {"uv": [1.125, 8, 1.25, 16], "texture": "#0"},
				"south": {"uv": [0.125, 8, 0.25, 16], "texture": "#0"}
			}
		},
		{
			"name": "hexadecagon",
			"from": [2.2, 10.025, -6.55967],
			"to": [2.8, 24, -6.44033],
			"rotation": {"angle": 22.5, "axis": "y", "origin": [2.5, 13.0125, -6.5]},
			"faces": {
				"east": {"uv": [0.625, 8, 0.75, 16], "texture": "#0"},
				"west": {"uv": [1.625, 8, 1.75, 16], "texture": "#0"}
			}
		},
		{
			"name": "hexadecagon",
			"from": [2.44033, 10.025, -6.8],
			"to": [2.55967, 24, -6.2],
			"rotation": {"angle": 45, "axis": "y", "origin": [2.5, 13.0125, -6.5]},
			"faces": {
				"north": {"uv": [1.25, 8, 1.375, 16], "texture": "#0"},
				"south": {"uv": [0.25, 8, 0.375, 16], "texture": "#0"}
			}
		},
		{
			"name": "hexadecagon",
			"from": [2.2, 10.025, -6.55967],
			"to": [2.8, 24, -6.44033],
			"rotation": {"angle": 45, "axis": "y", "origin": [2.5, 13.0125, -6.5]},
			"faces": {
				"east": {"uv": [0.75, 8, 0.875, 16], "texture": "#0"},
				"west": {"uv": [1.75, 8, 1.875, 16], "texture": "#0"}
			}
		},
		{
			"name": "hexadecagon",
			"from": [2.2, 10.025, -6.55967],
			"to": [2.8, 24, -6.44033],
			"rotation": {"angle": -22.5, "axis": "y", "origin": [2.5, 13.0125, -6.5]},
			"faces": {
				"east": {"uv": [0.375, 8, 0.5, 16], "texture": "#0"},
				"west": {"uv": [1.375, 8, 1.5, 16], "texture": "#0"}
			}
		},
		{
			"name": "hexadecagon",
			"from": [2.44033, 10.025, -6.8],
			"to": [2.55967, 24, -6.2],
			"rotation": {"angle": -22.5, "axis": "y", "origin": [2.5, 13.0125, -6.5]},
			"faces": {
				"north": {"uv": [0.875, 8, 1, 16], "texture": "#0"},
				"south": {"uv": [1.875, 8, 2, 16], "texture": "#0"}
			}
		},
		{
			"name": "hexadecagon",
			"from": [13.44033, 10.025, -6.8],
			"to": [13.55967, 24, -6.2],
			"rotation": {"angle": 0, "axis": "y", "origin": [13.5, 13.0125, -6.5]},
			"faces": {
				"north": {"uv": [1, 8, 1.125, 16], "texture": "#0"},
				"south": {"uv": [2, 8, 2.125, 16], "texture": "#0"}
			}
		},
		{
			"name": "hexadecagon",
			"from": [13.2, 10.025, -6.55967],
			"to": [13.8, 24, -6.44033],
			"rotation": {"angle": 0, "axis": "y", "origin": [13.5, 13.0125, -6.5]},
			"faces": {
				"east": {"uv": [0.5, 8, 0.625, 16], "texture": "#0"},
				"west": {"uv": [1.5, 8, 1.625, 16], "texture": "#0"}
			}
		},
		{
			"name": "hexadecagon",
			"from": [13.44033, 10.025, -6.8],
			"to": [13.55967, 24, -6.2],
			"rotation": {"angle": 22.5, "axis": "y", "origin": [13.5, 13.0125, -6.5]},
			"faces": {
				"north": {"uv": [1.125, 8, 1.25, 16], "texture": "#0"},
				"south": {"uv": [0.125, 8, 0.25, 16], "texture": "#0"}
			}
		},
		{
			"name": "hexadecagon",
			"from": [13.2, 10.025, -6.55967],
			"to": [13.8, 24, -6.44033],
			"rotation": {"angle": 22.5, "axis": "y", "origin": [13.5, 13.0125, -6.5]},
			"faces": {
				"east": {"uv": [0.625, 8, 0.75, 16], "texture": "#0"},
				"west": {"uv": [1.625, 8, 1.75, 16], "texture": "#0"}
			}
		},
		{
			"name": "hexadecagon",
			"from": [13.44033, 10.025, -6.8],
			"to": [13.55967, 24, -6.2],
			"rotation": {"angle": 45, "axis": "y", "origin": [13.5, 13.0125, -6.5]},
			"faces": {
				"north": {"uv": [1.25, 8, 1.375, 16], "texture": "#0"},
				"south": {"uv": [0.25, 8, 0.375, 16], "texture": "#0"}
			}
		},
		{
			"name": "hexadecagon",
			"from": [13.2, 10.025, -6.55967],
			"to": [13.8, 24, -6.44033],
			"rotation": {"angle": 45, "axis": "y", "origin": [13.5, 13.0125, -6.5]},
			"faces": {
				"east": {"uv": [0.75, 8, 0.875, 16], "texture": "#0"},
				"west": {"uv": [1.75, 8, 1.875, 16], "texture": "#0"}
			}
		},
		{
			"name": "hexadecagon",
			"from": [13.2, 10.025, -6.55967],
			"to": [13.8, 24, -6.44033],
			"rotation": {"angle": -22.5, "axis": "y", "origin": [13.5, 13.0125, -6.5]},
			"faces": {
				"east": {"uv": [0.375, 8, 0.5, 16], "texture": "#0"},
				"west": {"uv": [1.375, 8, 1.5, 16], "texture": "#0"}
			}
		},
		{
			"name": "hexadecagon",
			"from": [13.44033, 10.025, -6.8],
			"to": [13.55967, 24, -6.2],
			"rotation": {"angle": -22.5, "axis": "y", "origin": [13.5, 13.0125, -6.5]},
			"faces": {
				"north": {"uv": [0.875, 8, 1, 16], "texture": "#0"},
				"south": {"uv": [1.875, 8, 2, 16], "texture": "#0"}
			}
		}
	],
	"groups": [0, 1,
		{
			"name": "hexadecagon",
			"origin": [8, 8, 8],
			"children": [2, 3, 4, 5, 6, 7, 8, 9]
		},
		{
			"name": "hexadecagon",
			"origin": [8, 8, 8],
			"children": [10, 11, 12, 13, 14, 15, 16, 17]
		},
		{
			"name": "hexadecagon",
			"origin": [8, 8, 8],
			"children": [18, 19, 20, 21, 22, 23, 24, 25]
		},
		{
			"name": "hexadecagon",
			"origin": [8, 8, 8],
			"children": [26, 27, 28, 29, 30, 31, 32, 33]
		}
	]
}