{
	"credit": "Made with Blockbench",
	"ambientocclusion": false,
	"textures": {
		"0": "block/awning001a",
		"particle": "block/awning001a"
	},
	"elements": [
		{
			"from": [-11.6, 8.44475, -4.74005],
			"to": [28.4, 8.44475, 0.25995],
			"shade": false,
			"rotation": {"angle": -22.5, "axis": "x", "origin": [8.4, 12.04471, 2.89092]},
			"faces": {
				"up": {"uv": [3.751, 5.594, 11.999, 6.751], "rotation": 180, "texture": "#0"},
				"down": {"uv": [3.751, 5.594, 11.999, 6.751], "rotation": 180, "texture": "#0"}
			}
		},
		{
			"from": [-11.6, 2.50151, -2.94772],
			"to": [28.4, 5.55115, -2.94728],
			"shade": false,
			"rotation": {"angle": 0, "axis": "x", "origin": [12.4, -6.49849, -2.94728]},
			"faces": {
				"north": {"uv": [3.75, 7.688, 12, 8], "texture": "#0"},
				"south": {"uv": [3.75, 7.688, 12, 8], "texture": "#0"}
			}
		},
		{
			"from": [-11.6, 6.8374, 6.608],
			"to": [28.4, 15.8374, 6.608],
			"shade": false,
			"rotation": {"angle": 45, "axis": "x", "origin": [8.4, 13.03394, 5.27912]},
			"faces": {
				"north": {"uv": [3.751, 4.125, 12, 5.594], "texture": "#0"},
				"south": {"uv": [3.751, 4.125, 12, 5.594], "texture": "#0"}
			}
		},
		{
			"from": [-11.6, 15.11546, 7.57968],
			"to": [28.4, 31.0446, 7.57968],
			"shade": false,
			"rotation": {"angle": 22.5, "axis": "x", "origin": [8.4, 13.03394, 5.27912]},
			"faces": {
				"north": {"uv": [3.751, 1.5, 12.001, 4.126], "texture": "#0"},
				"south": {"uv": [3.751, 1.5, 12.001, 4.126], "texture": "#0"}
			}
		},
		{
			"from": [-11.6, 28.34901, 14.43904],
			"to": [28.4, 29.1124, 14.58988],
			"shade": false,
			"rotation": {"angle": -45, "axis": "x", "origin": [8.4, 28.77841, 14.75382]},
			"faces": {
				"up": {"uv": [3.75, 1.675, 11.998, 1.677], "rotation": 180, "texture": "#0"},
				"down": {"uv": [3.75, 1.675, 11.998, 1.677], "texture": "#0"}
			}
		},
		{
			"from": [-11.6, 28.19373, 14.54288],
			"to": [28.4, 28.95712, 14.69373],
			"shade": false,
			"rotation": {"angle": -22.5, "axis": "x", "origin": [8.4, 28.57542, 14.6183]},
			"faces": {
				"up": {"uv": [3.75, 1.675, 11.998, 1.677], "rotation": 180, "texture": "#0"},
				"down": {"uv": [3.75, 1.675, 11.998, 1.677], "texture": "#0"}
			}
		},
		{
			"from": [-11.6, 28.19373, 14.54288],
			"to": [28.4, 28.95712, 14.69373],
			"shade": false,
			"rotation": {"angle": 0, "axis": "x", "origin": [8.4, 28.57542, 14.6183]},
			"faces": {
				"up": {"uv": [3.75, 1.675, 11.998, 1.677], "rotation": 180, "texture": "#0"},
				"down": {"uv": [3.75, 1.675, 11.998, 1.677], "texture": "#0"}
			}
		},
		{
			"from": [-11.6, 28.19373, 14.54288],
			"to": [28.4, 28.95712, 14.69373],
			"shade": false,
			"rotation": {"angle": 22.5, "axis": "x", "origin": [8.4, 28.57542, 14.6183]},
			"faces": {
				"up": {"uv": [3.75, 1.675, 11.998, 1.677], "rotation": 180, "texture": "#0"},
				"down": {"uv": [3.75, 1.675, 11.998, 1.677], "texture": "#0"}
			}
		},
		{
			"from": [-11.6, 28.19373, 14.54288],
			"to": [28.4, 28.95712, 14.69373],
			"shade": false,
			"rotation": {"angle": 45, "axis": "x", "origin": [8.4, 28.57542, 14.6183]},
			"faces": {
				"up": {"uv": [3.75, 1.675, 11.998, 1.677], "rotation": 180, "texture": "#0"},
				"down": {"uv": [3.75, 1.675, 11.998, 1.677], "texture": "#0"}
			}
		},
		{
			"from": [-11.6, 28.5, 14.23661],
			"to": [28.4, 28.65085, 15],
			"shade": false,
			"rotation": {"angle": -22.5, "axis": "x", "origin": [8.4, 28.57542, 14.6183]},
			"faces": {
				"north": {"uv": [3.75, 1.675, 11.998, 1.677], "rotation": 180, "texture": "#0"},
				"south": {"uv": [3.75, 1.675, 11.998, 1.677], "rotation": 180, "texture": "#0"}
			}
		},
		{
			"from": [-11.6, 28.5, 14.23661],
			"to": [28.4, 28.65085, 15],
			"shade": false,
			"rotation": {"angle": 0, "axis": "x", "origin": [8.4, 28.57542, 14.6183]},
			"faces": {
				"south": {"uv": [3.75, 1.675, 11.998, 1.677], "rotation": 180, "texture": "#0"}
			}
		},
		{
			"from": [-11.6, 28.5, 14.23661],
			"to": [28.4, 28.65085, 15],
			"shade": false,
			"rotation": {"angle": 22.5, "axis": "x", "origin": [8.4, 28.57542, 14.6183]},
			"faces": {
				"south": {"uv": [3.75, 1.675, 11.998, 1.677], "rotation": 180, "texture": "#0"}
			}
		},
		{
			"from": [-12.85, 28.19373, 14.54288],
			"to": [-11.6, 28.95712, 14.69373],
			"shade": false,
			"rotation": {"angle": -45, "axis": "x", "origin": [-12.225, 28.57542, 14.6183]},
			"faces": {
				"up": {"uv": [1.407, 0.313, 2.62525, 0.3765], "rotation": 180, "texture": "#0"},
				"down": {"uv": [1.407, 0.313, 2.62525, 0.3765], "rotation": 180, "texture": "#0"}
			}
		},
		{
			"from": [-12.85, 28.5, 14.23661],
			"to": [-11.6, 28.65085, 15],
			"shade": false,
			"rotation": {"angle": -45, "axis": "x", "origin": [-12.225, 28.57542, 14.6183]},
			"faces": {
				"north": {"uv": [1.407, 0.313, 2.62525, 0.3765], "texture": "#0"},
				"south": {"uv": [1.407, 0.313, 2.62525, 0.3765], "rotation": 180, "texture": "#0"}
			}
		},
		{
			"from": [-12.85, 28.5, 14.23661],
			"to": [-11.6, 28.65085, 15],
			"shade": false,
			"rotation": {"angle": 0, "axis": "x", "origin": [-12.225, 28.57542, 14.6183]},
			"faces": {
				"north": {"uv": [1.407, 0.313, 2.62525, 0.3765], "texture": "#0"},
				"south": {"uv": [1.407, 0.313, 2.62525, 0.3765], "rotation": 180, "texture": "#0"}
			}
		},
		{
			"from": [-12.85, 28.19373, 14.54288],
			"to": [-11.6, 28.95712, 14.69373],
			"shade": false,
			"rotation": {"angle": 0, "axis": "x", "origin": [-12.225, 28.57542, 14.6183]},
			"faces": {
				"up": {"uv": [1.407, 0.313, 2.62525, 0.3765], "rotation": 180, "texture": "#0"},
				"down": {"uv": [1.407, 0.313, 2.62525, 0.3765], "rotation": 180, "texture": "#0"}
			}
		},
		{
			"from": [-12.85, 28.5, 14.23661],
			"to": [-11.6, 28.65085, 15],
			"shade": false,
			"rotation": {"angle": 22.5, "axis": "x", "origin": [-12.225, 28.57542, 14.6183]},
			"faces": {
				"north": {"uv": [1.407, 0.313, 2.62525, 0.3765], "texture": "#0"},
				"south": {"uv": [1.407, 0.313, 2.62525, 0.3765], "rotation": 180, "texture": "#0"}
			}
		},
		{
			"from": [-12.85, 28.19373, 14.54288],
			"to": [-11.6, 28.95712, 14.69373],
			"shade": false,
			"rotation": {"angle": 22.5, "axis": "x", "origin": [-12.225, 28.57542, 14.6183]},
			"faces": {
				"up": {"uv": [1.407, 0.313, 2.62525, 0.3765], "rotation": 180, "texture": "#0"},
				"down": {"uv": [1.407, 0.313, 2.62525, 0.3765], "rotation": 180, "texture": "#0"}
			}
		},
		{
			"from": [-12.85, 28.5, 14.23661],
			"to": [-11.6, 28.65085, 15],
			"shade": false,
			"rotation": {"angle": -22.5, "axis": "x", "origin": [-12.225, 28.57542, 14.6183]},
			"faces": {
				"north": {"uv": [1.407, 0.313, 2.62525, 0.3765], "texture": "#0"},
				"south": {"uv": [1.407, 0.313, 2.62525, 0.3765], "rotation": 180, "texture": "#0"}
			}
		},
		{
			"from": [-12.85, 28.19373, 14.54288],
			"to": [-11.6, 28.95712, 14.69373],
			"shade": false,
			"rotation": {"angle": -22.5, "axis": "x", "origin": [-12.225, 28.57542, 14.6183]},
			"faces": {
				"up": {"uv": [1.407, 0.313, 2.62525, 0.3765], "rotation": 180, "texture": "#0"},
				"down": {"uv": [1.407, 0.313, 2.62525, 0.3765], "rotation": 180, "texture": "#0"}
			}
		},
		{
			"from": [-12.85, 27.9, 14.23661],
			"to": [-12.85, 29.15085, 16],
			"shade": false,
			"rotation": {"angle": 0, "axis": "x", "origin": [29.025, 28.57542, 14.6183]},
			"faces": {
				"east": {"uv": [9.999, 0.157, 8.875, 0.969], "texture": "#0"},
				"west": {"uv": [8.875, 0.157, 9.999, 0.969], "texture": "#0"}
			}
		},
		{
			"from": [28.4, 28.5, 14.23661],
			"to": [29.65, 28.65085, 15],
			"shade": false,
			"rotation": {"angle": 0, "axis": "x", "origin": [29.025, 28.57542, 14.6183]},
			"faces": {
				"north": {"uv": [2.62525, 0.313, 1.407, 0.3765], "texture": "#0"},
				"south": {"uv": [2.62525, 0.313, 1.407, 0.3765], "texture": "#0"}
			}
		},
		{
			"from": [29.65, 27.9, 14.23661],
			"to": [29.65, 29.15085, 16],
			"shade": false,
			"rotation": {"angle": 0, "axis": "x", "origin": [29.025, 28.57542, 14.6183]},
			"faces": {
				"east": {"uv": [9.999, 0.157, 8.875, 0.969], "texture": "#0"},
				"west": {"uv": [8.875, 0.157, 9.999, 0.969], "texture": "#0"}
			}
		},
		{
			"from": [28.4, 28.19373, 14.54288],
			"to": [29.65, 28.95712, 14.69373],
			"shade": false,
			"rotation": {"angle": 0, "axis": "x", "origin": [29.025, 28.57542, 14.6183]},
			"faces": {
				"up": {"uv": [2.62525, 0.313, 1.407, 0.3765], "rotation": 180, "texture": "#0"},
				"down": {"uv": [2.62525, 0.313, 1.407, 0.3765], "texture": "#0"}
			}
		},
		{
			"from": [28.4, 28.5, 14.23661],
			"to": [29.65, 28.65085, 15],
			"shade": false,
			"rotation": {"angle": 45, "axis": "x", "origin": [29.025, 28.57542, 14.6183]},
			"faces": {
				"north": {"uv": [2.62525, 0.313, 1.407, 0.3765], "texture": "#0"},
				"south": {"uv": [2.62525, 0.313, 1.407, 0.3765], "texture": "#0"}
			}
		},
		{
			"from": [28.4, 28.5, 14.23661],
			"to": [29.65, 28.65085, 15],
			"shade": false,
			"rotation": {"angle": -45, "axis": "x", "origin": [29.025, 28.57542, 14.6183]},
			"faces": {
				"north": {"uv": [2.62525, 0.313, 1.407, 0.3765], "rotation": 180, "texture": "#0"},
				"south": {"uv": [2.62525, 0.313, 1.407, 0.3765], "rotation": 180, "texture": "#0"}
			}
		},
		{
			"from": [28.4, 28.5, 14.23661],
			"to": [29.65, 28.65085, 15],
			"shade": false,
			"rotation": {"angle": -22.5, "axis": "x", "origin": [29.025, 28.57542, 14.6183]},
			"faces": {
				"north": {"uv": [2.62525, 0.313, 1.407, 0.3765], "texture": "#0"},
				"south": {"uv": [2.62525, 0.313, 1.407, 0.3765], "texture": "#0"}
			}
		},
		{
			"from": [28.4, 28.19373, 14.54288],
			"to": [29.65, 28.95712, 14.69373],
			"shade": false,
			"rotation": {"angle": -22.5, "axis": "x", "origin": [29.025, 28.57542, 14.6183]},
			"faces": {
				"up": {"uv": [2.62525, 0.313, 1.407, 0.3765], "rotation": 180, "texture": "#0"},
				"down": {"uv": [2.62525, 0.313, 1.407, 0.3765], "texture": "#0"}
			}
		},
		{
			"from": [28.4, 28.5, 14.23661],
			"to": [29.65, 28.65085, 15],
			"shade": false,
			"rotation": {"angle": 22.5, "axis": "x", "origin": [29.025, 28.57542, 14.6183]},
			"faces": {
				"north": {"uv": [2.62525, 0.313, 1.407, 0.3765], "texture": "#0"},
				"south": {"uv": [2.62525, 0.313, 1.407, 0.3765], "texture": "#0"}
			}
		},
		{
			"from": [28.4, 28.19373, 14.54288],
			"to": [29.65, 28.95712, 14.69373],
			"shade": false,
			"rotation": {"angle": 22.5, "axis": "x", "origin": [29.025, 28.57542, 14.6183]},
			"faces": {
				"up": {"uv": [2.62525, 0.313, 1.407, 0.3765], "rotation": 180, "texture": "#0"},
				"down": {"uv": [2.62525, 0.313, 1.407, 0.3765], "texture": "#0"}
			}
		},
		{
			"from": [-11.6, 5.39934, -2.94747],
			"to": [28.4, 5.55019, -2.18408],
			"shade": false,
			"rotation": {"angle": 45, "axis": "x", "origin": [8.4, 5.47476, -2.56578]},
			"faces": {
				"north": {"uv": [3.75, 6.70625, 11.998, 6.70825], "rotation": 180, "texture": "#0"},
				"south": {"uv": [1.407, 0.313, 6.282, 0.34525], "rotation": 180, "texture": "#0"}
			}
		},
		{
			"from": [-11.6, 5.09307, -2.6412],
			"to": [28.4, 5.85646, -2.49036],
			"shade": false,
			"rotation": {"angle": 45, "axis": "x", "origin": [8.4, 5.47476, -2.56578]},
			"faces": {
				"up": {"uv": [1.407, 0.313, 6.282, 0.34525], "rotation": 180, "texture": "#0"},
				"down": {"uv": [1.407, 0.313, 6.282, 0.34525], "rotation": 180, "texture": "#0"}
			}
		},
		{
			"from": [-11.6, 5.39934, -2.94747],
			"to": [28.4, 5.55019, -2.18408],
			"shade": false,
			"rotation": {"angle": 22.5, "axis": "x", "origin": [8.4, 5.47476, -2.56578]},
			"faces": {
				"north": {"uv": [3.75, 6.70625, 11.998, 6.70825], "rotation": 180, "texture": "#0"},
				"south": {"uv": [1.407, 0.313, 6.282, 0.34525], "rotation": 180, "texture": "#0"}
			}
		},
		{
			"from": [-11.6, 5.09307, -2.6412],
			"to": [28.4, 5.85646, -2.49036],
			"shade": false,
			"rotation": {"angle": 22.5, "axis": "x", "origin": [8.4, 5.47476, -2.56578]},
			"faces": {
				"up": {"uv": [1.407, 0.313, 6.282, 0.34525], "rotation": 180, "texture": "#0"},
				"down": {"uv": [1.407, 0.313, 6.282, 0.34525], "rotation": 180, "texture": "#0"}
			}
		},
		{
			"from": [-11.6, 5.39934, -2.94747],
			"to": [28.4, 5.55019, -2.18408],
			"shade": false,
			"rotation": {"angle": 0, "axis": "x", "origin": [8.4, 5.47476, -2.56578]},
			"faces": {
				"south": {"uv": [1.407, 0.313, 6.282, 0.34525], "rotation": 180, "texture": "#0"}
			}
		},
		{
			"from": [-11.6, 5.09307, -2.6412],
			"to": [28.4, 5.85646, -2.49036],
			"shade": false,
			"rotation": {"angle": 0, "axis": "x", "origin": [8.4, 5.47476, -2.56578]},
			"faces": {
				"up": {"uv": [1.407, 0.313, 6.282, 0.34525], "rotation": 180, "texture": "#0"},
				"down": {"uv": [1.407, 0.313, 6.282, 0.34525], "rotation": 180, "texture": "#0"}
			}
		},
		{
			"from": [-11.6, 5.39934, -2.94747],
			"to": [28.4, 5.55019, -2.18408],
			"shade": false,
			"rotation": {"angle": -22.5, "axis": "x", "origin": [8.4, 5.47476, -2.56578]},
			"faces": {
				"south": {"uv": [1.407, 0.313, 6.282, 0.34525], "rotation": 180, "texture": "#0"}
			}
		},
		{
			"from": [-11.6, 5.09307, -2.6412],
			"to": [28.4, 5.85646, -2.49036],
			"shade": false,
			"rotation": {"angle": -22.5, "axis": "x", "origin": [8.4, 5.47476, -2.56578]},
			"faces": {
				"down": {"uv": [1.407, 0.313, 6.282, 0.34525], "rotation": 180, "texture": "#0"}
			}
		},
		{
			"from": [-11.8, 5.09373, -2.65712],
			"to": [-11.6, 5.85712, -2.50627],
			"shade": false,
			"rotation": {"angle": -45, "axis": "x", "origin": [-12.225, 5.47542, -2.5817]},
			"faces": {
				"up": {"uv": [1.407, 0.313, 2.62525, 0.3765], "rotation": 180, "texture": "#0"},
				"down": {"uv": [1.407, 0.313, 2.62525, 0.3765], "rotation": 180, "texture": "#0"}
			}
		},
		{
			"from": [-11.8, 5.4, -2.96339],
			"to": [-11.6, 5.55085, -2.2],
			"shade": false,
			"rotation": {"angle": -45, "axis": "x", "origin": [-12.225, 5.47542, -2.5817]},
			"faces": {
				"north": {"uv": [1.407, 0.313, 2.62525, 0.3765], "texture": "#0"},
				"south": {"uv": [1.407, 0.313, 2.62525, 0.3765], "rotation": 180, "texture": "#0"}
			}
		},
		{
			"from": [-11.8, 5.4, -2.96339],
			"to": [-11.6, 5.55085, -2.2],
			"shade": false,
			"rotation": {"angle": 0, "axis": "x", "origin": [-12.225, 5.47542, -2.5817]},
			"faces": {
				"north": {"uv": [1.407, 0.313, 2.62525, 0.3765], "texture": "#0"},
				"south": {"uv": [1.407, 0.313, 2.62525, 0.3765], "rotation": 180, "texture": "#0"}
			}
		},
		{
			"from": [-11.8, 5.09373, -2.65712],
			"to": [-11.6, 5.85712, -2.50627],
			"shade": false,
			"rotation": {"angle": 0, "axis": "x", "origin": [-12.225, 5.47542, -2.5817]},
			"faces": {
				"up": {"uv": [1.407, 0.313, 2.62525, 0.3765], "rotation": 180, "texture": "#0"},
				"down": {"uv": [1.407, 0.313, 2.62525, 0.3765], "rotation": 180, "texture": "#0"}
			}
		},
		{
			"from": [-11.8, 5.4, -2.96339],
			"to": [-11.6, 5.55085, -2.2],
			"shade": false,
			"rotation": {"angle": 22.5, "axis": "x", "origin": [-12.225, 5.47542, -2.5817]},
			"faces": {
				"north": {"uv": [1.407, 0.313, 2.62525, 0.3765], "texture": "#0"},
				"south": {"uv": [1.407, 0.313, 2.62525, 0.3765], "rotation": 180, "texture": "#0"}
			}
		},
		{
			"from": [-11.8, 5.09373, -2.65712],
			"to": [-11.6, 5.85712, -2.50627],
			"shade": false,
			"rotation": {"angle": 22.5, "axis": "x", "origin": [-12.225, 5.47542, -2.5817]},
			"faces": {
				"up": {"uv": [1.407, 0.313, 2.62525, 0.3765], "rotation": 180, "texture": "#0"},
				"down": {"uv": [1.407, 0.313, 2.62525, 0.3765], "rotation": 180, "texture": "#0"}
			}
		},
		{
			"from": [-11.8, 5.4, -2.96339],
			"to": [-11.6, 5.55085, -2.2],
			"shade": false,
			"rotation": {"angle": -22.5, "axis": "x", "origin": [-12.225, 5.47542, -2.5817]},
			"faces": {
				"north": {"uv": [1.407, 0.313, 2.62525, 0.3765], "texture": "#0"},
				"south": {"uv": [1.407, 0.313, 2.62525, 0.3765], "rotation": 180, "texture": "#0"}
			}
		},
		{
			"from": [-11.8, 5.09373, -2.65712],
			"to": [-11.6, 5.85712, -2.50627],
			"shade": false,
			"rotation": {"angle": -22.5, "axis": "x", "origin": [-12.225, 5.47542, -2.5817]},
			"faces": {
				"up": {"uv": [1.407, 0.313, 2.62525, 0.3765], "rotation": 180, "texture": "#0"},
				"down": {"uv": [1.407, 0.313, 2.62525, 0.3765], "rotation": 180, "texture": "#0"}
			}
		},
		{
			"from": [-12, 5, 14.53661],
			"to": [-11.8, 5.95085, 16],
			"shade": false,
			"rotation": {"angle": 0, "axis": "x", "origin": [-12.1, 5.47542, 8.7183]},
			"faces": {
				"north": {"uv": [4.756, 0.313, 4.157, 0.951], "texture": "#0"},
				"east": {"uv": [4.756, 0.313, 4.157, 0.951], "texture": "#0"},
				"west": {"uv": [4.756, 0.313, 4.157, 0.951], "texture": "#0"},
				"up": {"uv": [4.756, 0.313, 4.157, 0.951], "texture": "#0"},
				"down": {"uv": [4.756, 0.313, 4.157, 0.951], "texture": "#0"}
			}
		},
		{
			"from": [-12.2, 5.3, -2.26339],
			"to": [-12, 5.65085, 16.1],
			"shade": false,
			"rotation": {"angle": 0, "axis": "x", "origin": [-12.1, 5.47542, 8.7183]},
			"faces": {
				"east": {"uv": [1.157, 0.282, 6.255, 0.514], "texture": "#0"},
				"west": {"uv": [1.157, 0.282, 6.255, 0.514], "texture": "#0"},
				"up": {"uv": [1.157, 0.514, 6.255, 0.282], "rotation": 270, "texture": "#0"},
				"down": {"uv": [1.157, 0.514, 6.255, 0.282], "rotation": 270, "texture": "#0"}
			}
		},
		{
			"from": [-12.4, 5, 14.53661],
			"to": [-12.2, 5.95085, 16],
			"shade": false,
			"rotation": {"angle": 0, "axis": "x", "origin": [-12.1, 5.47542, 8.7183]},
			"faces": {
				"north": {"uv": [4.756, 0.313, 4.157, 0.951], "texture": "#0"},
				"east": {"uv": [4.756, 0.313, 4.157, 0.951], "texture": "#0"},
				"west": {"uv": [4.756, 0.313, 4.157, 0.951], "texture": "#0"},
				"up": {"uv": [4.756, 0.313, 4.157, 0.951], "texture": "#0"},
				"down": {"uv": [4.756, 0.313, 4.157, 0.951], "texture": "#0"}
			}
		},
		{
			"from": [-12.4, 5, -2.96339],
			"to": [-11.8, 5.95085, -2.2],
			"shade": false,
			"rotation": {"angle": 0, "axis": "x", "origin": [-12.1, 5.47542, 8.7183]},
			"faces": {
				"north": {"uv": [4.756, 0.313, 4.157, 0.951], "texture": "#0"},
				"east": {"uv": [4.756, 0.313, 4.157, 0.951], "texture": "#0"},
				"south": {"uv": [4.756, 0.313, 4.157, 0.951], "texture": "#0"},
				"west": {"uv": [4.756, 0.313, 4.157, 0.951], "texture": "#0"},
				"up": {"uv": [4.756, 0.313, 4.157, 0.951], "texture": "#0"},
				"down": {"uv": [4.756, 0.313, 4.157, 0.951], "texture": "#0"}
			}
		},
		{
			"from": [28.4, 5.4, -2.96339],
			"to": [28.6, 5.55085, -2.2],
			"shade": false,
			"rotation": {"angle": 0, "axis": "x", "origin": [29.025, 5.47542, -2.5817]},
			"faces": {
				"north": {"uv": [2.62525, 0.313, 1.407, 0.3765], "texture": "#0"},
				"south": {"uv": [2.62525, 0.313, 1.407, 0.3765], "texture": "#0"}
			}
		},
		{
			"from": [28.6, 5, -2.96339],
			"to": [29.2, 5.95085, -2.2],
			"shade": false,
			"rotation": {"angle": 0, "axis": "x", "origin": [28.9, 5.47542, -2.5817]},
			"faces": {
				"north": {"uv": [4.756, 0.313, 4.157, 0.951], "texture": "#0"},
				"east": {"uv": [4.756, 0.313, 4.157, 0.951], "texture": "#0"},
				"south": {"uv": [4.756, 0.313, 4.157, 0.951], "texture": "#0"},
				"west": {"uv": [4.756, 0.313, 4.157, 0.951], "texture": "#0"},
				"up": {"uv": [4.756, 0.313, 4.157, 0.951], "texture": "#0"},
				"down": {"uv": [4.756, 0.313, 4.157, 0.951], "texture": "#0"}
			}
		},
		{
			"from": [29, 5, 14.53661],
			"to": [29.2, 5.95085, 16],
			"shade": false,
			"rotation": {"angle": 0, "axis": "x", "origin": [28.9, 5.47542, -2.5817]},
			"faces": {
				"north": {"uv": [4.756, 0.313, 4.157, 0.951], "texture": "#0"},
				"east": {"uv": [4.756, 0.313, 4.157, 0.951], "texture": "#0"},
				"west": {"uv": [4.756, 0.313, 4.157, 0.951], "texture": "#0"},
				"up": {"uv": [4.756, 0.313, 4.157, 0.951], "texture": "#0"},
				"down": {"uv": [4.756, 0.313, 4.157, 0.951], "texture": "#0"}
			}
		},
		{
			"from": [28.6, 5, 14.53661],
			"to": [28.8, 5.95085, 16],
			"shade": false,
			"rotation": {"angle": 0, "axis": "x", "origin": [28.9, 5.47542, -2.5817]},
			"faces": {
				"north": {"uv": [4.756, 0.313, 4.157, 0.951], "texture": "#0"},
				"east": {"uv": [4.756, 0.313, 4.157, 0.951], "texture": "#0"},
				"west": {"uv": [4.756, 0.313, 4.157, 0.951], "texture": "#0"},
				"up": {"uv": [4.756, 0.313, 4.157, 0.951], "texture": "#0"},
				"down": {"uv": [4.756, 0.313, 4.157, 0.951], "texture": "#0"}
			}
		},
		{
			"from": [28.8, 5.3, -2.26339],
			"to": [29, 5.65085, 16.1],
			"shade": false,
			"rotation": {"angle": 0, "axis": "x", "origin": [28.9, 5.47542, -2.5817]},
			"faces": {
				"east": {"uv": [1.157, 0.282, 6.255, 0.514], "texture": "#0"},
				"west": {"uv": [1.157, 0.282, 6.255, 0.514], "texture": "#0"},
				"up": {"uv": [1.157, 0.514, 6.255, 0.282], "rotation": 270, "texture": "#0"},
				"down": {"uv": [1.157, 0.514, 6.255, 0.282], "rotation": 270, "texture": "#0"}
			}
		},
		{
			"from": [28.4, 5.09373, -2.65712],
			"to": [28.6, 5.85712, -2.50627],
			"shade": false,
			"rotation": {"angle": 0, "axis": "x", "origin": [29.025, 5.47542, -2.5817]},
			"faces": {
				"up": {"uv": [2.62525, 0.313, 1.407, 0.3765], "rotation": 180, "texture": "#0"},
				"down": {"uv": [2.62525, 0.313, 1.407, 0.3765], "texture": "#0"}
			}
		},
		{
			"from": [28.4, 5.4, -2.96339],
			"to": [28.6, 5.55085, -2.2],
			"shade": false,
			"rotation": {"angle": 45, "axis": "x", "origin": [29.025, 5.47542, -2.5817]},
			"faces": {
				"north": {"uv": [2.62525, 0.313, 1.407, 0.3765], "texture": "#0"},
				"south": {"uv": [2.62525, 0.313, 1.407, 0.3765], "texture": "#0"}
			}
		},
		{
			"from": [28.4, 5.4, -2.96339],
			"to": [28.6, 5.55085, -2.2],
			"shade": false,
			"rotation": {"angle": -45, "axis": "x", "origin": [29.025, 5.47542, -2.5817]},
			"faces": {
				"north": {"uv": [2.62525, 0.313, 1.407, 0.3765], "rotation": 180, "texture": "#0"},
				"south": {"uv": [2.62525, 0.313, 1.407, 0.3765], "rotation": 180, "texture": "#0"}
			}
		},
		{
			"from": [28.4, 5.4, -2.96339],
			"to": [28.6, 5.55085, -2.2],
			"shade": false,
			"rotation": {"angle": -22.5, "axis": "x", "origin": [29.025, 5.47542, -2.5817]},
			"faces": {
				"north": {"uv": [2.62525, 0.313, 1.407, 0.3765], "texture": "#0"},
				"south": {"uv": [2.62525, 0.313, 1.407, 0.3765], "texture": "#0"}
			}
		},
		{
			"from": [28.4, 5.09373, -2.65712],
			"to": [28.6, 5.85712, -2.50627],
			"shade": false,
			"rotation": {"angle": -22.5, "axis": "x", "origin": [29.025, 5.47542, -2.5817]},
			"faces": {
				"up": {"uv": [2.62525, 0.313, 1.407, 0.3765], "rotation": 180, "texture": "#0"},
				"down": {"uv": [2.62525, 0.313, 1.407, 0.3765], "texture": "#0"}
			}
		},
		{
			"from": [28.4, 5.4, -2.96339],
			"to": [28.6, 5.55085, -2.2],
			"shade": false,
			"rotation": {"angle": 22.5, "axis": "x", "origin": [29.025, 5.47542, -2.5817]},
			"faces": {
				"north": {"uv": [2.62525, 0.313, 1.407, 0.3765], "texture": "#0"},
				"south": {"uv": [2.62525, 0.313, 1.407, 0.3765], "texture": "#0"}
			}
		},
		{
			"from": [28.4, 5.09373, -2.65712],
			"to": [28.6, 5.85712, -2.50627],
			"shade": false,
			"rotation": {"angle": 22.5, "axis": "x", "origin": [29.025, 5.47542, -2.5817]},
			"faces": {
				"up": {"uv": [2.62525, 0.313, 1.407, 0.3765], "rotation": 180, "texture": "#0"},
				"down": {"uv": [2.62525, 0.313, 1.407, 0.3765], "texture": "#0"}
			}
		}
	],
	"gui_light": "front",
	"display": {
		"thirdperson_righthand": {
			"scale": [0.25, 0.25, 0.25]
		},
		"thirdperson_lefthand": {
			"scale": [0.25, 0.25, 0.25]
		},
		"firstperson_righthand": {
			"rotation": [0, 97, 0],
			"translation": [5.25, 0, 0.25],
			"scale": [0.58594, 0.58594, 0.58594]
		},
		"firstperson_lefthand": {
			"rotation": [0, 97, 0],
			"translation": [5.25, 0, 0.25],
			"scale": [0.58594, 0.58594, 0.58594]
		},
		"ground": {
			"translation": [0, 3, 0],
			"scale": [0.3, 0.3, 0.3]
		},
		"gui": {
			"rotation": [30, -135, 0],
			"translation": [-0.25, -2.5, 0],
			"scale": [0.39063, 0.39063, 0.39063]
		},
		"fixed": {
			"translation": [0, 0, -15],
			"scale": [2, 2, 2]
		}
	},
	"groups": [
		{
			"name": "cloth",
			"shade": false,
			"origin": [16, 21.84358, 14.27269],
			"children": [0, 1, 2, 3]
		},
		{
			"name": "upper_bar",
			"shade": false,
			"origin": [16, 25.84764, 16.15525],
			"children": [4, 5, 6, 7, 8, 9, 10, 11]
		},
		{
			"name": "upper_bar_side_right",
			"shade": false,
			"origin": [16, 25.84764, 16.15525],
			"children": [12, 13, 14, 15, 16, 17, 18, 19, 20]
		},
		{
			"name": "upper_bar_side_left",
			"shade": false,
			"origin": [16, 25.84764, 16.15525],
			"children": [21, 22, 23, 24, 25, 26, 27, 28, 29]
		},
		{
			"name": "lower_bar",
			"shade": false,
			"origin": [16, 25.84764, 16.15525],
			"children": [30, 31, 32, 33, 34, 35, 36, 37]
		},
		{
			"name": "lower_bar_side_right",
			"shade": false,
			"origin": [16, 25.84764, 16.15525],
			"children": [38, 39, 40, 41, 42, 43, 44, 45, 46, 47, 48, 49]
		},
		{
			"name": "lower_bar_side_left",
			"shade": false,
			"origin": [16, 25.84764, 16.15525],
			"children": [50, 51, 52, 53, 54, 55, 56, 57, 58, 59, 60, 61]
		}
	]
}