{
	"credit": "Made with Blockbench",
	"textures": {
		"0": "block/decalmetalgrate022a",
		"particle": "block/decalmetalgrate022a"
	},
	"elements": [
		{
			"from": [0, 0.3, 0],
			"to": [16, 0.3, 16],
			"faces": {
				"north": {"uv": [0, 0, 16, 0], "texture": "#missing"},
				"east": {"uv": [0, 0, 16, 0], "texture": "#missing"},
				"south": {"uv": [0, 0, 16, 0], "texture": "#missing"},
				"west": {"uv": [0, 0, 16, 0], "texture": "#missing"},
				"up": {"uv": [0, 0, 16, 16], "texture": "#0"},
				"down": {"uv": [0, 0, 16, 16], "texture": "#0"}
			}
		}
	],
	"gui_light": "front",
	"display": {
		"thirdperson_righthand": {
			"rotation": [45, -60, 0],
			"translation": [0, 2.25, 1.25],
			"scale": [0.2, 0.2, 0.2]
		},
		"thirdperson_lefthand": {
			"rotation": [45, -60, 0],
			"translation": [0, 2.25, 1.25],
			"scale": [0.2, 0.2, 0.2]
		},
		"firstperson_righthand": {
			"rotation": [0, 45, 34.25],
			"translation": [0, 7.25, 0.5],
			"scale": [0.6, 0.6, 0.5]
		},
		"firstperson_lefthand": {
			"rotation": [0, 45, 34.25],
			"translation": [0, 7.25, 0.5],
			"scale": [0.6, 0.6, 0.5]
		},
		"ground": {
			"translation": [0, 3, 0],
			"scale": [0.25, 0.25, 0.25]
		},
		"gui": {
			"rotation": [90, 0, 0]
		},
		"head": {
			"rotation": [-90, 0, -180]
		},
		"fixed": {
			"rotation": [-90, 0, 0],
			"translation": [0, 0, -15.25],
			"scale": [2, 2, 2]
		}
	}
}