{
	"credit": "Made with Blockbench",
	"textures": {
		"0": "block/building/buildingsheet_01a",
		"particle": "block/building/buildingsheet_01a"
	},
	"elements": [
		{
			"from": [9.5, 0, 2],
			"to": [16, 12.6, 8.5],
			"rotation": {"angle": 0, "axis": "y", "origin": [8, 8, 10]},
			"faces": {
				"north": {"uv": [1.001, 3.438, 7.563, 16], "texture": "#0"},
				"east": {"uv": [1.001, 3.438, 7.563, 16], "texture": "#0"},
				"south": {"uv": [1.001, 3.438, 7.563, 16], "texture": "#0"},
				"west": {"uv": [1.001, 3.438, 7.563, 16], "texture": "#0"}
			}
		},
		{
			"from": [9.5, 11.6, 6.55],
			"to": [16, 12.6, 7.55],
			"rotation": {"angle": 0, "axis": "y", "origin": [8, 8, 10]},
			"faces": {
				"north": {"uv": [1.032, 9.313, 1.875, 14.657], "rotation": 90, "texture": "#0"},
				"south": {"uv": [1.032, 9.313, 1.875, 14.657], "rotation": 270, "texture": "#0"},
				"up": {"uv": [1.032, 9.313, 1.875, 14.657], "rotation": 270, "texture": "#0"}
			}
		},
		{
			"from": [9.5, 12.05, 7.5],
			"to": [16, 12.05, 8.5],
			"rotation": {"angle": 0, "axis": "y", "origin": [8, 8, 10]},
			"faces": {
				"up": {"uv": [1.032, 9.313, 1.875, 15.813], "rotation": 90, "texture": "#0"}
			}
		},
		{
			"from": [9.5, 12.05, 3.925],
			"to": [16, 12.05, 5.275],
			"faces": {
				"up": {"uv": [1.906, 9.313, 1.251, 15.813], "rotation": 90, "texture": "#0"}
			}
		},
		{
			"from": [9.5, 12.05, 2],
			"to": [16, 12.05, 3],
			"faces": {
				"up": {"uv": [1.032, 9.313, 1.875, 15.813], "rotation": 90, "texture": "#0"}
			}
		},
		{
			"from": [9.5, 12.05, 5.275],
			"to": [16, 12.05, 6.55],
			"rotation": {"angle": 0, "axis": "y", "origin": [8, 8, 10]},
			"faces": {
				"up": {"uv": [1.157, 9.313, 1.844, 15.813], "rotation": 90, "texture": "#0"}
			}
		},
		{
			"from": [9.5, 11.6, 2.925],
			"to": [16, 12.6, 3.925],
			"rotation": {"angle": 0, "axis": "y", "origin": [8, 8, 6.375]},
			"faces": {
				"north": {"uv": [1.032, 9.313, 1.875, 14.657], "rotation": 90, "texture": "#0"},
				"south": {"uv": [1.032, 9.313, 1.875, 14.657], "rotation": 270, "texture": "#0"},
				"up": {"uv": [1.032, 9.313, 1.875, 14.657], "rotation": 270, "texture": "#0"}
			}
		},
		{
			"from": [14.075, 11.575, 2],
			"to": [15.075, 12.575, 8.5],
			"rotation": {"angle": 0, "axis": "y", "origin": [8, 8, 6.375]},
			"faces": {
				"east": {"uv": [1.032, 9.313, 1.875, 14.657], "rotation": 270, "texture": "#0"},
				"west": {"uv": [1.032, 9.313, 1.875, 14.657], "rotation": 90, "texture": "#0"},
				"up": {"uv": [1.032, 9.313, 1.875, 14.657], "rotation": 180, "texture": "#0"}
			}
		},
		{
			"from": [10.4, 11.575, 2],
			"to": [11.4, 12.575, 8.5],
			"rotation": {"angle": 0, "axis": "y", "origin": [8, 8, 6.375]},
			"faces": {
				"east": {"uv": [1.032, 9.313, 1.875, 14.657], "rotation": 270, "texture": "#0"},
				"west": {"uv": [1.032, 9.313, 1.875, 14.657], "rotation": 90, "texture": "#0"},
				"up": {"uv": [1.032, 9.313, 1.875, 14.657], "rotation": 180, "texture": "#0"}
			}
		},
		{
			"from": [1, 13.75, 11],
			"to": [6, 13.75, 11.9],
			"rotation": {"angle": 0, "axis": "y", "origin": [2.75, 13.05, 11.1]},
			"faces": {
				"up": {"uv": [1.032, 9.313, 1.875, 14.626], "rotation": 90, "texture": "#0"}
			}
		},
		{
			"from": [1, 13.75, 15],
			"to": [6, 13.75, 16],
			"rotation": {"angle": 0, "axis": "y", "origin": [2.75, 13.05, 11.1]},
			"faces": {
				"up": {"uv": [1.032, 9.313, 1.875, 14.626], "rotation": 90, "texture": "#0"}
			}
		},
		{
			"from": [1, 13.95, 12.95],
			"to": [6, 13.95, 13.925],
			"rotation": {"angle": 0, "axis": "y", "origin": [2.75, 13.05, 11.1]},
			"faces": {
				"up": {"uv": [1.032, 9.313, 1.875, 14.626], "rotation": 90, "texture": "#0"}
			}
		},
		{
			"from": [1, 0, 11],
			"to": [6, 14.7, 16],
			"rotation": {"angle": 0, "axis": "y", "origin": [7, 8, 8]},
			"faces": {
				"north": {"uv": [9.313, 3.251, 14.313, 16], "texture": "#0"},
				"east": {"uv": [9.313, 3.251, 14.313, 16], "texture": "#0"},
				"south": {"uv": [14.313, 3.251, 9.313, 16], "texture": "#0"},
				"west": {"uv": [14.313, 3.251, 9.313, 16], "texture": "#0"}
			}
		},
		{
			"from": [0.975, 13.7, 13.925],
			"to": [5.975, 14.7, 15],
			"rotation": {"angle": 0, "axis": "y", "origin": [7, 9, 8]},
			"faces": {
				"north": {"uv": [1.032, 9.313, 1.875, 14.626], "rotation": 270, "texture": "#0"},
				"south": {"uv": [1.032, 9.313, 1.875, 14.626], "rotation": 90, "texture": "#0"},
				"up": {"uv": [1.032, 9.313, 1.875, 14.626], "rotation": 90, "texture": "#0"}
			}
		},
		{
			"from": [3.95, 13.675, 10.95],
			"to": [5.025, 14.675, 16],
			"rotation": {"angle": 0, "axis": "y", "origin": [3.475, 14.175, 13.45]},
			"faces": {
				"east": {"uv": [1.032, 9.313, 1.875, 14.657], "rotation": 90, "texture": "#0"},
				"west": {"uv": [1.032, 9.313, 1.875, 14.657], "rotation": 270, "texture": "#0"},
				"up": {"uv": [1.032, 9.313, 1.875, 14.657], "texture": "#0"}
			}
		},
		{
			"from": [0.975, 13.7, 11.9],
			"to": [5.975, 14.7, 12.975],
			"rotation": {"angle": 0, "axis": "y", "origin": [7, 9, 8]},
			"faces": {
				"north": {"uv": [1.032, 9.313, 1.875, 14.626], "rotation": 270, "texture": "#0"},
				"south": {"uv": [1.032, 9.313, 1.875, 14.626], "rotation": 90, "texture": "#0"},
				"up": {"uv": [1.032, 9.313, 1.875, 14.626], "rotation": 90, "texture": "#0"}
			}
		},
		{
			"from": [1.925, 13.675, 10.95],
			"to": [3, 14.675, 16],
			"rotation": {"angle": 0, "axis": "y", "origin": [3.475, 14.175, 13.45]},
			"faces": {
				"east": {"uv": [1.032, 9.313, 1.875, 14.657], "rotation": 90, "texture": "#0"},
				"west": {"uv": [1.032, 9.313, 1.875, 14.657], "rotation": 270, "texture": "#0"},
				"up": {"uv": [1.032, 9.313, 1.875, 14.657], "texture": "#0"}
			}
		}
	],
	"groups": [
		{
			"name": "group",
			"origin": [8, 8, 4.375],
			"children": [0, 1, 2, 3, 4, 5, 6, 7, 8]
		},
		{
			"name": "group",
			"origin": [4.475, 14.175, 13.45],
			"children": [9, 10, 11, 12, 13, 14, 15, 16]
		}
	]
}