{
	"credit": "Made with Blockbench",
	"ambientocclusion": false,
	"texture_size": [1024, 1024],
	"textures": {
		"0": "block/bush",
		"particle": "block/bush"
	},
	"elements": [
		{
			"from": [-9, 9.5, -12],
			"to": [25.5, 9.5, 28.25],
			"rotation": {"angle": -22.5, "axis": "x", "origin": [8, 8.5, 8]},
			"faces": {
				"north": {"uv": [0, 0, 7.03125, 8.98438], "texture": "#0"},
				"east": {"uv": [0, 0, 7.03125, 8.98438], "texture": "#0"},
				"south": {"uv": [0, 0, 7.03125, 8.98438], "texture": "#0"},
				"west": {"uv": [0, 0, 7.03125, 8.98438], "texture": "#0"},
				"up": {"uv": [0, 0, 7.03125, 8.98438], "rotation": 180, "texture": "#0"},
				"down": {"uv": [0, 0, 7.03125, 8.98438], "texture": "#0"}
			}
		},
		{
			"from": [-9, 13.5, -11],
			"to": [25.5, 13.5, 26.25],
			"rotation": {"angle": -22.5, "axis": "x", "origin": [8, 8.5, 8]},
			"faces": {
				"north": {"uv": [0, 0, 7.03125, 8.98438], "texture": "#0"},
				"east": {"uv": [0, 0, 7.03125, 8.98438], "texture": "#0"},
				"south": {"uv": [0, 0, 7.03125, 8.98438], "texture": "#0"},
				"west": {"uv": [0, 0, 7.03125, 8.98438], "texture": "#0"},
				"up": {"uv": [0, 0, 7.03125, 8.98438], "rotation": 180, "texture": "#0"},
				"down": {"uv": [0, 0, 7.03125, 8.98438], "texture": "#0"}
			}
		},
		{
			"from": [-9, 7.5, -9],
			"to": [25.5, 7.5, 27.25],
			"rotation": {"angle": 22.5, "axis": "x", "origin": [8, 8.5, 8]},
			"faces": {
				"north": {"uv": [0, 0, 7.03125, 8.98438], "texture": "#0"},
				"east": {"uv": [0, 0, 7.03125, 8.98438], "texture": "#0"},
				"south": {"uv": [0, 0, 7.03125, 8.98438], "texture": "#0"},
				"west": {"uv": [0, 0, 7.03125, 8.98438], "texture": "#0"},
				"up": {"uv": [0, 0, 7.03125, 8.98438], "texture": "#0"},
				"down": {"uv": [0, 0, 7.03125, 8.98438], "texture": "#0"}
			}
		},
		{
			"from": [-9, -2.5, 10],
			"to": [25.5, 23.75, 10],
			"rotation": {"angle": 22.5, "axis": "y", "origin": [8, 8.5, 8]},
			"faces": {
				"north": {"uv": [0, 0, 7.03125, 8.98438], "texture": "#0"},
				"east": {"uv": [0, 0, 7.03125, 8.98438], "texture": "#0"},
				"south": {"uv": [0, 0, 7.03125, 8.98438], "texture": "#0"},
				"west": {"uv": [0, 0, 7.03125, 8.98438], "texture": "#0"},
				"up": {"uv": [0, 0, 7.03125, 8.98438], "texture": "#0"},
				"down": {"uv": [0, 0, 7.03125, 8.98438], "texture": "#0"}
			}
		},
		{
			"from": [8, -3.5, -8.5],
			"to": [8, 23.75, 28],
			"rotation": {"angle": 45, "axis": "y", "origin": [8, 8.5, 8]},
			"faces": {
				"north": {"uv": [0, 0, 7.03125, 8.98438], "rotation": 270, "texture": "#0"},
				"east": {"uv": [0, 0, 7.03125, 8.98438], "rotation": 270, "texture": "#0"},
				"south": {"uv": [0, 0, 7.03125, 8.98438], "rotation": 270, "texture": "#0"},
				"west": {"uv": [0, 0, 7.03125, 8.98438], "rotation": 270, "texture": "#0"},
				"up": {"uv": [0, 0, 7.03125, 8.98438], "rotation": 270, "texture": "#0"},
				"down": {"uv": [0, 0, 7.03125, 8.98438], "rotation": 270, "texture": "#0"}
			}
		},
		{
			"from": [10, -1.5, -8.5],
			"to": [10, 23.75, 28],
			"rotation": {"angle": -22.5, "axis": "z", "origin": [8, 8.5, 8]},
			"faces": {
				"north": {"uv": [0, 0, 7.03125, 8.98438], "rotation": 270, "texture": "#0"},
				"east": {"uv": [0, 0, 7.03125, 8.98438], "rotation": 270, "texture": "#0"},
				"south": {"uv": [0, 0, 7.03125, 8.98438], "rotation": 270, "texture": "#0"},
				"west": {"uv": [0, 0, 7.03125, 8.98438], "rotation": 270, "texture": "#0"},
				"up": {"uv": [0, 0, 7.03125, 8.98438], "rotation": 270, "texture": "#0"},
				"down": {"uv": [0, 0, 7.03125, 8.98438], "rotation": 270, "texture": "#0"}
			}
		},
		{
			"from": [-12, 9.5, -8.5],
			"to": [26.25, 9.5, 28],
			"rotation": {"angle": 22.5, "axis": "z", "origin": [8, 8.5, 8]},
			"faces": {
				"north": {"uv": [0, 0, 7.03125, 8.98438], "rotation": 270, "texture": "#0"},
				"east": {"uv": [0, 0, 7.03125, 8.98438], "rotation": 270, "texture": "#0"},
				"south": {"uv": [0, 0, 7.03125, 8.98438], "rotation": 270, "texture": "#0"},
				"west": {"uv": [0, 0, 7.03125, 8.98438], "rotation": 270, "texture": "#0"},
				"up": {"uv": [0, 0, 7.03125, 8.98438], "rotation": 180, "texture": "#0"},
				"down": {"uv": [0, 0, 7.03125, 8.98438], "rotation": 270, "texture": "#0"}
			}
		}
	]
}