{
	"credit": "Made with Blockbench",
	"textures": {
		"0": "block/combine_citadel001",
		"particle": "block/combine_citadel001"
	},
	"elements": [
		{
			"from": [10.06095, 0, 5.43863],
			"to": [10.06095, 12, 8.43863],
			"rotation": {"angle": -45, "axis": "y", "origin": [10.06095, 0.5, 6.93863]},
			"faces": {
				"east": {"uv": [1.173, 6.048, 2.345, 15.938], "texture": "#0"},
				"west": {"uv": [1.173, 6.048, 2.345, 15.938], "texture": "#0"}
			}
		},
		{
			"from": [10.06095, 19, 5.43863],
			"to": [10.06095, 29, 8.43863],
			"rotation": {"angle": -45, "axis": "y", "origin": [10.06095, 0.5, 6.93863]},
			"faces": {
				"east": {"uv": [1.173, 6.048, 2.345, 15.938], "texture": "#0"},
				"west": {"uv": [1.173, 6.048, 2.345, 15.938], "texture": "#0"}
			}
		},
		{
			"from": [8.5, 0, 6],
			"to": [8.75, 7, 8],
			"rotation": {"angle": 0, "axis": "y", "origin": [12, 8, 8]},
			"faces": {
				"north": {"uv": [4.938, 9.797, 5.266, 15.765], "texture": "#0"},
				"east": {"uv": [4.344, 9.782, 5.969, 15.75], "texture": "#0"},
				"south": {"uv": [5.61, 9.782, 5.969, 15.75], "texture": "#0"},
				"west": {"uv": [4.344, 9.782, 5.969, 15.75], "texture": "#0"},
				"up": {"uv": [4.344, 9.782, 5.969, 13.266], "rotation": 90, "texture": "#0"}
			}
		},
		{
			"from": [10.75, 0, 4],
			"to": [12, 3, 4.5],
			"rotation": {"angle": 45, "axis": "y", "origin": [12, 8, 8]},
			"faces": {
				"north": {"uv": [4.75, 11.297, 5.859, 14.406], "texture": "#0"},
				"east": {"uv": [9.407, 11.829, 10.516, 14.938], "texture": "#0"},
				"south": {"uv": [9.407, 11.829, 10.516, 14.938], "texture": "#0"},
				"west": {"uv": [9.407, 11.829, 10.516, 14.938], "texture": "#0"},
				"up": {"uv": [9.407, 11.829, 10.516, 14.938], "rotation": 90, "texture": "#0"},
				"down": {"uv": [9.407, 11.829, 10.516, 14.938], "texture": "#0"}
			}
		},
		{
			"from": [8.58234, 0, 7.10476],
			"to": [10.87844, 29, 7.10376],
			"rotation": {"angle": -22.5, "axis": "y", "origin": [14.08234, 0.5, 7.10476]},
			"faces": {
				"north": {"uv": [1.157, 6.032, 2.277, 15.938], "texture": "#0"},
				"south": {"uv": [1.157, 6.032, 2.277, 15.938], "texture": "#0"}
			}
		},
		{
			"from": [9, 12, 5.75],
			"to": [9.5, 21, 6.35],
			"rotation": {"angle": -22.5, "axis": "y", "origin": [12, 8, 8]},
			"faces": {
				"north": {"uv": [1.188, 6.485, 2.297, 15.485], "texture": "#0"},
				"east": {"uv": [1.188, 6.485, 2.297, 15.485], "texture": "#0"},
				"south": {"uv": [1.188, 6.485, 2.297, 15.485], "texture": "#0"},
				"west": {"uv": [1.188, 6.485, 2.297, 15.485], "texture": "#0"},
				"up": {"uv": [1.188, 6.485, 2.297, 15.485], "texture": "#0"},
				"down": {"uv": [1.188, 6.485, 2.297, 15.485], "texture": "#0"}
			}
		},
		{
			"from": [9, 22, 5.75],
			"to": [9.5, 30, 6.375],
			"rotation": {"angle": -22.5, "axis": "y", "origin": [12, 8, 8]},
			"faces": {
				"north": {"uv": [1.188, 6.485, 2.297, 15.485], "texture": "#0"},
				"east": {"uv": [1.188, 6.485, 2.297, 15.485], "texture": "#0"},
				"south": {"uv": [1.188, 6.485, 2.297, 15.485], "texture": "#0"},
				"west": {"uv": [1.188, 6.485, 2.297, 15.485], "texture": "#0"},
				"up": {"uv": [1.188, 6.485, 2.297, 15.485], "texture": "#0"},
				"down": {"uv": [1.188, 6.485, 2.297, 15.485], "texture": "#0"}
			}
		},
		{
			"from": [9, 0, 5.75],
			"to": [9.5, 9, 7],
			"rotation": {"angle": -22.5, "axis": "y", "origin": [12, 8, 8]},
			"faces": {
				"north": {"uv": [1.188, 6.485, 2.297, 15.485], "texture": "#0"},
				"east": {"uv": [1.188, 6.485, 2.297, 15.485], "texture": "#0"},
				"south": {"uv": [1.188, 6.485, 2.297, 15.485], "texture": "#0"},
				"west": {"uv": [1.188, 6.485, 2.297, 15.485], "texture": "#0"},
				"up": {"uv": [1.188, 6.485, 2.297, 15.485], "texture": "#0"},
				"down": {"uv": [1.188, 6.485, 2.297, 15.485], "texture": "#0"}
			}
		},
		{
			"from": [9.75, 0, 5.75],
			"to": [9.8, 31.4, 5.8],
			"rotation": {"angle": -22.5, "axis": "y", "origin": [12, 8, 8]},
			"faces": {
				"north": {"uv": [12.328, 2.532, 12.644, 15.891], "texture": "#0"},
				"east": {"uv": [12.328, 2.532, 12.644, 15.891], "texture": "#0"},
				"south": {"uv": [12.328, 2.532, 12.644, 15.891], "texture": "#0"},
				"west": {"uv": [12.328, 2.532, 12.644, 15.891], "texture": "#0"},
				"up": {"uv": [12.328, 2.532, 12.644, 15.891], "texture": "#0"},
				"down": {"uv": [12.328, 2.532, 12.644, 15.891], "texture": "#0"}
			}
		},
		{
			"from": [9.75, 0, 6.15],
			"to": [9.8, 32, 6.2],
			"rotation": {"angle": -22.5, "axis": "y", "origin": [12, 8, 8]},
			"faces": {
				"north": {"uv": [12.328, 2.532, 12.644, 15.891], "texture": "#0"},
				"east": {"uv": [12.328, 2.532, 12.644, 15.891], "texture": "#0"},
				"south": {"uv": [12.328, 2.532, 12.644, 15.891], "texture": "#0"},
				"west": {"uv": [12.328, 2.532, 12.644, 15.891], "texture": "#0"},
				"up": {"uv": [12.328, 2.532, 12.644, 15.891], "texture": "#0"},
				"down": {"uv": [12.328, 2.532, 12.644, 15.891], "texture": "#0"}
			}
		},
		{
			"from": [9.35, 0, 6.15],
			"to": [9.4, 31.3, 6.2],
			"rotation": {"angle": -22.5, "axis": "y", "origin": [12, 8, 8]},
			"faces": {
				"north": {"uv": [12.328, 2.532, 12.644, 15.891], "texture": "#0"},
				"east": {"uv": [12.328, 2.532, 12.644, 15.891], "texture": "#0"},
				"south": {"uv": [12.328, 2.532, 12.644, 15.891], "texture": "#0"},
				"west": {"uv": [12.328, 2.532, 12.644, 15.891], "texture": "#0"},
				"up": {"uv": [12.328, 2.532, 12.644, 15.891], "texture": "#0"},
				"down": {"uv": [12.328, 2.532, 12.644, 15.891], "texture": "#0"}
			}
		},
		{
			"from": [8.95, 13, 8.75],
			"to": [9, 19, 8.8],
			"rotation": {"angle": -22.5, "axis": "y", "origin": [12, 8, 8]},
			"faces": {
				"north": {"uv": [12.328, 2.532, 12.644, 15.891], "texture": "#0"},
				"east": {"uv": [12.328, 2.532, 12.644, 15.891], "texture": "#0"},
				"south": {"uv": [12.328, 2.532, 12.644, 15.891], "texture": "#0"},
				"west": {"uv": [12.328, 2.532, 12.644, 15.891], "texture": "#0"},
				"up": {"uv": [12.328, 2.532, 12.644, 15.891], "texture": "#0"},
				"down": {"uv": [12.328, 2.532, 12.644, 15.891], "texture": "#0"}
			}
		},
		{
			"from": [8.95, 4, 8.75],
			"to": [9, 10, 8.8],
			"rotation": {"angle": -22.5, "axis": "y", "origin": [12, 8, 8]},
			"faces": {
				"north": {"uv": [12.328, 2.532, 12.644, 15.891], "texture": "#0"},
				"east": {"uv": [12.328, 2.532, 12.644, 15.891], "texture": "#0"},
				"south": {"uv": [12.328, 2.532, 12.644, 15.891], "texture": "#0"},
				"west": {"uv": [12.328, 2.532, 12.644, 15.891], "texture": "#0"},
				"up": {"uv": [12.328, 2.532, 12.644, 15.891], "texture": "#0"},
				"down": {"uv": [12.328, 2.532, 12.644, 15.891], "texture": "#0"}
			}
		},
		{
			"from": [8.95, 14, 8.55],
			"to": [9, 19, 8.6],
			"rotation": {"angle": -22.5, "axis": "y", "origin": [12, 8, 8]},
			"faces": {
				"north": {"uv": [12.328, 2.532, 12.644, 15.891], "texture": "#0"},
				"east": {"uv": [12.328, 2.532, 12.644, 15.891], "texture": "#0"},
				"south": {"uv": [12.328, 2.532, 12.644, 15.891], "texture": "#0"},
				"west": {"uv": [12.328, 2.532, 12.644, 15.891], "texture": "#0"},
				"up": {"uv": [12.328, 2.532, 12.644, 15.891], "texture": "#0"},
				"down": {"uv": [12.328, 2.532, 12.644, 15.891], "texture": "#0"}
			}
		},
		{
			"from": [8.95, 13.5, 8.95],
			"to": [9, 19, 9],
			"rotation": {"angle": -22.5, "axis": "y", "origin": [12, 8, 8]},
			"faces": {
				"north": {"uv": [12.328, 2.532, 12.644, 15.891], "texture": "#0"},
				"east": {"uv": [12.328, 2.532, 12.644, 15.891], "texture": "#0"},
				"south": {"uv": [12.328, 2.532, 12.644, 15.891], "texture": "#0"},
				"west": {"uv": [12.328, 2.532, 12.644, 15.891], "texture": "#0"},
				"up": {"uv": [12.328, 2.532, 12.644, 15.891], "texture": "#0"},
				"down": {"uv": [12.328, 2.532, 12.644, 15.891], "texture": "#0"}
			}
		},
		{
			"from": [9.75, 0, 5.55],
			"to": [9.8, 28, 5.6],
			"rotation": {"angle": -22.5, "axis": "y", "origin": [12, 8, 8]},
			"faces": {
				"north": {"uv": [12.328, 2.532, 12.644, 15.891], "texture": "#0"},
				"east": {"uv": [12.328, 2.532, 12.644, 15.891], "texture": "#0"},
				"south": {"uv": [12.328, 2.532, 12.644, 15.891], "texture": "#0"},
				"west": {"uv": [12.328, 2.532, 12.644, 15.891], "texture": "#0"},
				"up": {"uv": [12.328, 2.532, 12.644, 15.891], "texture": "#0"},
				"down": {"uv": [12.328, 2.532, 12.644, 15.891], "texture": "#0"}
			}
		},
		{
			"from": [9, 9.5, 5.75],
			"to": [9.5, 11.5, 6.3],
			"rotation": {"angle": -22.5, "axis": "y", "origin": [12, 8, 8]},
			"faces": {
				"north": {"uv": [1.188, 6.485, 2.297, 15.485], "texture": "#0"},
				"east": {"uv": [1.188, 6.485, 2.297, 15.485], "texture": "#0"},
				"south": {"uv": [1.188, 6.485, 2.297, 15.485], "texture": "#0"},
				"west": {"uv": [1.188, 6.485, 2.297, 15.485], "texture": "#0"},
				"up": {"uv": [1.188, 6.485, 2.297, 15.485], "texture": "#0"},
				"down": {"uv": [1.188, 6.485, 2.297, 15.485], "texture": "#0"}
			}
		},
		{
			"from": [9, 19, 5],
			"to": [9, 29, 8],
			"rotation": {"angle": 0, "axis": "y", "origin": [12, 27, 8]},
			"faces": {
				"east": {"uv": [1.172, 6.017, 2.36, 15.938], "texture": "#0"},
				"west": {"uv": [1.172, 6.017, 2.36, 15.938], "texture": "#0"}
			}
		},
		{
			"from": [9, 0, 5],
			"to": [9, 12, 8],
			"rotation": {"angle": 0, "axis": "y", "origin": [12, 27, 8]},
			"faces": {
				"east": {"uv": [1.172, 6.017, 2.36, 15.938], "texture": "#0"},
				"west": {"uv": [1.172, 6.017, 2.36, 15.938], "texture": "#0"}
			}
		},
		{
			"from": [8.75, 13.5, 6.45],
			"to": [9.75, 13.5, 8.2],
			"rotation": {"angle": -22.5, "axis": "y", "origin": [12, 8, 8]},
			"faces": {
				"up": {"uv": [9.453, 12.36, 10.453, 14.11], "texture": "#0"},
				"down": {"uv": [9.453, 12.36, 10.453, 14.11], "texture": "#0"}
			}
		},
		{
			"from": [8.75, 17, 6.45],
			"to": [9.75, 17, 8.2],
			"rotation": {"angle": -22.5, "axis": "y", "origin": [12, 8, 8]},
			"faces": {
				"up": {"uv": [9.453, 12.36, 10.453, 14.11], "texture": "#0"},
				"down": {"uv": [9.453, 12.36, 10.453, 14.11], "texture": "#0"}
			}
		},
		{
			"from": [8.75, 14, 6.45],
			"to": [9.75, 14, 8.2],
			"rotation": {"angle": -22.5, "axis": "y", "origin": [12, 8, 8]},
			"faces": {
				"up": {"uv": [9.453, 12.36, 10.453, 14.11], "texture": "#0"},
				"down": {"uv": [9.453, 12.36, 10.453, 14.11], "texture": "#0"}
			}
		},
		{
			"from": [8.75, 17.5, 6.45],
			"to": [9.75, 17.5, 8.2],
			"rotation": {"angle": -22.5, "axis": "y", "origin": [12, 8, 8]},
			"faces": {
				"up": {"uv": [9.453, 12.36, 10.453, 14.11], "texture": "#0"},
				"down": {"uv": [9.453, 12.36, 10.453, 14.11], "texture": "#0"}
			}
		},
		{
			"from": [8.75, 12.5, 6.45],
			"to": [9.75, 12.5, 8.2],
			"rotation": {"angle": -22.5, "axis": "y", "origin": [12, 8, 8]},
			"faces": {
				"up": {"uv": [9.453, 12.36, 10.453, 14.11], "texture": "#0"},
				"down": {"uv": [9.453, 12.36, 10.453, 14.11], "texture": "#0"}
			}
		},
		{
			"from": [8.75, 12, 6.45],
			"to": [9.75, 12, 8.2],
			"rotation": {"angle": -22.5, "axis": "y", "origin": [12, 8, 8]},
			"faces": {
				"up": {"uv": [9.453, 12.36, 10.453, 14.11], "texture": "#0"},
				"down": {"uv": [9.453, 12.36, 10.453, 14.11], "texture": "#0"}
			}
		},
		{
			"from": [8.75, 16, 6.45],
			"to": [9.75, 16, 8.2],
			"rotation": {"angle": -22.5, "axis": "y", "origin": [12, 8, 8]},
			"faces": {
				"up": {"uv": [9.453, 12.36, 10.453, 14.11], "texture": "#0"},
				"down": {"uv": [9.453, 12.36, 10.453, 14.11], "texture": "#0"}
			}
		},
		{
			"from": [8.75, 15, 6.45],
			"to": [9.75, 15, 8.2],
			"rotation": {"angle": -22.5, "axis": "y", "origin": [12, 8, 8]},
			"faces": {
				"up": {"uv": [9.453, 12.36, 10.453, 14.11], "texture": "#0"},
				"down": {"uv": [9.453, 12.36, 10.453, 14.11], "texture": "#0"}
			}
		},
		{
			"from": [8.75, 18.5, 6.45],
			"to": [9.75, 18.5, 8.2],
			"rotation": {"angle": -22.5, "axis": "y", "origin": [12, 8, 8]},
			"faces": {
				"up": {"uv": [9.453, 12.36, 10.453, 14.11], "texture": "#0"},
				"down": {"uv": [9.453, 12.36, 10.453, 14.11], "texture": "#0"}
			}
		},
		{
			"from": [8.75, 14.5, 6.45],
			"to": [9.75, 14.5, 8.2],
			"rotation": {"angle": -22.5, "axis": "y", "origin": [12, 8, 8]},
			"faces": {
				"up": {"uv": [9.453, 12.36, 10.453, 14.11], "texture": "#0"},
				"down": {"uv": [9.453, 12.36, 10.453, 14.11], "texture": "#0"}
			}
		},
		{
			"from": [8.75, 18, 6.45],
			"to": [9.75, 18, 8.2],
			"rotation": {"angle": -22.5, "axis": "y", "origin": [12, 8, 8]},
			"faces": {
				"up": {"uv": [9.453, 12.36, 10.453, 14.11], "texture": "#0"},
				"down": {"uv": [9.453, 12.36, 10.453, 14.11], "texture": "#0"}
			}
		},
		{
			"from": [8.75, 13, 6.45],
			"to": [9.75, 13, 8.2],
			"rotation": {"angle": -22.5, "axis": "y", "origin": [12, 8, 8]},
			"faces": {
				"up": {"uv": [9.453, 12.36, 10.453, 14.11], "texture": "#0"},
				"down": {"uv": [9.453, 12.36, 10.453, 14.11], "texture": "#0"}
			}
		},
		{
			"from": [8.75, 16.5, 6.45],
			"to": [9.75, 16.5, 8.2],
			"rotation": {"angle": -22.5, "axis": "y", "origin": [12, 8, 8]},
			"faces": {
				"up": {"uv": [9.453, 12.36, 10.453, 14.11], "texture": "#0"},
				"down": {"uv": [9.453, 12.36, 10.453, 14.11], "texture": "#0"}
			}
		},
		{
			"from": [8.75, 15.5, 6.45],
			"to": [9.75, 15.5, 8.2],
			"rotation": {"angle": -22.5, "axis": "y", "origin": [12, 8, 8]},
			"faces": {
				"up": {"uv": [9.453, 12.36, 10.453, 14.11], "texture": "#0"},
				"down": {"uv": [9.453, 12.36, 10.453, 14.11], "texture": "#0"}
			}
		},
		{
			"from": [8.75, 19, 6.45],
			"to": [9.75, 19, 8.2],
			"rotation": {"angle": -22.5, "axis": "y", "origin": [12, 8, 8]},
			"faces": {
				"up": {"uv": [9.453, 12.36, 10.453, 14.11], "texture": "#0"},
				"down": {"uv": [9.453, 12.36, 10.453, 14.11], "texture": "#0"}
			}
		},
		{
			"name": "centre",
			"from": [9, 10.5, 6.45],
			"to": [9.5, 22.5, 7.7],
			"rotation": {"angle": -22.5, "axis": "y", "origin": [12, 8, 8]},
			"faces": {
				"north": {"uv": [15.735, 0, 16, 5.907], "texture": "#0"},
				"east": {"uv": [15.735, 0, 16, 5.907], "texture": "#0"},
				"south": {"uv": [15.735, 0, 16, 5.907], "texture": "#0"},
				"west": {"uv": [15.735, 0, 16, 5.907], "texture": "#0"},
				"up": {"uv": [15.735, 0, 16, 5.907], "texture": "#0"},
				"down": {"uv": [15.735, 0, 16, 5.907], "texture": "#0"}
			}
		},
		{
			"from": [8.5, 15, 6],
			"to": [8.75, 22, 8],
			"rotation": {"angle": 0, "axis": "y", "origin": [12, 27, 8]},
			"faces": {
				"north": {"uv": [5.70313, 9.76519, 6.01563, 15.78081], "texture": "#0"},
				"east": {"uv": [4.3125, 9.7655, 6, 15.78113], "texture": "#0"},
				"south": {"uv": [4.3125, 9.76519, 4.625, 15.78081], "texture": "#0"},
				"west": {"uv": [4.3125, 9.7655, 6, 15.78113], "texture": "#0"},
				"up": {"uv": [5.36, 10.485, 5.61, 12.485], "texture": "#0"},
				"down": {"uv": [4.875, 10.594, 5.125, 12.594], "texture": "#0"}
			}
		},
		{
			"from": [8.75, 20, 6.75],
			"to": [9.25, 20.25, 7],
			"rotation": {"angle": 0, "axis": "y", "origin": [12, 27, 8]},
			"faces": {
				"north": {"uv": [9.688, 12.625, 10.188, 12.875], "texture": "#0"},
				"east": {"uv": [9.688, 12.625, 10.188, 12.875], "texture": "#0"},
				"south": {"uv": [9.688, 12.625, 10.188, 12.875], "texture": "#0"},
				"west": {"uv": [9.688, 12.625, 10.188, 12.875], "texture": "#0"},
				"up": {"uv": [9.688, 12.625, 10.188, 12.875], "texture": "#0"},
				"down": {"uv": [9.688, 12.625, 10.188, 12.875], "texture": "#0"}
			}
		}
	],
	"display": {
		"firstperson_righthand": {
			"rotation": [-8, -71, 0],
			"translation": [0, 2.5, 1.25],
			"scale": [0.4, 0.4, 0.4]
		},
		"ground": {
			"translation": [-1, 5, 0.75]
		},
		"gui": {
			"rotation": [0, 144, 0],
			"translation": [1.5, -4, 0],
			"scale": [0.5, 0.5, 0.5]
		},
		"head": {
			"translation": [-7.75, -9.25, 0],
			"scale": [4, 4, 4]
		},
		"fixed": {
			"rotation": [-90, 0, 0],
			"translation": [0, 0, -32.25],
			"scale": [4, 4, 4]
		}
	},
	"groups": [
		{
			"name": "citadel",
			"origin": [12, 27, 8],
			"children": [0, 1, 2, 3, 4, 5, 6, 7,
				{
					"name": "thin things",
					"origin": [12, 8, 8],
					"children": [8, 9, 10, 11, 12, 13, 14, 15]
				}, 16, 17, 18,
				{
					"name": "centre planes",
					"origin": [12, 8, 8],
					"children": [19, 20, 21, 22, 23, 24, 25, 26, 27, 28, 29, 30, 31, 32, 33, 34]
				}, 35, 36]
		}
	]
}