{
	"credit": "Made with Blockbench",
	"ambientocclusion": false,
	"textures": {
		"0": "block/woodcrates01a",
		"particle": "block/crateface"
	},
	"elements": [
		{
			"from": [2, 0, -3.9],
			"to": [4, 1.8, 19.9],
			"rotation": {"angle": 45, "axis": "y", "origin": [4, 8, 4]},
			"faces": {
				"north": {"uv": [3.313, 5.251, 3.812, 5.906], "texture": "#0"},
				"east": {"uv": [3.313, 5.563, 3.812, 11.906], "rotation": 270, "texture": "#0"},
				"south": {"uv": [3.313, 11.219, 3.812, 11.874], "texture": "#0"},
				"west": {"uv": [3.313, 5.563, 3.812, 11.906], "rotation": 90, "texture": "#0"},
				"up": {"uv": [3.313, 5.563, 3.812, 11.906], "texture": "#0"},
				"down": {"uv": [3.313, 5.563, 3.812, 11.906], "texture": "#0"}
			}
		},
		{
			"from": [12.9, 0, -3.9],
			"to": [14.9, 1.8, 19.9],
			"rotation": {"angle": 45, "axis": "y", "origin": [4, 8, 4]},
			"faces": {
				"north": {"uv": [3.313, 5.251, 3.812, 5.906], "texture": "#0"},
				"east": {"uv": [3.812, 5.563, 3.313, 11.906], "rotation": 90, "texture": "#0"},
				"south": {"uv": [3.313, 11.219, 3.812, 11.874], "texture": "#0"},
				"west": {"uv": [3.313, 5.563, 3.812, 11.906], "rotation": 270, "texture": "#0"},
				"up": {"uv": [3.313, 5.563, 3.812, 11.906], "texture": "#0"},
				"down": {"uv": [3.313, 5.563, 3.812, 11.906], "rotation": 180, "texture": "#0"}
			}
		},
		{
			"from": [-8.9, 0, -3.9],
			"to": [-6.9, 1.8, 19.9],
			"rotation": {"angle": 45, "axis": "y", "origin": [4, 8, 4]},
			"faces": {
				"north": {"uv": [3.313, 5.251, 3.812, 5.906], "texture": "#0"},
				"east": {"uv": [3.812, 5.563, 3.313, 11.906], "rotation": 90, "texture": "#0"},
				"south": {"uv": [3.313, 11.219, 3.812, 11.874], "texture": "#0"},
				"west": {"uv": [3.313, 5.563, 3.812, 11.906], "rotation": 270, "texture": "#0"},
				"up": {"uv": [3.313, 5.563, 3.812, 11.906], "texture": "#0"},
				"down": {"uv": [3.313, 5.563, 3.812, 11.906], "rotation": 180, "texture": "#0"}
			}
		},
		{
			"from": [-9.2, 1, -4.2],
			"to": [15.2, 3, 20.2],
			"rotation": {"angle": 45, "axis": "y", "origin": [4, 8, 4]},
			"faces": {
				"north": {"uv": [10.031, 11.625, 15.875, 11.938], "texture": "#0"},
				"east": {"uv": [4.563, 5.657, 9.875, 6.001], "texture": "#0"},
				"south": {"uv": [3.25, 12.875, 9.281, 12.219], "texture": "#0"},
				"west": {"uv": [3.157, 12.219, 9.281, 12.907], "texture": "#0"},
				"up": {"uv": [4.032, 6.032, 9.844, 11.969], "rotation": 270, "texture": "#0"},
				"down": {"uv": [4.563, 0.532, 9.407, 5.656], "texture": "#0"}
			}
		},
		{
			"from": [-8.75, 3, -4],
			"to": [-7, 22, -2],
			"rotation": {"angle": 45, "axis": "y", "origin": [4, 8, 4]},
			"faces": {
				"north": {"uv": [1.188, 0.063, 1.844, 6.125], "texture": "#0"},
				"east": {"uv": [3.157, 12.219, 9.216, 12.874], "rotation": 90, "texture": "#0"},
				"south": {"uv": [1.188, 0.063, 1.844, 6.125], "texture": "#0"},
				"west": {"uv": [1.844, 6.125, 1.188, 0.063], "texture": "#0"},
				"up": {"uv": [1.188, 0.063, 1.844, 6.125], "texture": "#0"},
				"down": {"uv": [1.188, 0.063, 1.844, 6.125], "texture": "#0"}
			}
		},
		{
			"from": [-8.7, 3, 18],
			"to": [-7, 22, 19.6],
			"rotation": {"angle": 45, "axis": "y", "origin": [4, 8, 4]},
			"faces": {
				"north": {"uv": [1.188, 0.125, 1.851, 6.375], "texture": "#0"},
				"east": {"uv": [1.188, 0.125, 1.851, 6.375], "texture": "#0"},
				"south": {"uv": [1.188, 0.125, 1.851, 6.375], "texture": "#0"},
				"west": {"uv": [1.188, 0.125, 1.851, 6.375], "texture": "#0"},
				"up": {"uv": [1.188, 0.125, 1.851, 6.375], "texture": "#0"},
				"down": {"uv": [1.188, 0.125, 1.851, 6.375], "texture": "#0"}
			}
		},
		{
			"from": [13, 3, 18],
			"to": [15, 22, 20],
			"rotation": {"angle": 45, "axis": "y", "origin": [4, 8, 4]},
			"faces": {
				"north": {"uv": [4.438, 13.375, 10.531, 14.062], "rotation": 270, "texture": "#0"},
				"east": {"uv": [4.282, 14.813, 9.188, 15.656], "rotation": 270, "texture": "#0"},
				"south": {"uv": [4.438, 13.375, 10.531, 14.062], "rotation": 270, "texture": "#0"},
				"west": {"uv": [10.938, 13.282, 15.875, 14.375], "rotation": 270, "texture": "#0"},
				"up": {"uv": [4.282, 14.813, 9.188, 15.656], "rotation": 270, "texture": "#0"},
				"down": {"uv": [4.282, 14.813, 9.188, 15.656], "rotation": 270, "texture": "#0"}
			}
		},
		{
			"from": [2, 3, 18],
			"to": [4, 22, 19.4],
			"rotation": {"angle": 45, "axis": "y", "origin": [4, 8, 4]},
			"faces": {
				"north": {"uv": [12.782, 6.407, 13.219, 11.625], "texture": "#0"},
				"east": {"uv": [12.782, 11.625, 13.313, 6.407], "texture": "#0"},
				"south": {"uv": [12.782, 6.407, 13.219, 11.625], "texture": "#0"},
				"west": {"uv": [12.782, 6.407, 13.313, 11.625], "rotation": 180, "texture": "#0"},
				"up": {"uv": [12.782, 6.407, 13.219, 11.625], "texture": "#0"},
				"down": {"uv": [12.782, 6.407, 13.219, 11.625], "texture": "#0"}
			}
		},
		{
			"from": [12.9, 3, 7],
			"to": [14.9, 22, 9],
			"rotation": {"angle": 45, "axis": "y", "origin": [4, 8, 4]},
			"faces": {
				"north": {"uv": [15.532, 11.594, 16, 6.469], "texture": "#0"},
				"east": {"uv": [15.532, 6.469, 16, 11.594], "texture": "#0"},
				"south": {"uv": [16, 6.469, 15.532, 11.594], "rotation": 180, "texture": "#0"},
				"west": {"uv": [15.532, 6.469, 16, 11.594], "texture": "#0"},
				"up": {"uv": [15.532, 6.469, 16, 11.594], "texture": "#0"},
				"down": {"uv": [15.532, 6.469, 16, 11.594], "texture": "#0"}
			}
		},
		{
			"from": [2, 3, -3.6],
			"to": [4.2, 22, -1.6],
			"rotation": {"angle": 45, "axis": "y", "origin": [4, 8, 4]},
			"faces": {
				"north": {"uv": [0.313, 10.657, 0.75, 15.594], "texture": "#0"},
				"east": {"uv": [0.78, 10.657, 0.313, 15.593], "texture": "#0"},
				"south": {"uv": [0.313, 10.657, 0.75, 15.594], "texture": "#0"},
				"west": {"uv": [0.313, 10.657, 0.75, 15.594], "rotation": 180, "texture": "#0"},
				"up": {"uv": [0.313, 10.657, 0.75, 15.594], "texture": "#0"},
				"down": {"uv": [0.313, 10.657, 0.75, 15.594], "texture": "#0"}
			}
		},
		{
			"from": [13, 3, -4],
			"to": [15, 22, -2],
			"rotation": {"angle": 45, "axis": "y", "origin": [4, 8, 4]},
			"faces": {
				"north": {"uv": [0.094, 0.157, 0.719, 5.375], "rotation": 180, "texture": "#0"},
				"east": {"uv": [0.094, 0.157, 0.719, 5.375], "texture": "#0"},
				"south": {"uv": [0.094, 0.157, 0.719, 5.375], "rotation": 180, "texture": "#0"},
				"west": {"uv": [0.094, 0.157, 0.719, 5.375], "texture": "#0"},
				"up": {"uv": [0.094, 0.157, 0.719, 5.375], "texture": "#0"},
				"down": {"uv": [0.094, 0.157, 0.719, 5.375], "texture": "#0"}
			}
		},
		{
			"from": [-8.25, 3, 7],
			"to": [-7, 22, 9],
			"rotation": {"angle": 45, "axis": "y", "origin": [4, 8, 4]},
			"faces": {
				"north": {"uv": [0.094, 0.157, 0.719, 5.375], "rotation": 180, "texture": "#0"},
				"east": {"uv": [0.094, 0.157, 0.719, 5.375], "texture": "#0"},
				"south": {"uv": [0.094, 0.157, 0.719, 5.375], "rotation": 180, "texture": "#0"},
				"west": {"uv": [0.094, 0.157, 0.719, 5.375], "texture": "#0"},
				"up": {"uv": [0.094, 0.157, 0.719, 5.375], "texture": "#0"},
				"down": {"uv": [0.094, 0.157, 0.719, 5.375], "texture": "#0"}
			}
		},
		{
			"from": [-7, 22.5, 7.1],
			"to": [13, 23.7, 9.3],
			"rotation": {"angle": 45, "axis": "y", "origin": [4, 8, 4]},
			"faces": {
				"north": {"uv": [0.094, 0.157, 0.719, 5.375], "rotation": 90, "texture": "#0"},
				"east": {"uv": [0.094, 0.157, 0.719, 5.375], "rotation": 90, "texture": "#0"},
				"south": {"uv": [0.094, 0.157, 0.719, 5.375], "rotation": 270, "texture": "#0"},
				"west": {"uv": [0.094, 0.157, 0.719, 5.375], "rotation": 90, "texture": "#0"},
				"up": {"uv": [0.094, 0.157, 0.719, 5.375], "rotation": 90, "texture": "#0"},
				"down": {"uv": [0.094, 0.157, 0.719, 5.375], "rotation": 90, "texture": "#0"}
			}
		},
		{
			"from": [-9.2, 22, -4.2],
			"to": [-7, 24.1, 20.2],
			"rotation": {"angle": 45, "axis": "y", "origin": [4, 8, 4]},
			"faces": {
				"north": {"uv": [2.636, 14.688, 1.75, 15.561], "rotation": 90, "texture": "#0"},
				"east": {"uv": [3.157, 12.219, 9.281, 12.882], "texture": "#0"},
				"south": {"uv": [1.75, 14.688, 2.607, 15.563], "rotation": 270, "texture": "#0"},
				"west": {"uv": [15.313, 0.125, 15.938, 5.969], "rotation": 90, "texture": "#0"},
				"up": {"uv": [1.188, 0.063, 1.825, 6.126], "texture": "#0"},
				"down": {"uv": [15.313, 0.125, 15.938, 5.969], "rotation": 180, "texture": "#0"}
			}
		},
		{
			"from": [-7, 22, 18],
			"to": [13, 23.7, 19.7],
			"rotation": {"angle": 45, "axis": "y", "origin": [4, 8, 4]},
			"faces": {
				"north": {"uv": [4.5, 6, 9.281, 6.732], "texture": "#0"},
				"east": {"uv": [4.5, 6, 9.281, 6.544], "texture": "#0"},
				"south": {"uv": [4.5, 6, 9.281, 6.544], "texture": "#0"},
				"west": {"uv": [4.5, 6, 9.281, 6.544], "texture": "#0"},
				"up": {"uv": [4.032, 11.562, 4.513, 6.094], "rotation": 90, "texture": "#0"},
				"down": {"uv": [4.5, 6, 9.281, 6.544], "texture": "#0"}
			}
		},
		{
			"from": [-7, 22, -3.75],
			"to": [13, 23.7, -1.85],
			"rotation": {"angle": 45, "axis": "y", "origin": [4, 8, 4]},
			"faces": {
				"north": {"uv": [10, 6.063, 15.906, 6.407], "texture": "#0"},
				"east": {"uv": [10, 6.063, 15.906, 6.407], "texture": "#0"},
				"south": {"uv": [10, 6.063, 15.281, 6.595], "texture": "#0"},
				"west": {"uv": [10, 6.063, 15.906, 6.407], "texture": "#0"},
				"up": {"uv": [2.344, 5.563, 2.813, 11.844], "rotation": 90, "texture": "#0"},
				"down": {"uv": [10, 6.063, 15.906, 6.407], "texture": "#0"}
			}
		},
		{
			"from": [13, 22, -4.2],
			"to": [15.3, 24.2, 20.2],
			"rotation": {"angle": 45, "axis": "y", "origin": [4, 8, 4]},
			"faces": {
				"north": {"uv": [1.719, 13.875, 2.388, 14.532], "rotation": 90, "texture": "#0"},
				"east": {"uv": [9.782, 14.907, 15.781, 15.468], "texture": "#0"},
				"south": {"uv": [1.72, 13.876, 2.387, 14.563], "rotation": 90, "texture": "#0"},
				"west": {"uv": [4.407, 13.375, 10.782, 14.062], "rotation": 180, "texture": "#0"},
				"up": {"uv": [9.751, 12.157, 15.812, 12.731], "rotation": 270, "texture": "#0"},
				"down": {"uv": [0.094, 0.157, 0.701, 5.344], "texture": "#0"}
			}
		},
		{
			"from": [-7, 3, -2.3],
			"to": [13.3, 22.5, 18.2],
			"rotation": {"angle": 45, "axis": "y", "origin": [4, 8, 4]},
			"faces": {
				"north": {"uv": [4.563, 6.564, 9.406, 11.592], "texture": "#0"},
				"east": {"uv": [10.438, 6.282, 15.626, 11.562], "texture": "#0"},
				"south": {"uv": [4.563, 6.438, 9.5, 11.594], "texture": "#0"},
				"west": {"uv": [10.438, 6.469, 15.531, 11.593], "texture": "#0"},
				"up": {"uv": [10.375, 6.438, 15.532, 11.594], "rotation": 90, "texture": "#0"},
				"down": {"uv": [0, 0, 16, 16], "texture": "#missing"}
			}
		}
	],
	"display": {
		"thirdperson_righthand": {
			"rotation": [45, 60, 0],
			"translation": [0.5, 0, -0.25],
			"scale": [0.21, 0.21, 0.21]
		},
		"thirdperson_lefthand": {
			"rotation": [45, 60, 0],
			"translation": [-0.5, 0, -0.25],
			"scale": [0.21, 0.21, 0.21]
		},
		"firstperson_righthand": {
			"rotation": [0, 45, 0],
			"scale": [0.3, 0.3, 0.3]
		},
		"firstperson_lefthand": {
			"rotation": [0, 45, 0],
			"scale": [0.3, 0.3, 0.3]
		},
		"ground": {
			"scale": [0.25, 0.25, 0.25]
		},
		"gui": {
			"rotation": [30, 135, 0],
			"translation": [0, -1.25, 0],
			"scale": [0.4, 0.4, 0.4]
		},
		"fixed": {
			"rotation": [-90, 0, 0],
			"translation": [0, 0, -15],
			"scale": [2, 2, 2]
		}
	}
}