{
	"credit": "Made with Blockbench",
	"texture_size": [256, 256],
	"textures": {
		"0": "block/pickupthatcan",
		"particle": "block/pickupthatcan"
	},
	"elements": [
		{
			"from": [4.8, 0.2, 3],
			"to": [5.2, 3.55, 5],
			"rotation": {"angle": 0, "axis": "y", "origin": [5, 8, 4]},
			"faces": {
				"north": {"uv": [6, 0.6875, 6.75, 7.6875], "texture": "#0"},
				"south": {"uv": [0, 0.6875, 0.75, 7.6875], "texture": "#0"}
			}
		},
		{
			"from": [4.8, 0.2, 3],
			"to": [5.2, 3.55, 5],
			"rotation": {"angle": 22.5, "axis": "y", "origin": [5, 8, 4]},
			"faces": {
				"north": {"uv": [6.75, 0.6875, 7.5, 7.6875], "texture": "#0"},
				"south": {"uv": [0.75, 0.6875, 1.5, 7.6875], "texture": "#0"}
			}
		},
		{
			"from": [4.8, 0.2, 3],
			"to": [5.2, 3.55, 5],
			"rotation": {"angle": 45, "axis": "y", "origin": [5, 8, 4]},
			"faces": {
				"north": {"uv": [7.5, 0.6875, 8.25, 7.6875], "texture": "#0"},
				"south": {"uv": [1.5, 0.6875, 2.25, 7.6875], "texture": "#0"}
			}
		},
		{
			"from": [4, 0.2, 3.8],
			"to": [6, 3.55, 4.2],
			"rotation": {"angle": -22.5, "axis": "y", "origin": [5, 8, 4]},
			"faces": {
				"east": {"uv": [2.25, 0.6875, 3, 7.6875], "texture": "#0"},
				"west": {"uv": [8.25, 0.6875, 9, 7.6875], "texture": "#0"}
			}
		},
		{
			"from": [4, 0.2, 3.8],
			"to": [6, 3.55, 4.2],
			"rotation": {"angle": 0, "axis": "y", "origin": [5, 8, 4]},
			"faces": {
				"east": {"uv": [3, 0.6875, 3.75, 7.6875], "texture": "#0"},
				"west": {"uv": [9, 0.6875, 9.75, 7.6875], "texture": "#0"}
			}
		},
		{
			"from": [4, 0.2, 3.8],
			"to": [6, 3.55, 4.2],
			"rotation": {"angle": 22.5, "axis": "y", "origin": [5, 8, 4]},
			"faces": {
				"east": {"uv": [3.75, 0.6875, 4.5, 7.6875], "texture": "#0"},
				"west": {"uv": [9.75, 0.6875, 10.5, 7.6875], "texture": "#0"}
			}
		},
		{
			"from": [4, 0.2, 3.8],
			"to": [6, 3.55, 4.2],
			"rotation": {"angle": 45, "axis": "y", "origin": [5, 8, 4]},
			"faces": {
				"east": {"uv": [4.5, 0.6875, 5.25, 7.6875], "texture": "#0"},
				"west": {"uv": [10.5, 0.6875, 11.25, 7.6875], "texture": "#0"}
			}
		},
		{
			"from": [4.8, 0.2, 3],
			"to": [5.2, 3.55, 5],
			"rotation": {"angle": -22.5, "axis": "y", "origin": [5, 8, 4]},
			"faces": {
				"north": {"uv": [5.25, 0.6875, 6, 7.6875], "texture": "#0"},
				"south": {"uv": [11.25, 0.6875, 12, 7.6875], "texture": "#0"}
			}
		},
		{
			"from": [4, 3.549, 3],
			"to": [6, 3.549, 5],
			"rotation": {"angle": 0, "axis": "y", "origin": [6.2, 7.549, 4]},
			"faces": {
				"up": {"uv": [0, 13.125, 2.875, 16], "texture": "#0"}
			}
		},
		{
			"from": [4, 0.199, 3],
			"to": [6, 0.199, 5],
			"rotation": {"angle": 0, "axis": "x", "origin": [6.2, 7.549, 4]},
			"faces": {
				"down": {"uv": [0, 13.125, 2.875, 16], "texture": "#0"}
			}
		},
		{
			"from": [4.85, 3.55, 3.25],
			"to": [5.15, 3.8, 4.75],
			"rotation": {"angle": 0, "axis": "y", "origin": [5, 8, 4]},
			"faces": {
				"north": {"uv": [0, 0, 0.5625, 0.5], "texture": "#0"},
				"south": {"uv": [4.5, 0, 5.0625, 0.5], "texture": "#0"}
			}
		},
		{
			"from": [4.85, 0.025, 3.25],
			"to": [5.15, 0.275, 4.75],
			"rotation": {"angle": 0, "axis": "y", "origin": [5, 4.475, 4]},
			"faces": {
				"north": {"uv": [0, 0, 0.5625, 0.5], "texture": "#0"},
				"south": {"uv": [4.5, 0, 5.0625, 0.5], "texture": "#0"}
			}
		},
		{
			"from": [4.85, 3.55, 3.25],
			"to": [5.15, 3.8, 4.75],
			"rotation": {"angle": 22.5, "axis": "y", "origin": [5, 8, 4]},
			"faces": {
				"north": {"uv": [0.5625, 0, 1.125, 0.5], "texture": "#0"},
				"south": {"uv": [5.0625, 0, 5.625, 0.5], "texture": "#0"}
			}
		},
		{
			"from": [4.85, 0.025, 3.25],
			"to": [5.15, 0.275, 4.75],
			"rotation": {"angle": 22.5, "axis": "y", "origin": [5, 4.475, 4]},
			"faces": {
				"north": {"uv": [0.5625, 0, 1.125, 0.5], "texture": "#0"},
				"south": {"uv": [5.0625, 0, 5.625, 0.5], "texture": "#0"}
			}
		},
		{
			"from": [4.85, 3.55, 3.25],
			"to": [5.15, 3.8, 4.75],
			"rotation": {"angle": 45, "axis": "y", "origin": [5, 8, 4]},
			"faces": {
				"north": {"uv": [1.125, 0, 1.6875, 0.5], "texture": "#0"},
				"south": {"uv": [5.625, 0, 6.1875, 0.5], "texture": "#0"}
			}
		},
		{
			"from": [4.85, 0.025, 3.25],
			"to": [5.15, 0.275, 4.75],
			"rotation": {"angle": 45, "axis": "y", "origin": [5, 4.475, 4]},
			"faces": {
				"north": {"uv": [1.125, 0, 1.6875, 0.5], "texture": "#0"},
				"south": {"uv": [5.625, 0, 6.1875, 0.5], "texture": "#0"}
			}
		},
		{
			"from": [4.25, 3.55, 3.85],
			"to": [5.75, 3.8, 4.15],
			"rotation": {"angle": -22.5, "axis": "y", "origin": [5, 8, 4]},
			"faces": {
				"east": {"uv": [6.1875, 0, 6.75, 0.5], "texture": "#0"},
				"west": {"uv": [1.6875, 0, 2.25, 0.5], "texture": "#0"}
			}
		},
		{
			"from": [4.25, 0.025, 3.85],
			"to": [5.75, 0.275, 4.15],
			"rotation": {"angle": -22.5, "axis": "y", "origin": [5, 4.475, 4]},
			"faces": {
				"east": {"uv": [6.1875, 0, 6.75, 0.5], "texture": "#0"},
				"west": {"uv": [1.6875, 0, 2.25, 0.5], "texture": "#0"}
			}
		},
		{
			"from": [4.25, 3.55, 3.85],
			"to": [5.75, 3.8, 4.15],
			"rotation": {"angle": 0, "axis": "y", "origin": [5, 8, 4]},
			"faces": {
				"east": {"uv": [6.75, 0, 7.3125, 0.5], "texture": "#0"},
				"west": {"uv": [2.25, 0, 2.8125, 0.5], "texture": "#0"}
			}
		},
		{
			"from": [4.25, 0.025, 3.85],
			"to": [5.75, 0.275, 4.15],
			"rotation": {"angle": 0, "axis": "y", "origin": [5, 4.475, 4]},
			"faces": {
				"east": {"uv": [6.75, 0, 7.3125, 0.5], "texture": "#0"},
				"west": {"uv": [2.25, 0, 2.8125, 0.5], "texture": "#0"}
			}
		},
		{
			"from": [4.25, 3.55, 3.85],
			"to": [5.75, 3.8, 4.15],
			"rotation": {"angle": 22.5, "axis": "y", "origin": [5, 8, 4]},
			"faces": {
				"east": {"uv": [7.3125, 0, 7.875, 0.5], "texture": "#0"},
				"west": {"uv": [2.8125, 0, 3.375, 0.5], "texture": "#0"}
			}
		},
		{
			"from": [4.25, 0.025, 3.85],
			"to": [5.75, 0.275, 4.15],
			"rotation": {"angle": 22.5, "axis": "y", "origin": [5, 4.475, 4]},
			"faces": {
				"east": {"uv": [7.3125, 0, 7.875, 0.5], "texture": "#0"},
				"west": {"uv": [2.8125, 0, 3.375, 0.5], "texture": "#0"}
			}
		},
		{
			"from": [4.25, 3.55, 3.85],
			"to": [5.75, 3.8, 4.15],
			"rotation": {"angle": 45, "axis": "y", "origin": [5, 8, 4]},
			"faces": {
				"east": {"uv": [7.875, 0, 8.4375, 0.5], "texture": "#0"},
				"west": {"uv": [3.375, 0, 3.9375, 0.5], "texture": "#0"}
			}
		},
		{
			"from": [4.25, 0.025, 3.85],
			"to": [5.75, 0.275, 4.15],
			"rotation": {"angle": 45, "axis": "y", "origin": [5, 4.475, 4]},
			"faces": {
				"east": {"uv": [7.875, 0, 8.4375, 0.5], "texture": "#0"},
				"west": {"uv": [3.375, 0, 3.9375, 0.5], "texture": "#0"}
			}
		},
		{
			"from": [4.85, 3.55, 3.25],
			"to": [5.15, 3.8, 4.75],
			"rotation": {"angle": -22.5, "axis": "y", "origin": [5, 8, 4]},
			"faces": {
				"north": {"uv": [8.4375, 0, 9, 0.5], "texture": "#0"},
				"south": {"uv": [3.9375, 0, 4.5, 0.5], "texture": "#0"}
			}
		},
		{
			"from": [4.85, 0.025, 3.25],
			"to": [5.15, 0.275, 4.75],
			"rotation": {"angle": -22.5, "axis": "y", "origin": [5, 4.475, 4]},
			"faces": {
				"north": {"uv": [8.4375, 0, 9, 0.5], "texture": "#0"},
				"south": {"uv": [3.9375, 0, 4.5, 0.5], "texture": "#0"}
			}
		},
		{
			"from": [4.25, 3.8, 3.25],
			"to": [5.75, 3.8, 4.75],
			"rotation": {"angle": 0, "axis": "y", "origin": [5, 8, 4]},
			"faces": {
				"up": {"uv": [12.875, 12.875, 16, 16], "texture": "#0"}
			}
		},
		{
			"from": [4.25, 0.025, 3.25],
			"to": [5.75, 0.025, 4.75],
			"rotation": {"angle": 0, "axis": "z", "origin": [5, 8.025, 4]},
			"faces": {
				"down": {"uv": [0, 13.125, 2.875, 16], "rotation": 180, "texture": "#0"}
			}
		}
	],
	"display": {
		"thirdperson_righthand": {
			"rotation": [0, 73.25, 0],
			"translation": [4.75, 7, -2.25]
		},
		"thirdperson_lefthand": {
			"rotation": [0, 148.5, 0],
			"translation": [4.75, 7, -2.25]
		},
		"firstperson_righthand": {
			"rotation": [-10, 154, 0],
			"translation": [6, 8.5, -15],
			"scale": [1.71484, 1.71484, 1.71484]
		},
		"firstperson_lefthand": {
			"rotation": [-10, -209.75, 0],
			"translation": [12.25, 10.25, -9.5],
			"scale": [1.71484, 1.71484, 1.71484]
		},
		"ground": {
			"translation": [2.75, 5.5, 4.5]
		},
		"gui": {
			"rotation": [30, 135, 0],
			"translation": [3.25, 30.25, 0],
			"scale": [3.85547, 3.85547, 3.85547]
		},
		"head": {
			"translation": [2.75, 0, -2.75]
		},
		"fixed": {
			"translation": [9, 15.75, 12.5],
			"scale": [4, 4, 4]
		}
	}
}