{
	"credit": "Made with Blockbench",
	"ambientocclusion": false,
	"texture_size": [512, 512],
	"textures": {
		"0": "block/fence_alpha",
		"1": "block/fence_composite01",
		"particle": "block/fence_alpha"
	},
	"elements": [
		{
			"from": [30.72855, 31.001, 7.14645],
			"to": [31.42855, 31.251, 8.85356],
			"shade": false,
			"rotation": {"angle": 22.5, "axis": "y", "origin": [31.07855, 31.126, 8]},
			"faces": {
				"north": {"uv": [1.03125, 7.28125, 1.39678, 7.39678], "texture": "#1"},
				"south": {"uv": [1.03125, 7.28125, 1.39678, 7.39678], "texture": "#1"},
				"up": {"uv": [1.03125, 6.65625, 1.39678, 7.36553], "texture": "#1"},
				"down": {"uv": [1.03125, 6.65625, 1.39678, 7.36553], "texture": "#1"}
			}
		},
		{
			"from": [-15.17145, 31.001, 7.14645],
			"to": [-14.47145, 31.251, 8.85356],
			"shade": false,
			"rotation": {"angle": 22.5, "axis": "y", "origin": [-14.82145, 31.126, 8]},
			"faces": {
				"north": {"uv": [1.03125, 7.28125, 1.39678, 7.39678], "texture": "#1"},
				"south": {"uv": [1.03125, 7.28125, 1.39678, 7.39678], "texture": "#1"},
				"up": {"uv": [1.03125, 6.65625, 1.39678, 7.36553], "texture": "#1"},
				"down": {"uv": [1.03125, 6.65625, 1.39678, 7.36553], "texture": "#1"}
			}
		},
		{
			"from": [30.225, 31.001, 7.65],
			"to": [31.93211, 31.251, 8.35],
			"shade": false,
			"rotation": {"angle": -22.5, "axis": "y", "origin": [31.07855, 31.126, 8]},
			"faces": {
				"east": {"uv": [1.03125, 7.28125, 1.39678, 7.39678], "texture": "#1"},
				"west": {"uv": [1.03125, 7.28125, 1.39678, 7.39678], "texture": "#1"},
				"up": {"uv": [1.03125, 6.65625, 1.39678, 7.36553], "rotation": 270, "texture": "#1"},
				"down": {"uv": [1.03125, 6.65625, 1.39678, 7.36553], "rotation": 90, "texture": "#1"}
			}
		},
		{
			"from": [-15.675, 31.001, 7.65],
			"to": [-13.96789, 31.251, 8.35],
			"shade": false,
			"rotation": {"angle": -22.5, "axis": "y", "origin": [-14.82145, 31.126, 8]},
			"faces": {
				"east": {"uv": [1.03125, 7.28125, 1.39678, 7.39678], "texture": "#1"},
				"west": {"uv": [1.03125, 7.28125, 1.39678, 7.39678], "texture": "#1"},
				"up": {"uv": [1.03125, 6.65625, 1.39678, 7.36553], "rotation": 270, "texture": "#1"},
				"down": {"uv": [1.03125, 6.65625, 1.39678, 7.36553], "rotation": 90, "texture": "#1"}
			}
		},
		{
			"from": [30.225, 31.001, 7.65],
			"to": [31.93211, 31.251, 8.35],
			"shade": false,
			"rotation": {"angle": 22.5, "axis": "y", "origin": [31.07855, 31.126, 8]},
			"faces": {
				"east": {"uv": [1.03125, 7.28125, 1.39678, 7.39678], "texture": "#1"},
				"west": {"uv": [1.03125, 7.28125, 1.39678, 7.39678], "texture": "#1"},
				"up": {"uv": [1.03125, 6.65625, 1.39678, 7.36553], "rotation": 270, "texture": "#1"},
				"down": {"uv": [1.03125, 6.65625, 1.39678, 7.36553], "rotation": 90, "texture": "#1"}
			}
		},
		{
			"from": [-15.675, 31.001, 7.65],
			"to": [-13.96789, 31.251, 8.35],
			"shade": false,
			"rotation": {"angle": 22.5, "axis": "y", "origin": [-14.82145, 31.126, 8]},
			"faces": {
				"east": {"uv": [1.03125, 7.28125, 1.39678, 7.39678], "texture": "#1"},
				"west": {"uv": [1.03125, 7.28125, 1.39678, 7.39678], "texture": "#1"},
				"up": {"uv": [1.03125, 6.65625, 1.39678, 7.36553], "rotation": 270, "texture": "#1"},
				"down": {"uv": [1.03125, 6.65625, 1.39678, 7.36553], "rotation": 90, "texture": "#1"}
			}
		},
		{
			"from": [30.72855, 31.001, 7.14645],
			"to": [31.42855, 31.251, 8.85356],
			"shade": false,
			"rotation": {"angle": -22.5, "axis": "y", "origin": [31.07855, 31.126, 8]},
			"faces": {
				"north": {"uv": [1.03125, 7.28125, 1.39678, 7.39678], "texture": "#1"},
				"south": {"uv": [1.03125, 7.28125, 1.39678, 7.39678], "texture": "#1"},
				"up": {"uv": [1.03125, 6.65625, 1.39678, 7.36553], "rotation": 180, "texture": "#1"},
				"down": {"uv": [1.03125, 6.65625, 1.39678, 7.36553], "rotation": 180, "texture": "#1"}
			}
		},
		{
			"from": [-15.17145, 31.001, 7.14645],
			"to": [-14.47145, 31.251, 8.85356],
			"shade": false,
			"rotation": {"angle": -22.5, "axis": "y", "origin": [-14.82145, 31.126, 8]},
			"faces": {
				"north": {"uv": [1.03125, 7.28125, 1.39678, 7.39678], "texture": "#1"},
				"south": {"uv": [1.03125, 7.28125, 1.39678, 7.39678], "texture": "#1"},
				"up": {"uv": [1.03125, 6.65625, 1.39678, 7.36553], "rotation": 180, "texture": "#1"},
				"down": {"uv": [1.03125, 6.65625, 1.39678, 7.36553], "rotation": 180, "texture": "#1"}
			}
		},
		{
			"from": [30.475, -16, 7.75],
			"to": [31.68211, 31.001, 8.25],
			"shade": false,
			"rotation": {"angle": 22.5, "axis": "y", "origin": [31.07855, 7.5005, 8]},
			"faces": {
				"east": {"uv": [5.96875, 0.25, 6.10938, 15.75], "texture": "#1"},
				"west": {"uv": [6.53125, 0.25, 6.67188, 15.75], "texture": "#1"}
			}
		},
		{
			"from": [-15.425, -16, 7.75],
			"to": [-14.21789, 31.001, 8.25],
			"shade": false,
			"rotation": {"angle": 22.5, "axis": "y", "origin": [-14.82145, 7.5005, 8]},
			"faces": {
				"east": {"uv": [5.96875, 0.25, 6.10938, 15.75], "texture": "#1"},
				"west": {"uv": [6.53125, 0.25, 6.67188, 15.75], "texture": "#1"}
			}
		},
		{
			"from": [30.82855, -16, 7.39645],
			"to": [31.32855, 31.001, 8.60356],
			"shade": false,
			"rotation": {"angle": -22.5, "axis": "y", "origin": [31.07855, 7.5005, 8]},
			"faces": {
				"north": {"uv": [6.10938, 0.25, 6.25, 15.75], "texture": "#1"},
				"south": {"uv": [6.67188, 0.25, 6.8125, 15.75], "texture": "#1"}
			}
		},
		{
			"from": [-15.07145, -16, 7.39645],
			"to": [-14.57145, 31.001, 8.60356],
			"shade": false,
			"rotation": {"angle": -22.5, "axis": "y", "origin": [-14.82145, 7.5005, 8]},
			"faces": {
				"north": {"uv": [6.10938, 0.25, 6.25, 15.75], "texture": "#1"},
				"south": {"uv": [6.67188, 0.25, 6.8125, 15.75], "texture": "#1"}
			}
		},
		{
			"from": [30.82855, -16, 7.39645],
			"to": [31.32855, 31.001, 8.60356],
			"shade": false,
			"rotation": {"angle": 22.5, "axis": "y", "origin": [31.07855, 7.5005, 8]},
			"faces": {
				"north": {"uv": [6.25, 0.25, 6.39063, 15.75], "texture": "#1"},
				"south": {"uv": [6.8125, 0.25, 6.95313, 15.75], "texture": "#1"}
			}
		},
		{
			"from": [-15.07145, -16, 7.39645],
			"to": [-14.57145, 31.001, 8.60356],
			"shade": false,
			"rotation": {"angle": 22.5, "axis": "y", "origin": [-14.82145, 7.5005, 8]},
			"faces": {
				"north": {"uv": [6.25, 0.25, 6.39063, 15.75], "texture": "#1"},
				"south": {"uv": [6.8125, 0.25, 6.95313, 15.75], "texture": "#1"}
			}
		},
		{
			"from": [30.475, -16, 7.75],
			"to": [31.68211, 31.001, 8.25],
			"shade": false,
			"rotation": {"angle": -22.5, "axis": "y", "origin": [31.07855, 7.5005, 8]},
			"faces": {
				"east": {"uv": [6.95313, 0.25, 7.09375, 15.75], "texture": "#1"},
				"west": {"uv": [6.39063, 0.25, 6.53125, 15.75], "texture": "#1"}
			}
		},
		{
			"from": [-15.425, -16, 7.75],
			"to": [-14.21789, 31.001, 8.25],
			"shade": false,
			"rotation": {"angle": -22.5, "axis": "y", "origin": [-14.82145, 7.5005, 8]},
			"faces": {
				"east": {"uv": [6.95313, 0.25, 7.09375, 15.75], "texture": "#1"},
				"west": {"uv": [6.39063, 0.25, 6.53125, 15.75], "texture": "#1"}
			}
		},
		{
			"from": [30.72855, -15.999, 7.14645],
			"to": [31.42855, -15.749, 8.85356],
			"shade": false,
			"rotation": {"angle": 22.5, "axis": "y", "origin": [31.07855, -15.874, 8]},
			"faces": {
				"north": {"uv": [1.03125, 7.28125, 1.39678, 7.39678], "texture": "#1"},
				"south": {"uv": [1.03125, 7.28125, 1.39678, 7.39678], "texture": "#1"},
				"up": {"uv": [1.03125, 6.65625, 1.39678, 7.36553], "texture": "#1"},
				"down": {"uv": [1.03125, 6.65625, 1.39678, 7.36553], "texture": "#1"}
			}
		},
		{
			"from": [-15.17145, -15.999, 7.14645],
			"to": [-14.47145, -15.749, 8.85356],
			"shade": false,
			"rotation": {"angle": 22.5, "axis": "y", "origin": [-14.82145, -15.874, 8]},
			"faces": {
				"north": {"uv": [1.03125, 7.28125, 1.39678, 7.39678], "texture": "#1"},
				"south": {"uv": [1.03125, 7.28125, 1.39678, 7.39678], "texture": "#1"},
				"up": {"uv": [1.03125, 6.65625, 1.39678, 7.36553], "texture": "#1"},
				"down": {"uv": [1.03125, 6.65625, 1.39678, 7.36553], "texture": "#1"}
			}
		},
		{
			"from": [30.225, -15.999, 7.65],
			"to": [31.93211, -15.749, 8.35],
			"shade": false,
			"rotation": {"angle": -22.5, "axis": "y", "origin": [31.07855, -15.874, 8]},
			"faces": {
				"east": {"uv": [1.03125, 7.28125, 1.39678, 7.39678], "texture": "#1"},
				"west": {"uv": [1.03125, 7.28125, 1.39678, 7.39678], "texture": "#1"},
				"up": {"uv": [1.03125, 6.65625, 1.39678, 7.36553], "rotation": 270, "texture": "#1"},
				"down": {"uv": [1.03125, 6.65625, 1.39678, 7.36553], "rotation": 90, "texture": "#1"}
			}
		},
		{
			"from": [-15.675, -15.999, 7.65],
			"to": [-13.96789, -15.749, 8.35],
			"shade": false,
			"rotation": {"angle": -22.5, "axis": "y", "origin": [-14.82145, -15.874, 8]},
			"faces": {
				"east": {"uv": [1.03125, 7.28125, 1.39678, 7.39678], "texture": "#1"},
				"west": {"uv": [1.03125, 7.28125, 1.39678, 7.39678], "texture": "#1"},
				"up": {"uv": [1.03125, 6.65625, 1.39678, 7.36553], "rotation": 270, "texture": "#1"},
				"down": {"uv": [1.03125, 6.65625, 1.39678, 7.36553], "rotation": 90, "texture": "#1"}
			}
		},
		{
			"from": [30.225, -15.999, 7.65],
			"to": [31.93211, -15.749, 8.35],
			"shade": false,
			"rotation": {"angle": 22.5, "axis": "y", "origin": [31.07855, -15.874, 8]},
			"faces": {
				"east": {"uv": [1.03125, 7.28125, 1.39678, 7.39678], "texture": "#1"},
				"west": {"uv": [1.03125, 7.28125, 1.39678, 7.39678], "texture": "#1"},
				"up": {"uv": [1.03125, 6.65625, 1.39678, 7.36553], "rotation": 270, "texture": "#1"},
				"down": {"uv": [1.03125, 6.65625, 1.39678, 7.36553], "rotation": 90, "texture": "#1"}
			}
		},
		{
			"from": [-15.675, -15.999, 7.65],
			"to": [-13.96789, -15.749, 8.35],
			"shade": false,
			"rotation": {"angle": 22.5, "axis": "y", "origin": [-14.82145, -15.874, 8]},
			"faces": {
				"east": {"uv": [1.03125, 7.28125, 1.39678, 7.39678], "texture": "#1"},
				"west": {"uv": [1.03125, 7.28125, 1.39678, 7.39678], "texture": "#1"},
				"up": {"uv": [1.03125, 6.65625, 1.39678, 7.36553], "rotation": 270, "texture": "#1"},
				"down": {"uv": [1.03125, 6.65625, 1.39678, 7.36553], "rotation": 90, "texture": "#1"}
			}
		},
		{
			"from": [30.72855, -15.999, 7.14645],
			"to": [31.42855, -15.749, 8.85356],
			"shade": false,
			"rotation": {"angle": -22.5, "axis": "y", "origin": [31.07855, -15.874, 8]},
			"faces": {
				"north": {"uv": [1.03125, 7.28125, 1.39678, 7.39678], "texture": "#1"},
				"south": {"uv": [1.03125, 7.28125, 1.39678, 7.39678], "texture": "#1"},
				"up": {"uv": [1.03125, 6.65625, 1.39678, 7.36553], "rotation": 180, "texture": "#1"},
				"down": {"uv": [1.03125, 6.65625, 1.39678, 7.36553], "rotation": 180, "texture": "#1"}
			}
		},
		{
			"from": [-15.17145, -15.999, 7.14645],
			"to": [-14.47145, -15.749, 8.85356],
			"shade": false,
			"rotation": {"angle": -22.5, "axis": "y", "origin": [-14.82145, -15.874, 8]},
			"faces": {
				"north": {"uv": [1.03125, 7.28125, 1.39678, 7.39678], "texture": "#1"},
				"south": {"uv": [1.03125, 7.28125, 1.39678, 7.39678], "texture": "#1"},
				"up": {"uv": [1.03125, 6.65625, 1.39678, 7.36553], "rotation": 180, "texture": "#1"},
				"down": {"uv": [1.03125, 6.65625, 1.39678, 7.36553], "rotation": 180, "texture": "#1"}
			}
		},
		{
			"from": [-14.29289, 29.92778, 7.69823],
			"to": [31.20711, 30.17778, 8.30178],
			"shade": false,
			"rotation": {"angle": 0, "axis": "x", "origin": [8.45711, 30.05278, 8]},
			"faces": {
				"north": {"uv": [6.03125, 0.28125, 6.125, 15.6875], "rotation": 90, "texture": "#1"},
				"south": {"uv": [6.03125, 0.28125, 6.125, 15.6875], "rotation": 90, "texture": "#1"}
			}
		},
		{
			"from": [-14.29289, 29.751, 7.875],
			"to": [31.20711, 30.35455, 8.125],
			"shade": false,
			"rotation": {"angle": 0, "axis": "x", "origin": [8.45711, 30.05278, 8]},
			"faces": {
				"up": {"uv": [6.03125, 0.28125, 6.125, 15.6875], "rotation": 270, "texture": "#1"},
				"down": {"uv": [6.03125, 0.28125, 6.125, 15.6875], "rotation": 90, "texture": "#1"}
			}
		},
		{
			"from": [-14.29289, 29.92778, 7.69823],
			"to": [31.20711, 30.17778, 8.30178],
			"shade": false,
			"rotation": {"angle": 45, "axis": "x", "origin": [8.45711, 30.05278, 8]},
			"faces": {
				"north": {"uv": [6.03125, 0.28125, 6.125, 15.6875], "rotation": 90, "texture": "#1"},
				"south": {"uv": [6.03125, 0.28125, 6.125, 15.6875], "rotation": 90, "texture": "#1"}
			}
		},
		{
			"from": [-14.29289, 29.751, 7.875],
			"to": [31.20711, 30.35455, 8.125],
			"shade": false,
			"rotation": {"angle": 45, "axis": "x", "origin": [8.45711, 30.05278, 8]},
			"faces": {
				"up": {"uv": [6.03125, 0.28125, 6.125, 15.6875], "rotation": 270, "texture": "#1"},
				"down": {"uv": [6.03125, 0.28125, 6.125, 15.6875], "rotation": 90, "texture": "#1"}
			}
		},
		{
			"from": [-14.29289, -13.44723, 7.69823],
			"to": [31.20711, -13.19723, 8.30178],
			"shade": false,
			"rotation": {"angle": 0, "axis": "x", "origin": [8.45711, -13.32223, 8]},
			"faces": {
				"north": {"uv": [6.03125, 0.28125, 6.125, 15.6875], "rotation": 90, "texture": "#1"},
				"south": {"uv": [6.03125, 0.28125, 6.125, 15.6875], "rotation": 90, "texture": "#1"}
			}
		},
		{
			"from": [-14.29289, -13.624, 7.875],
			"to": [31.20711, -13.02045, 8.125],
			"shade": false,
			"rotation": {"angle": 0, "axis": "x", "origin": [8.45711, -13.32223, 8]},
			"faces": {
				"up": {"uv": [6.03125, 0.28125, 6.125, 15.6875], "rotation": 270, "texture": "#1"},
				"down": {"uv": [6.03125, 0.28125, 6.125, 15.6875], "rotation": 90, "texture": "#1"}
			}
		},
		{
			"from": [-14.29289, -13.44723, 7.69823],
			"to": [31.20711, -13.19723, 8.30178],
			"shade": false,
			"rotation": {"angle": 45, "axis": "x", "origin": [8.45711, -13.32223, 8]},
			"faces": {
				"north": {"uv": [6.03125, 0.28125, 6.125, 15.6875], "rotation": 90, "texture": "#1"},
				"south": {"uv": [6.03125, 0.28125, 6.125, 15.6875], "rotation": 90, "texture": "#1"}
			}
		},
		{
			"from": [-14.29289, -13.624, 7.875],
			"to": [31.20711, -13.02045, 8.125],
			"shade": false,
			"rotation": {"angle": 45, "axis": "x", "origin": [8.45711, -13.32223, 8]},
			"faces": {
				"up": {"uv": [6.03125, 0.28125, 6.125, 15.6875], "rotation": 270, "texture": "#1"},
				"down": {"uv": [6.03125, 0.28125, 6.125, 15.6875], "rotation": 90, "texture": "#1"}
			}
		},
		{
			"from": [-14.29289, -13.07045, 8.003],
			"to": [31.20711, 29.75095, 7.999],
			"shade": false,
			"rotation": {"angle": 0, "axis": "y", "origin": [3.58211, 62.56528, 8.003]},
			"faces": {
				"north": {"uv": [16, 0, 0, 15.986], "texture": "#0"},
				"south": {"uv": [0, 0, 16, 15.986], "texture": "#0"}
			}
		}
	],
	"display": {
		"thirdperson_righthand": {
			"scale": [0.2, 0.2, 0.2]
		},
		"thirdperson_lefthand": {
			"scale": [0.2, 0.2, 0.2]
		},
		"firstperson_righthand": {
			"rotation": [0, 124.5, -15.5],
			"translation": [0, 2.5, 0],
			"scale": [0.21484, 0.21484, 0.21484]
		},
		"firstperson_lefthand": {
			"rotation": [0, 124.5, -15.5],
			"translation": [0, 2.5, 0],
			"scale": [0.21484, 0.21484, 0.21484]
		},
		"ground": {
			"translation": [0, 3, 0],
			"scale": [0.25, 0.25, 0.25]
		},
		"gui": {
			"rotation": [30, -135, 0],
			"translation": [-0.5, 0, 0],
			"scale": [0.28125, 0.28125, 0.28125]
		},
		"head": {
			"translation": [0, 0, -6.75],
			"scale": [0.32227, 0.32227, 0.32227]
		},
		"fixed": {
			"translation": [0, 0, 0.75],
			"scale": [4, 4, 4]
		}
	},
	"groups": [
		{
			"name": "cap",
			"shade": false,
			"origin": [0.60355, 6.126, 8],
			"children": [0, 1, 2, 3, 4, 5, 6, 7]
		},
		{
			"name": "pole",
			"shade": false,
			"origin": [0.60355, 0.501, 8],
			"children": [8, 9, 10, 11, 12, 13, 14, 15]
		},
		{
			"name": "foot",
			"shade": false,
			"origin": [0.60355, 6.126, 8],
			"children": [16, 17, 18, 19, 20, 21, 22, 23]
		},
		{
			"name": "top bar",
			"shade": false,
			"origin": [1.70711, 4.80278, 8],
			"children": [24, 25, 26, 27]
		},
		{
			"name": "bottom bar",
			"shade": false,
			"origin": [1.70711, 4.80278, 8],
			"children": [28, 29, 30, 31]
		},
		{
			"name": "fence",
			"shade": false,
			"origin": [-13.54289, 30.44923, 8],
			"children": [32]
		}
	]
}