{
	"credit": "Made with Blockbench",
	"texture_size": [512, 512],
	"textures": {
		"0": "block/health_charger001",
		"particle": "block/health_charger001"
	},
	"elements": [
		{
			"from": [3.5, 9.25, 0],
			"to": [7, 17, 2.5],
			"rotation": {"angle": 0, "axis": "y", "origin": [8, 8, 7]},
			"faces": {
				"east": {"uv": [10, 0, 7.25, 7.34375], "texture": "#0"},
				"south": {"uv": [7.25, 0, 10.3125, 7.34375], "texture": "#0"},
				"west": {"uv": [5.4375, 0, 7, 6.77557], "texture": "#0"},
				"up": {"uv": [0.625, 9.5, 2.21875, 10.625], "rotation": 180, "texture": "#0"},
				"down": {"uv": [15.09375, 0.03125, 15.25, 7.59375], "texture": "#0"}
			}
		},
		{
			"from": [3.50071, 0.25, 2.49929],
			"to": [6.50071, 5.5, 2.49929],
			"rotation": {"angle": 0, "axis": "y", "origin": [7.50071, 8.25, 6.99929]},
			"faces": {
				"south": {"uv": [7.625, 8.78125, 9.78125, 12.90625], "texture": "#0"}
			}
		},
		{
			"from": [7.60071, 0.25, 2.34929],
			"to": [13.20071, 3.425, 2.49929],
			"rotation": {"angle": 0, "axis": "y", "origin": [2.00071, 8.1, 6.99929]},
			"faces": {
				"north": {"uv": [16, 9.25, 11.53125, 11.21875], "texture": "#0"},
				"east": {"uv": [12.375, 13.625, 15.96878, 13.78125], "rotation": 270, "texture": "#0"},
				"south": {"uv": [11.53125, 9.25, 15.90625, 11.21875], "texture": "#0"},
				"up": {"uv": [11.6875, 9.15625, 15.90625, 9.28109], "rotation": 180, "texture": "#0"}
			}
		},
		{
			"from": [8.80071, -1.77646, 1.19916],
			"to": [13.20071, -0.30146, 1.34916],
			"rotation": {"angle": 45, "axis": "x", "origin": [10.60071, -1.41396, 1.34916]},
			"faces": {
				"north": {"uv": [15.96875, 12.125, 12.375, 13.78125], "texture": "#0"},
				"east": {"uv": [14.625, 13.625, 15.96875, 13.78125], "rotation": 270, "texture": "#0"},
				"south": {"uv": [12.375, 12.125, 15.96875, 13.78125], "texture": "#0"}
			}
		},
		{
			"from": [7.60071, -0.70057, 2.35415],
			"to": [13.20071, 0.24943, 2.50415],
			"rotation": {"angle": 22.5, "axis": "x", "origin": [10.60071, 0.26193, 2.50415]},
			"faces": {
				"north": {"uv": [16, 11.1875, 11.53125, 12.1875], "texture": "#0"},
				"east": {"uv": [14.625, 13.625, 15.96875, 13.78125], "rotation": 270, "texture": "#0"},
				"south": {"uv": [11.53125, 11.1875, 15.90625, 12.1875], "texture": "#0"}
			}
		},
		{
			"from": [2.75071, 0.25, 2.49929],
			"to": [3.50071, 5.5, 2.49929],
			"rotation": {"angle": -45, "axis": "y", "origin": [3.50071, 3.25, 2.49929]},
			"faces": {
				"south": {"uv": [7.3125, 8.78125, 7.59375, 12.90625], "texture": "#0"}
			}
		},
		{
			"from": [3, 9.25, 1.8],
			"to": [7, 16.975, 2],
			"rotation": {"angle": 0, "axis": "y", "origin": [8, 8, 7]},
			"faces": {
				"north": {"uv": [12.4375, 0.03125, 15.25, 7.59375], "texture": "#0"},
				"south": {"uv": [7, 0, 10.3125, 7.34375], "texture": "#0"},
				"west": {"uv": [15.09375, 0.03125, 15.25, 7.59375], "texture": "#0"},
				"up": {"uv": [15.25, 0.03125, 15.40625, 2.6875], "rotation": 270, "texture": "#0"}
			}
		},
		{
			"from": [3.5, 7.25, 0],
			"to": [5.875, 9.25, 2.5],
			"rotation": {"angle": 0, "axis": "y", "origin": [8, 10.25, 7]},
			"faces": {
				"south": {"uv": [7.25, 7.34375, 9.40625, 8.78125], "texture": "#0"},
				"west": {"uv": [5.4375, 6.77553, 7, 8.21862], "texture": "#0"}
			}
		},
		{
			"from": [3, 7.265, 1.8],
			"to": [4.875, 9.25, 2],
			"rotation": {"angle": 0, "axis": "y", "origin": [8, 10.25, 7]},
			"faces": {
				"north": {"uv": [14.1875, 7.53125, 15.34375, 9.125], "texture": "#0"},
				"south": {"uv": [7, 7.34375, 9.40625, 8.78125], "texture": "#0"},
				"west": {"uv": [15.09375, 6.53125, 15.25, 7.5625], "texture": "#0"},
				"down": {"uv": [15.25, 0.03125, 15.40625, 2.6875], "rotation": 90, "texture": "#0"}
			}
		},
		{
			"from": [5.875, 7.25, 2.5],
			"to": [7, 9.25, 2.5],
			"rotation": {"angle": 0, "axis": "y", "origin": [8, 10.25, 7]},
			"faces": {
				"south": {"uv": [9.40625, 7.34375, 10.34375, 8.78125], "texture": "#0"}
			}
		},
		{
			"from": [7.5, 6, 0],
			"to": [13.55, 17, 2.5],
			"rotation": {"angle": 0, "axis": "y", "origin": [8, 8, 7]},
			"faces": {
				"east": {"uv": [15.59375, 0.40625, 14.53125, 4.96875], "texture": "#0"},
				"south": {"uv": [10.34375, 0, 15.59375, 9.125], "texture": "#0"},
				"up": {"uv": [0, 9.5, 2.21875, 10.625], "rotation": 180, "texture": "#0"}
			}
		},
		{
			"from": [7.5, 7.25, 2.25],
			"to": [7.5, 17, 2.5],
			"rotation": {"angle": 0, "axis": "y", "origin": [8, 8, 7]},
			"faces": {
				"west": {"uv": [14.40625, 0.15625, 15.09375, 3.875], "texture": "#0"}
			}
		},
		{
			"from": [7.499, 16.5, 0],
			"to": [7.499, 17, 2.25],
			"rotation": {"angle": 0, "axis": "y", "origin": [7.999, 8, 6.75]},
			"faces": {
				"west": {"uv": [7.25, 0, 10, 0.65625], "texture": "#0"}
			}
		},
		{
			"from": [13.55, 7.7, 0],
			"to": [14, 16.55, 2.05],
			"rotation": {"angle": 0, "axis": "y", "origin": [8, 8, 7]},
			"faces": {
				"east": {"uv": [15.59375, 0.40625, 14.53125, 4.96875], "texture": "#0"},
				"south": {"uv": [10.34375, 0.15625, 15.59375, 8.78125], "texture": "#0"},
				"up": {"uv": [8.90625, 6.65625, 8.9375, 6.6875], "texture": "#0"},
				"down": {"uv": [0, 0, 0.14063, 0.10938], "texture": "#missing"}
			}
		},
		{
			"from": [3.55, 7.5, 0],
			"to": [8.5, 16.5, 2.25],
			"rotation": {"angle": 0, "axis": "y", "origin": [8, 8, 7]},
			"faces": {
				"south": {"uv": [0, 0, 3.15625, 6.1875], "texture": "#0"},
				"up": {"uv": [0.625, 9.5, 2.21875, 10.625], "rotation": 180, "texture": "#0"}
			}
		},
		{
			"from": [3.55, 3.75, -0.001],
			"to": [5.8, 7.5, 2.249],
			"rotation": {"angle": 0, "axis": "y", "origin": [5.8, 5.625, 2.249]},
			"faces": {
				"south": {"uv": [0.03125, 6.21875, 1.8125, 8.46875], "texture": "#0"},
				"west": {"uv": [5.4375, 6.36928, 7, 8.28112], "rotation": 180, "texture": "#0"}
			}
		},
		{
			"from": [3.55, 1, -0.001],
			"to": [3.55, 3.75, 2.249],
			"rotation": {"angle": 0, "axis": "y", "origin": [5.8, 1.875, -3.751]},
			"faces": {
				"west": {"uv": [5.4375, 7.96709, 7, 5.27513], "rotation": 180, "texture": "#0"}
			}
		},
		{
			"from": [3.69258, -1.32184, -0.001],
			"to": [4.19258, 1.02816, 2.249],
			"rotation": {"angle": 22.5, "axis": "z", "origin": [3.69258, 0.65316, 1.124]},
			"faces": {
				"east": {"uv": [5.4375, 8.28072, 7, 6.93166], "rotation": 180, "texture": "#0"},
				"south": {"uv": [5.75, 8.28072, 5.4375, 6.93166], "rotation": 180, "texture": "#0"},
				"west": {"uv": [5.4375, 8.28072, 7, 6.93166], "rotation": 180, "texture": "#0"},
				"down": {"uv": [5.75, 8.28072, 5.4375, 6.93166], "texture": "#0"}
			}
		},
		{
			"from": [3.55, 2, 0.049],
			"to": [7.8, 3.75, 2.249],
			"rotation": {"angle": 0, "axis": "y", "origin": [5.8, 5.875, 2.249]},
			"faces": {
				"south": {"uv": [0.21875, 5.0625, 2.5625, 6.17969], "texture": "#0"},
				"up": {"uv": [1.625, 6.21875, 0.46875, 8.46875], "rotation": 270, "texture": "#0"}
			}
		},
		{
			"from": [3.551, 1, -0.001],
			"to": [8.05, 2, 2.349],
			"rotation": {"angle": 0, "axis": "y", "origin": [5.8, 6.125, 2.249]},
			"faces": {
				"south": {"uv": [12.375, 12.125, 15.96875, 13.78125], "texture": "#0"},
				"up": {"uv": [12.375, 12.125, 15.96875, 13.78125], "texture": "#0"},
				"down": {"uv": [12.375, 12.125, 15.96875, 13.78125], "texture": "#0"}
			}
		},
		{
			"from": [8.05, 1, -0.001],
			"to": [13.149, 2, 2.349],
			"rotation": {"angle": 0, "axis": "y", "origin": [5.299, 6.125, 2.249]},
			"faces": {
				"south": {"uv": [12.375, 12.125, 15.96875, 13.78125], "texture": "#0"},
				"up": {"uv": [12.375, 12.125, 15.96875, 13.78125], "texture": "#0"},
				"down": {"uv": [12.375, 12.125, 15.96875, 13.78125], "texture": "#0"}
			}
		},
		{
			"from": [5.5, 3.75, -0.001],
			"to": [5.5, 7.5, 2.249],
			"rotation": {"angle": 0, "axis": "y", "origin": [5.5, 5.625, 1.124]},
			"faces": {
				"east": {"uv": [1.625, 6.21875, 0.46875, 8.46875], "texture": "#0"}
			}
		},
		{
			"from": [5.87123, 7.37409, -0.001],
			"to": [9.62123, 7.37409, 2.249],
			"rotation": {"angle": 0, "axis": "z", "origin": [7.74623, 7.37409, 1.124]},
			"faces": {
				"up": {"uv": [0.46875, 6.21875, 1.8125, 8.46875], "rotation": 90, "texture": "#0"},
				"down": {"uv": [1.625, 6.21875, 0.46875, 8.46875], "rotation": 270, "texture": "#0"}
			}
		},
		{
			"from": [4.525, 6.375, -0.001],
			"to": [4.525, 7.125, 2.249],
			"rotation": {"angle": -45, "axis": "z", "origin": [5.5, 5.625, 1.124]},
			"faces": {
				"east": {"uv": [1.625, 6.21875, 0.46875, 6.65625], "texture": "#0"},
				"west": {"uv": [0.46875, 6.21875, 1.8125, 8.46875], "texture": "#0"}
			}
		},
		{
			"from": [5.775, 3.525, 2.749],
			"to": [9.275, 7.025, 2.749],
			"rotation": {"angle": 0, "axis": "y", "origin": [7.525, 5.275, 2.749]},
			"faces": {
				"south": {"uv": [0, 13.34375, 2.65625, 16], "texture": "#0"}
			}
		},
		{
			"from": [6.525, 4.275, 1.599],
			"to": [8.525, 6.275, 1.599],
			"rotation": {"angle": 0, "axis": "y", "origin": [7.475, 5.275, 2.349]},
			"faces": {
				"south": {"uv": [1.8125, 6.40625, 3.34375, 7.9375], "texture": "#0"}
			}
		},
		{
			"from": [9.275, 4.125, 2.749],
			"to": [13.88676, 5.925, 2.749],
			"rotation": {"angle": 0, "axis": "y", "origin": [4.275, 4.525, -1.501]},
			"faces": {
				"south": {"uv": [2.65625, 14.1875, 6.15625, 15.53125], "texture": "#0"}
			}
		},
		{
			"from": [5.8, 7.25, 2.249],
			"to": [8.05, 7.5, 2.249],
			"rotation": {"angle": 0, "axis": "y", "origin": [7.8, 3.75, -2.001]},
			"faces": {
				"north": {"uv": [2.84375, 6.1875, 1.8125, 6.40625], "texture": "#0"},
				"south": {"uv": [1.8125, 6.1875, 2.84375, 6.40625], "texture": "#0"}
			}
		},
		{
			"from": [3.14645, 9.25, 1.93934],
			"to": [3.14545, 17, 2.64645],
			"rotation": {"angle": 45, "axis": "y", "origin": [3.14645, 16.5, 2.14645]},
			"faces": {
				"west": {"uv": [7, 0, 7.28125, 7.34375], "texture": "#0"}
			}
		},
		{
			"from": [3.14645, 7.25, 1.93934],
			"to": [3.14545, 9.25, 2.64645],
			"rotation": {"angle": 45, "axis": "y", "origin": [3.14645, 8.75, 2.14645]},
			"faces": {
				"north": {"uv": [0, 0, 0, 0.34375], "texture": "#missing"},
				"east": {"uv": [0, 0, 0.0221, 0.34375], "texture": "#missing"},
				"south": {"uv": [0, 0, 0, 0.34375], "texture": "#missing"},
				"west": {"uv": [7, 7.34375, 7.28125, 8.78125], "texture": "#0"},
				"up": {"uv": [0, 0, 0, 0.0221], "texture": "#missing"},
				"down": {"uv": [0, 0, 0, 0.0221], "texture": "#missing"}
			}
		},
		{
			"from": [16.86371, 6, -5.5],
			"to": [17.5001, 17, -5.5],
			"rotation": {"angle": 45, "axis": "y", "origin": [24.86371, 24, 2.5]},
			"faces": {
				"south": {"uv": [15.625, 0, 15.96875, 9.125], "texture": "#0"}
			}
		},
		{
			"from": [13.90609, 16.32429, 0],
			"to": [13.90709, 16.96069, 2.5],
			"rotation": {"angle": 45, "axis": "z", "origin": [13.68109, 16.54929, -0.5]},
			"faces": {
				"east": {"uv": [10.0625, 8.78125, 10.34375, 10.46875], "rotation": 270, "texture": "#0"}
			}
		},
		{
			"from": [13.77415, 7.15716, 0],
			"to": [13.77515, 7.79355, 2.45],
			"rotation": {"angle": -45, "axis": "z", "origin": [13.77465, 7.47535, 0.75]},
			"faces": {
				"east": {"uv": [10.0625, 10.46875, 10.34375, 8.78125], "rotation": 90, "texture": "#0"}
			}
		},
		{
			"from": [2.99929, 16.975, 2.00071],
			"to": [3.49929, 16.975, 2.50071],
			"rotation": {"angle": 0, "axis": "y", "origin": [10.99929, 25, 10.00071]},
			"faces": {
				"up": {"uv": [10.0625, 8.78125, 10.34375, 9.09375], "rotation": 270, "texture": "#0"}
			}
		},
		{
			"from": [3, 7.249, 2],
			"to": [3.5, 7.249, 2.5],
			"rotation": {"angle": 0, "axis": "z", "origin": [3.25, 7.249, 2.25]},
			"faces": {
				"down": {"uv": [10.0625, 9.09375, 10.34375, 8.78125], "rotation": 90, "texture": "#0"}
			}
		},
		{
			"from": [7.8, 6.325, 2.975],
			"to": [12.8, 11.325, 2.975],
			"rotation": {"angle": 0, "axis": "y", "origin": [10.3, 8.825, 2.625]},
			"faces": {
				"south": {"uv": [3.75, 10.65625, 7.3125, 14.1875], "texture": "#0"}
			}
		},
		{
			"name": "hexadecagon",
			"from": [7.93311, 6.81138, 2.125],
			"to": [7.93311, 7.76138, 2.925],
			"rotation": {"angle": -22.5, "axis": "z", "origin": [7.93311, 7.16138, 2.525]},
			"faces": {
				"east": {"uv": [3.5625, 14.3125, 4.0625, 14.65625], "texture": "#0"},
				"west": {"uv": [3.5625, 14.3125, 4.0625, 14.65625], "texture": "#0"}
			}
		},
		{
			"name": "hexadecagon",
			"from": [7.98095, 6.42418, 2.125],
			"to": [7.98095, 6.87418, 2.925],
			"rotation": {"angle": 22.5, "axis": "z", "origin": [7.98095, 6.39918, 2.525]},
			"faces": {
				"east": {"uv": [3.5625, 14.3125, 4.0625, 14.65625], "texture": "#0"},
				"west": {"uv": [3.5625, 14.3125, 4.0625, 14.65625], "texture": "#0"}
			}
		},
		{
			"name": "hexadecagon",
			"from": [8.01189, 6.62264, 2.125],
			"to": [8.16189, 6.62264, 2.925],
			"rotation": {"angle": -22.5, "axis": "z", "origin": [7.48689, 6.62264, 2.525]},
			"faces": {
				"up": {"uv": [3.5625, 14.3125, 4.0625, 14.65625], "rotation": 270, "texture": "#0"},
				"down": {"uv": [3.5625, 14.3125, 4.0625, 14.65625], "rotation": 270, "texture": "#0"}
			}
		},
		{
			"name": "hexadecagon",
			"from": [8.11051, 6.36333, 2.125],
			"to": [8.21051, 6.36333, 2.925],
			"rotation": {"angle": 0, "axis": "z", "origin": [8.18551, 6.36333, 2.525]},
			"faces": {
				"up": {"uv": [3.5625, 14.3125, 4.0625, 14.65625], "rotation": 270, "texture": "#0"},
				"down": {"uv": [3.5625, 14.3125, 4.0625, 14.65625], "rotation": 270, "texture": "#0"}
			}
		},
		{
			"name": "hexadecagon",
			"from": [8.21051, 6.36333, 2.125],
			"to": [9.06051, 6.36333, 2.925],
			"rotation": {"angle": 45, "axis": "z", "origin": [8.21051, 6.36333, 2.525]},
			"faces": {
				"up": {"uv": [3.5625, 14.3125, 4.0625, 14.65625], "rotation": 270, "texture": "#0"},
				"down": {"uv": [3.5625, 14.3125, 4.6875, 14.65625], "texture": "#0"}
			}
		},
		{
			"name": "hexadecagon",
			"from": [9.69956, 6.28227, 2.125],
			"to": [10.69412, 6.98227, 2.925],
			"rotation": {"angle": -45, "axis": "z", "origin": [10.3, 8.67912, 2.525]},
			"faces": {
				"south": {"uv": [3.5625, 14.3125, 4.0625, 14.65625], "texture": "#0"},
				"up": {"uv": [3.5625, 14.3125, 4.0625, 14.65625], "texture": "#0"},
				"down": {"uv": [3.5625, 14.3125, 4.0625, 14.65625], "texture": "#0"}
			}
		},
		{
			"name": "hexadecagon",
			"from": [9.74689, 6.3139, 2.125],
			"to": [10.74145, 7.0139, 2.925],
			"rotation": {"angle": -22.5, "axis": "z", "origin": [10.3, 8.67912, 2.525]},
			"faces": {
				"south": {"uv": [3.5625, 14.3125, 4.0625, 14.65625], "texture": "#0"},
				"up": {"uv": [3.5625, 14.3125, 4.0625, 14.65625], "texture": "#0"},
				"down": {"uv": [3.5625, 14.3125, 4.0625, 14.65625], "texture": "#0"}
			}
		},
		{
			"name": "hexadecagon",
			"from": [9.80272, 6.325, 2.125],
			"to": [10.79728, 7.025, 2.925],
			"rotation": {"angle": 0, "axis": "z", "origin": [10.3, 8.67912, 2.525]},
			"faces": {
				"south": {"uv": [3.5625, 14.3125, 4.0625, 14.65625], "texture": "#0"},
				"up": {"uv": [3.5625, 14.3125, 4.0625, 14.65625], "texture": "#0"},
				"down": {"uv": [3.5625, 14.3125, 4.0625, 14.65625], "texture": "#0"}
			}
		},
		{
			"name": "hexadecagon",
			"from": [9.85855, 6.3139, 2.125],
			"to": [10.85311, 7.0139, 2.925],
			"rotation": {"angle": 22.5, "axis": "z", "origin": [10.3, 8.67912, 2.525]},
			"faces": {
				"south": {"uv": [3.5625, 14.3125, 4.0625, 14.65625], "texture": "#0"},
				"up": {"uv": [3.5625, 14.3125, 4.0625, 14.65625], "texture": "#0"},
				"down": {"uv": [3.5625, 14.3125, 4.0625, 14.65625], "texture": "#0"}
			}
		},
		{
			"name": "hexadecagon",
			"from": [9.90588, 6.28227, 2.125],
			"to": [10.90044, 6.98227, 2.925],
			"rotation": {"angle": 45, "axis": "z", "origin": [10.3, 8.67912, 2.525]},
			"faces": {
				"south": {"uv": [3.5625, 14.3125, 4.0625, 14.65625], "texture": "#0"},
				"up": {"uv": [3.5625, 14.3125, 4.0625, 14.65625], "texture": "#0"},
				"down": {"uv": [3.5625, 14.3125, 4.0625, 14.65625], "texture": "#0"}
			}
		},
		{
			"name": "hexadecagon",
			"from": [9.69956, 10.58227, 2.125],
			"to": [10.69412, 11.28227, 2.925],
			"rotation": {"angle": -45, "axis": "z", "origin": [10.3, 8.67912, 2.525]},
			"faces": {
				"south": {"uv": [3.5625, 14.3125, 4.0625, 14.65625], "texture": "#0"},
				"up": {"uv": [3.5625, 14.3125, 4.0625, 14.65625], "texture": "#0"},
				"down": {"uv": [3.5625, 14.3125, 4.0625, 14.65625], "texture": "#0"}
			}
		},
		{
			"name": "hexadecagon",
			"from": [9.84689, 10.6139, 2.125],
			"to": [10.74145, 11.3139, 2.925],
			"rotation": {"angle": -22.5, "axis": "z", "origin": [10.3, 8.67912, 2.525]},
			"faces": {
				"south": {"uv": [3.5625, 14.3125, 4.0625, 14.65625], "texture": "#0"},
				"west": {"uv": [3.5625, 14.3125, 4.0625, 14.65625], "texture": "#0"},
				"up": {"uv": [3.5625, 14.3125, 4.0625, 14.65625], "texture": "#0"},
				"down": {"uv": [3.5625, 14.3125, 4.0625, 14.65625], "texture": "#0"}
			}
		},
		{
			"name": "hexadecagon",
			"from": [9.85855, 10.6139, 2.125],
			"to": [10.75311, 11.3139, 2.925],
			"rotation": {"angle": 22.5, "axis": "z", "origin": [10.3, 8.67912, 2.525]},
			"faces": {
				"east": {"uv": [3.5625, 14.3125, 4.0625, 14.65625], "texture": "#0"},
				"south": {"uv": [3.5625, 14.3125, 4.0625, 14.65625], "texture": "#0"},
				"up": {"uv": [3.5625, 14.3125, 4.0625, 14.65625], "texture": "#0"},
				"down": {"uv": [3.5625, 14.3125, 4.0625, 14.65625], "texture": "#0"}
			}
		},
		{
			"name": "hexadecagon",
			"from": [9.90588, 10.58227, 2.125],
			"to": [10.90044, 11.28227, 2.925],
			"rotation": {"angle": 45, "axis": "z", "origin": [10.3, 8.67912, 2.525]},
			"faces": {
				"south": {"uv": [3.5625, 14.3125, 4.0625, 14.65625], "texture": "#0"},
				"up": {"uv": [3.5625, 14.3125, 4.0625, 14.65625], "texture": "#0"},
				"down": {"uv": [3.5625, 14.3125, 4.0625, 14.65625], "texture": "#0"}
			}
		},
		{
			"name": "hexadecagon",
			"from": [7.74417, 8.31661, 2.125],
			"to": [8.44417, 9.31118, 2.925],
			"rotation": {"angle": -22.5, "axis": "z", "origin": [10.3, 8.67912, 2.525]},
			"faces": {
				"east": {"uv": [3.5625, 14.3125, 4.0625, 14.65625], "texture": "#0"},
				"south": {"uv": [3.5625, 14.3125, 4.0625, 14.65625], "texture": "#0"},
				"west": {"uv": [3.5625, 14.3125, 4.0625, 14.65625], "texture": "#0"}
			}
		},
		{
			"name": "hexadecagon",
			"from": [7.8, 8.32772, 2.125],
			"to": [8.5, 9.32228, 2.925],
			"rotation": {"angle": 0, "axis": "z", "origin": [10.3, 8.67912, 2.525]},
			"faces": {
				"east": {"uv": [3.5625, 14.3125, 4.0625, 14.65625], "texture": "#0"},
				"south": {"uv": [3.5625, 14.3125, 4.0625, 14.65625], "texture": "#0"},
				"west": {"uv": [3.5625, 14.3125, 4.0625, 14.65625], "texture": "#0"}
			}
		},
		{
			"name": "hexadecagon",
			"from": [7.85583, 8.31661, 2.125],
			"to": [8.55583, 9.31118, 2.925],
			"rotation": {"angle": 22.5, "axis": "z", "origin": [10.3, 8.67912, 2.525]},
			"faces": {
				"east": {"uv": [3.5625, 14.3125, 4.0625, 14.65625], "texture": "#0"},
				"south": {"uv": [3.5625, 14.3125, 4.0625, 14.65625], "texture": "#0"},
				"west": {"uv": [3.5625, 14.3125, 4.0625, 14.65625], "texture": "#0"}
			}
		},
		{
			"name": "hexadecagon",
			"from": [12.04417, 8.31661, 2.125],
			"to": [12.74417, 9.31118, 2.925],
			"rotation": {"angle": -22.5, "axis": "z", "origin": [10.3, 8.67912, 2.525]},
			"faces": {
				"east": {"uv": [3.5625, 14.3125, 4.0625, 14.65625], "texture": "#0"},
				"south": {"uv": [3.5625, 14.3125, 4.0625, 14.65625], "texture": "#0"},
				"west": {"uv": [3.5625, 14.3125, 4.0625, 14.65625], "texture": "#0"}
			}
		},
		{
			"name": "hexadecagon",
			"from": [12.1, 8.32772, 2.125],
			"to": [12.8, 9.32228, 2.925],
			"rotation": {"angle": 0, "axis": "z", "origin": [10.3, 8.67912, 2.525]},
			"faces": {
				"east": {"uv": [3.5625, 14.3125, 4.0625, 14.65625], "texture": "#0"},
				"south": {"uv": [3.5625, 14.3125, 4.0625, 14.65625], "texture": "#0"},
				"west": {"uv": [3.5625, 14.3125, 4.0625, 14.65625], "texture": "#0"}
			}
		},
		{
			"name": "hexadecagon",
			"from": [12.15583, 8.31661, 2.125],
			"to": [12.85583, 9.31118, 2.925],
			"rotation": {"angle": 22.5, "axis": "z", "origin": [10.3, 8.67912, 2.525]},
			"faces": {
				"east": {"uv": [3.5625, 14.3125, 4.0625, 14.65625], "texture": "#0"},
				"south": {"uv": [3.5625, 14.3125, 4.0625, 14.65625], "texture": "#0"},
				"west": {"uv": [3.5625, 14.3125, 4.0625, 14.65625], "texture": "#0"}
			}
		},
		{
			"from": [9.71033, 11.28673, 1.925],
			"to": [10.88967, 16.81173, 3],
			"rotation": {"angle": 0, "axis": "y", "origin": [17.71033, 19.28673, 9.925]},
			"faces": {
				"east": {"uv": [10.59375, 9.15625, 11.53125, 12.90625], "texture": "#0"},
				"south": {"uv": [10.59375, 9.84375, 11.5, 12.90625], "texture": "#0"},
				"west": {"uv": [10.59375, 9.15625, 11.53125, 12.90625], "texture": "#0"},
				"up": {"uv": [10.59375, 9.15625, 11.53125, 12.90625], "texture": "#0"}
			}
		},
		{
			"from": [9.71033, 16.29938, -0.01265],
			"to": [10.88967, 17.32438, 2.48735],
			"rotation": {"angle": 0, "axis": "x", "origin": [10.325, 16.81188, 2.62485]},
			"faces": {
				"east": {"uv": [10.9375, 9.15625, 11.53125, 12.90625], "rotation": 270, "texture": "#0"},
				"south": {"uv": [10.59375, 9.15625, 11.53125, 12.90625], "texture": "#0"},
				"west": {"uv": [10.9375, 9.15625, 11.53125, 12.90625], "rotation": 270, "texture": "#0"},
				"up": {"uv": [11.53125, 9.25, 10.625, 11.71875], "rotation": 180, "texture": "#0"}
			}
		},
		{
			"from": [9.73533, 16.34317, 1.86878],
			"to": [10.86467, 17.06817, 2.89378],
			"rotation": {"angle": -45, "axis": "x", "origin": [10.3, 16.70567, 2.38128]},
			"faces": {
				"east": {"uv": [10.59375, 9.15625, 11.53125, 12.90625], "texture": "#0"},
				"south": {"uv": [10.59375, 9.3125, 11.5, 9.90625], "texture": "#0"},
				"west": {"uv": [10.59375, 9.15625, 11.53125, 12.90625], "texture": "#0"}
			}
		},
		{
			"from": [9.71033, 10.28673, 3],
			"to": [10.88967, 11.28673, 3],
			"rotation": {"angle": 0, "axis": "y", "origin": [17.71033, 19.28673, 9.925]},
			"faces": {
				"south": {"uv": [10.59375, 12.90625, 11.53125, 13.59375], "texture": "#0"}
			}
		},
		{
			"from": [10.18533, 10.33673, 1.926],
			"to": [10.28533, 10.96173, 2.926],
			"rotation": {"angle": 22.5, "axis": "z", "origin": [10.21033, 9.78673, 2.426]},
			"faces": {
				"north": {"uv": [3.5625, 14.3125, 4.0625, 14.65625], "texture": "#0"},
				"east": {"uv": [3.5625, 14.3125, 4.0625, 14.65625], "texture": "#0"},
				"south": {"uv": [3.5625, 14.3125, 4.0625, 14.65625], "texture": "#0"},
				"west": {"uv": [3.5625, 14.3125, 4.0625, 14.65625], "texture": "#0"},
				"up": {"uv": [3.5625, 14.3125, 4.0625, 14.65625], "texture": "#0"},
				"down": {"uv": [3.5625, 14.3125, 4.0625, 14.65625], "texture": "#0"}
			}
		},
		{
			"from": [11.00331, 10.20619, 1.926],
			"to": [11.07831, 10.83119, 2.926],
			"rotation": {"angle": -22.5, "axis": "z", "origin": [11.05331, 11.38119, 2.426]},
			"faces": {
				"north": {"uv": [3.5625, 14.3125, 3.59375, 14.33203], "rotation": 180, "texture": "#0"},
				"east": {"uv": [3.5625, 14.3125, 3.59375, 14.33203], "rotation": 180, "texture": "#0"},
				"south": {"uv": [3.5625, 14.3125, 3.59375, 14.33203], "rotation": 180, "texture": "#0"},
				"west": {"uv": [3.5625, 14.3125, 3.59375, 14.33203], "rotation": 180, "texture": "#0"},
				"up": {"uv": [3.5625, 14.3125, 3.59375, 14.33203], "rotation": 180, "texture": "#0"}
			}
		},
		{
			"from": [9.97768, 10.28568, 1.926],
			"to": [10.62768, 10.51068, 2.926],
			"rotation": {"angle": 0, "axis": "z", "origin": [11.15268, 10.31068, 2.426]},
			"faces": {
				"east": {"uv": [3.5625, 14.3125, 4.0625, 14.65625], "texture": "#0"},
				"south": {"uv": [3.5625, 14.3125, 4.0625, 14.65625], "texture": "#0"},
				"up": {"uv": [3.5625, 14.3125, 4.0625, 14.65625], "texture": "#0"},
				"down": {"uv": [3.5625, 14.3125, 4.0625, 14.65625], "texture": "#0"}
			}
		},
		{
			"name": "hexadecagon",
			"from": [7.1769, 3.525, 1.499],
			"to": [7.8731, 4.325, 2.724],
			"rotation": {"angle": -45, "axis": "z", "origin": [7.525, 5.275, 2.749]},
			"faces": {
				"south": {"uv": [4.96875, 2.75, 5.375, 5.5625], "rotation": 180, "texture": "#0"},
				"up": {"uv": [6.03125, 14.65625, 7, 15.5], "rotation": 180, "texture": "#0"},
				"down": {"uv": [4.96875, 2.75, 5.375, 5.5625], "rotation": 180, "texture": "#0"}
			}
		},
		{
			"name": "hexadecagon",
			"from": [7.1769, 3.525, 1.499],
			"to": [7.8731, 4.325, 2.724],
			"rotation": {"angle": -22.5, "axis": "z", "origin": [7.525, 5.275, 2.749]},
			"faces": {
				"south": {"uv": [4.96875, 2.75, 5.375, 5.5625], "rotation": 180, "texture": "#0"},
				"up": {"uv": [6.03125, 14.65625, 7, 15.5], "rotation": 180, "texture": "#0"},
				"down": {"uv": [4.96875, 2.75, 5.375, 5.5625], "rotation": 180, "texture": "#0"}
			}
		},
		{
			"name": "hexadecagon",
			"from": [7.1769, 3.525, 1.499],
			"to": [7.8731, 4.325, 2.724],
			"rotation": {"angle": 0, "axis": "z", "origin": [7.525, 5.275, 2.749]},
			"faces": {
				"south": {"uv": [4.96875, 2.75, 5.375, 5.5625], "rotation": 180, "texture": "#0"},
				"up": {"uv": [6.03125, 14.65625, 7, 15.5], "rotation": 180, "texture": "#0"},
				"down": {"uv": [4.96875, 2.75, 5.375, 5.5625], "rotation": 180, "texture": "#0"}
			}
		},
		{
			"name": "hexadecagon",
			"from": [7.1769, 3.525, 1.499],
			"to": [7.8731, 4.325, 2.724],
			"rotation": {"angle": 22.5, "axis": "z", "origin": [7.525, 5.275, 2.749]},
			"faces": {
				"south": {"uv": [4.96875, 2.75, 5.375, 5.5625], "rotation": 180, "texture": "#0"},
				"up": {"uv": [6.03125, 14.65625, 7, 15.5], "rotation": 180, "texture": "#0"},
				"down": {"uv": [4.96875, 2.75, 5.375, 5.5625], "rotation": 180, "texture": "#0"}
			}
		},
		{
			"name": "hexadecagon",
			"from": [7.1769, 3.525, 1.499],
			"to": [7.8731, 4.325, 2.724],
			"rotation": {"angle": 45, "axis": "z", "origin": [7.525, 5.275, 2.749]},
			"faces": {
				"south": {"uv": [4.96875, 2.75, 5.375, 5.5625], "rotation": 180, "texture": "#0"},
				"up": {"uv": [6.03125, 14.65625, 7, 15.5], "rotation": 180, "texture": "#0"},
				"down": {"uv": [4.96875, 2.75, 5.375, 5.5625], "rotation": 180, "texture": "#0"}
			}
		},
		{
			"name": "hexadecagon",
			"from": [7.1769, 6.225, 1.499],
			"to": [7.8731, 7.025, 2.724],
			"rotation": {"angle": -45, "axis": "z", "origin": [7.525, 5.275, 2.749]},
			"faces": {
				"south": {"uv": [4.96875, 2.75, 5.375, 5.5625], "rotation": 180, "texture": "#0"},
				"up": {"uv": [4.96875, 2.75, 5.375, 5.5625], "rotation": 180, "texture": "#0"},
				"down": {"uv": [6.03125, 14.65625, 7, 15.5], "texture": "#0"}
			}
		},
		{
			"name": "hexadecagon",
			"from": [7.1769, 6.225, 1.499],
			"to": [7.8731, 7.025, 2.724],
			"rotation": {"angle": -22.5, "axis": "z", "origin": [7.525, 5.275, 2.749]},
			"faces": {
				"south": {"uv": [4.96875, 2.75, 5.375, 5.5625], "rotation": 180, "texture": "#0"},
				"up": {"uv": [4.96875, 2.75, 5.375, 5.5625], "rotation": 180, "texture": "#0"},
				"down": {"uv": [6.03125, 14.65625, 7, 15.5], "texture": "#0"}
			}
		},
		{
			"name": "hexadecagon",
			"from": [7.1769, 6.225, 1.499],
			"to": [7.8731, 7.025, 2.724],
			"rotation": {"angle": 0, "axis": "z", "origin": [7.525, 5.275, 2.749]},
			"faces": {
				"south": {"uv": [4.96875, 2.75, 5.375, 5.5625], "rotation": 180, "texture": "#0"},
				"up": {"uv": [4.96875, 2.75, 5.375, 5.5625], "rotation": 180, "texture": "#0"},
				"down": {"uv": [6.03125, 14.65625, 7, 15.5], "texture": "#0"}
			}
		},
		{
			"name": "hexadecagon",
			"from": [7.1769, 6.225, 1.499],
			"to": [7.8731, 7.025, 2.724],
			"rotation": {"angle": 22.5, "axis": "z", "origin": [7.525, 5.275, 2.749]},
			"faces": {
				"south": {"uv": [4.96875, 2.75, 5.375, 5.5625], "rotation": 180, "texture": "#0"},
				"up": {"uv": [4.96875, 2.75, 5.375, 5.5625], "rotation": 180, "texture": "#0"},
				"down": {"uv": [6.03125, 14.65625, 7, 15.5], "texture": "#0"}
			}
		},
		{
			"name": "hexadecagon",
			"from": [7.1769, 6.225, 1.499],
			"to": [7.8731, 7.025, 2.724],
			"rotation": {"angle": 45, "axis": "z", "origin": [7.525, 5.275, 2.749]},
			"faces": {
				"south": {"uv": [4.96875, 2.75, 5.375, 5.5625], "rotation": 180, "texture": "#0"},
				"up": {"uv": [4.96875, 2.75, 5.375, 5.5625], "rotation": 180, "texture": "#0"},
				"down": {"uv": [6.03125, 14.65625, 7, 15.5], "texture": "#0"}
			}
		},
		{
			"name": "hexadecagon",
			"from": [5.775, 4.9269, 1.499],
			"to": [6.575, 5.6231, 2.724],
			"rotation": {"angle": -22.5, "axis": "z", "origin": [7.525, 5.275, 2.749]},
			"faces": {
				"east": {"uv": [6.03125, 14.65625, 7, 15.5], "rotation": 270, "texture": "#0"},
				"south": {"uv": [4.96875, 2.75, 5.375, 5.5625], "rotation": 90, "texture": "#0"},
				"west": {"uv": [4.96875, 2.75, 5.375, 5.5625], "rotation": 90, "texture": "#0"}
			}
		},
		{
			"name": "hexadecagon",
			"from": [5.775, 4.9269, 1.499],
			"to": [6.575, 5.6231, 2.724],
			"rotation": {"angle": 0, "axis": "z", "origin": [7.525, 5.275, 2.749]},
			"faces": {
				"east": {"uv": [6.03125, 14.65625, 7, 15.5], "rotation": 270, "texture": "#0"},
				"south": {"uv": [4.96875, 2.75, 5.375, 5.5625], "rotation": 180, "texture": "#0"},
				"west": {"uv": [4.96875, 2.75, 5.375, 5.5625], "rotation": 180, "texture": "#0"}
			}
		},
		{
			"name": "hexadecagon",
			"from": [5.775, 4.9269, 1.499],
			"to": [6.575, 5.6231, 2.724],
			"rotation": {"angle": 22.5, "axis": "z", "origin": [7.525, 5.275, 2.749]},
			"faces": {
				"east": {"uv": [6.03125, 14.65625, 7, 15.5], "rotation": 270, "texture": "#0"},
				"south": {"uv": [4.96875, 2.75, 5.375, 5.5625], "rotation": 180, "texture": "#0"},
				"west": {"uv": [4.96875, 2.75, 5.375, 5.5625], "rotation": 180, "texture": "#0"}
			}
		},
		{
			"name": "hexadecagon",
			"from": [8.475, 4.9269, 1.499],
			"to": [9.275, 5.6231, 2.724],
			"rotation": {"angle": -22.5, "axis": "z", "origin": [7.525, 5.275, 2.749]},
			"faces": {
				"east": {"uv": [4.96875, 2.75, 5.375, 5.5625], "rotation": 180, "texture": "#0"},
				"south": {"uv": [4.96875, 2.75, 5.375, 5.5625], "rotation": 180, "texture": "#0"},
				"west": {"uv": [6.03125, 14.65625, 7, 15.5], "rotation": 90, "texture": "#0"}
			}
		},
		{
			"name": "hexadecagon",
			"from": [8.475, 4.9269, 1.499],
			"to": [9.275, 5.6231, 2.724],
			"rotation": {"angle": 0, "axis": "z", "origin": [7.525, 5.275, 2.749]},
			"faces": {
				"east": {"uv": [4.96875, 2.75, 5.375, 5.5625], "rotation": 180, "texture": "#0"},
				"south": {"uv": [4.96875, 2.75, 5.375, 5.5625], "rotation": 180, "texture": "#0"},
				"west": {"uv": [6.03125, 14.65625, 7, 15.5], "rotation": 90, "texture": "#0"}
			}
		},
		{
			"name": "hexadecagon",
			"from": [8.475, 4.9269, 1.499],
			"to": [9.275, 5.6231, 2.724],
			"rotation": {"angle": 22.5, "axis": "z", "origin": [7.525, 5.275, 2.749]},
			"faces": {
				"east": {"uv": [4.96875, 2.75, 5.375, 5.5625], "rotation": 180, "texture": "#0"},
				"south": {"uv": [4.96875, 2.75, 5.375, 5.5625], "rotation": 180, "texture": "#0"},
				"west": {"uv": [6.03125, 14.65625, 7, 15.5], "rotation": 90, "texture": "#0"}
			}
		},
		{
			"name": "hexadecagon",
			"from": [7.1769, 3.525, 0.024],
			"to": [7.8731, 4.325, 1.499],
			"rotation": {"angle": -45, "axis": "z", "origin": [7.525, 5.275, 1.524]},
			"faces": {
				"down": {"uv": [4.96875, 2.75, 5.375, 5.5625], "rotation": 180, "texture": "#0"}
			}
		},
		{
			"name": "hexadecagon",
			"from": [7.1769, 3.525, 0.024],
			"to": [7.8731, 4.325, 1.499],
			"rotation": {"angle": -22.5, "axis": "z", "origin": [7.525, 5.275, 1.524]},
			"faces": {
				"down": {"uv": [4.96875, 2.75, 5.375, 5.5625], "rotation": 180, "texture": "#0"}
			}
		},
		{
			"name": "hexadecagon",
			"from": [7.1769, 3.525, 0.024],
			"to": [7.8731, 4.325, 1.499],
			"rotation": {"angle": 0, "axis": "z", "origin": [7.525, 5.275, 1.524]},
			"faces": {
				"down": {"uv": [4.96875, 2.75, 5.375, 5.5625], "rotation": 180, "texture": "#0"}
			}
		},
		{
			"name": "hexadecagon",
			"from": [7.1769, 6.225, 0.024],
			"to": [7.8731, 7.025, 1.499],
			"rotation": {"angle": 0, "axis": "z", "origin": [7.525, 5.275, 1.524]},
			"faces": {
				"up": {"uv": [4.96875, 2.75, 5.375, 5.5625], "rotation": 180, "texture": "#0"}
			}
		},
		{
			"name": "hexadecagon",
			"from": [7.1769, 6.225, 0.024],
			"to": [7.8731, 7.025, 1.499],
			"rotation": {"angle": 22.5, "axis": "z", "origin": [7.525, 5.275, 1.524]},
			"faces": {
				"up": {"uv": [4.96875, 2.75, 5.375, 5.5625], "rotation": 180, "texture": "#0"}
			}
		},
		{
			"name": "hexadecagon",
			"from": [7.1769, 6.225, 0.024],
			"to": [7.8731, 7.025, 1.499],
			"rotation": {"angle": 45, "axis": "z", "origin": [7.525, 5.275, 1.524]},
			"faces": {
				"up": {"uv": [4.96875, 2.75, 5.375, 5.5625], "rotation": 180, "texture": "#0"}
			}
		},
		{
			"name": "hexadecagon",
			"from": [5.775, 4.9269, 0.024],
			"to": [6.575, 5.6231, 1.499],
			"rotation": {"angle": -22.5, "axis": "z", "origin": [7.525, 5.275, 1.524]},
			"faces": {
				"west": {"uv": [4.96875, 2.75, 5.375, 5.5625], "rotation": 90, "texture": "#0"}
			}
		},
		{
			"name": "hexadecagon",
			"from": [5.775, 4.9269, 0.024],
			"to": [6.575, 5.6231, 1.499],
			"rotation": {"angle": 0, "axis": "z", "origin": [7.525, 5.275, 1.524]},
			"faces": {
				"west": {"uv": [4.96875, 2.75, 5.375, 5.5625], "rotation": 180, "texture": "#0"}
			}
		},
		{
			"name": "hexadecagon",
			"from": [5.775, 4.9269, 0.024],
			"to": [6.575, 5.6231, 1.499],
			"rotation": {"angle": 22.5, "axis": "z", "origin": [7.525, 5.275, 1.524]},
			"faces": {
				"west": {"uv": [4.96875, 2.75, 5.375, 5.5625], "rotation": 180, "texture": "#0"}
			}
		},
		{
			"name": "hexadecagon",
			"from": [8.475, 4.9269, 0.024],
			"to": [9.275, 5.6231, 1.499],
			"rotation": {"angle": -22.5, "axis": "z", "origin": [7.525, 5.275, 1.524]},
			"faces": {
				"east": {"uv": [4.96875, 2.75, 5.375, 5.5625], "rotation": 180, "texture": "#0"}
			}
		},
		{
			"name": "hexadecagon",
			"from": [8.475, 4.9269, 0.024],
			"to": [9.275, 5.6231, 1.499],
			"rotation": {"angle": 0, "axis": "z", "origin": [7.525, 5.275, 1.524]},
			"faces": {
				"east": {"uv": [4.96875, 2.75, 5.375, 5.5625], "rotation": 180, "texture": "#0"}
			}
		},
		{
			"name": "hexadecagon",
			"from": [8.475, 4.9269, 0.024],
			"to": [9.275, 5.6231, 1.499],
			"rotation": {"angle": 22.5, "axis": "z", "origin": [7.525, 5.275, 1.524]},
			"faces": {
				"east": {"uv": [4.96875, 2.75, 5.375, 5.5625], "rotation": 180, "texture": "#0"}
			}
		},
		{
			"from": [13.35999, 4.03358, 0],
			"to": [13.55999, 5.03358, 2.725],
			"rotation": {"angle": -22.5, "axis": "z", "origin": [13.70999, 4.48358, 2.25]},
			"faces": {
				"east": {"uv": [15.59375, 0.59375, 14.53125, 1.375], "texture": "#0"},
				"south": {"uv": [14.53125, 0.40625, 15.59375, 4.96875], "rotation": 270, "texture": "#0"}
			}
		},
		{
			"from": [8.80012, 4.12385, 0],
			"to": [13.40012, 4.32385, 2.725],
			"rotation": {"angle": 0, "axis": "z", "origin": [12.85012, 5.97385, 2.25]},
			"faces": {
				"south": {"uv": [14.53125, 0.40625, 15.59375, 4.96875], "rotation": 270, "texture": "#0"},
				"down": {"uv": [14.53125, 0.40625, 15.59375, 4.96875], "rotation": 270, "texture": "#0"}
			}
		},
		{
			"from": [7.65012, 0.67385, 0],
			"to": [13.15012, 4.32385, 2.375],
			"rotation": {"angle": 0, "axis": "z", "origin": [12.85012, 5.97385, 2.25]},
			"faces": {
				"east": {"uv": [7.6875, 10.65625, 9.71875, 12.40625], "rotation": 180, "texture": "#0"},
				"south": {"uv": [5.375, 2.34375, 3.46875, 5.5625], "rotation": 90, "texture": "#0"}
			}
		},
		{
			"from": [13.15112, -0.85115, 0],
			"to": [13.15112, 0.67385, 2.375],
			"rotation": {"angle": 0, "axis": "z", "origin": [12.85112, 2.32385, 2.25]},
			"faces": {
				"east": {"uv": [8.15625, 8.78125, 9.75, 10.6875], "rotation": 180, "texture": "#0"}
			}
		},
		{
			"from": [13.15112, 0.89885, 0.25],
			"to": [13.15112, 3.92385, 2.125],
			"rotation": {"angle": 0, "axis": "z", "origin": [12.85112, 2.32385, 2.25]},
			"faces": {
				"east": {"uv": [0, 0, 1.59375, 1.9375], "texture": "#0"}
			}
		},
		{
			"from": [9.08181, 5.89773, 0],
			"to": [13.78181, 5.89773, 2.725],
			"rotation": {"angle": 0, "axis": "z", "origin": [11.48181, 5.87273, 2.2375]},
			"faces": {
				"south": {"uv": [4.96875, 2.75, 5.375, 5.5625], "rotation": 90, "texture": "#0"},
				"up": {"uv": [4.96875, 2.75, 5.375, 5.5625], "rotation": 90, "texture": "#0"}
			}
		},
		{
			"from": [13.68181, 5.04873, 0],
			"to": [13.78181, 5.89873, 2.725],
			"rotation": {"angle": 0, "axis": "z", "origin": [13.93181, 5.49873, 2.25]},
			"faces": {
				"east": {"uv": [15.59375, 0.40625, 14.53125, 1.375], "texture": "#0"},
				"south": {"uv": [15.59375, 0.40625, 14.53125, 1.375], "texture": "#0"}
			}
		},
		{
			"from": [8.5, 4.6, 0.025],
			"to": [13.525, 8, 0.025],
			"faces": {
				"south": {"uv": [5.375, 2.34375, 5.48125, 2.50078], "rotation": 90, "texture": "#0"}
			}
		}
	],
	"display": {
		"thirdperson_righthand": {
			"rotation": [-80, -17.75, -180],
			"translation": [-1.25, 2.75, 0],
			"scale": [0.34375, 0.34375, 0.34375]
		},
		"thirdperson_lefthand": {
			"rotation": [-80, -17.75, -180],
			"translation": [-1.25, 2.75, 0],
			"scale": [0.34375, 0.34375, 0.34375]
		},
		"firstperson_righthand": {
			"rotation": [0, -42.25, 0],
			"translation": [0, -1.75, 0],
			"scale": [1, 0.99219, 1]
		},
		"firstperson_lefthand": {
			"rotation": [0, -42.25, 0],
			"translation": [0, -1.75, 0],
			"scale": [1, 0.99219, 1]
		},
		"ground": {
			"translation": [-0.25, 3, 3.75],
			"scale": [0.5, 0.5, 0.5]
		},
		"gui": {
			"rotation": [30, 45, 0],
			"translation": [4, -2.5, 0],
			"scale": [0.91211, 0.91211, 0.91211]
		},
		"head": {
			"rotation": [0, -180, 0],
			"translation": [0.5, 0, -14.5]
		},
		"fixed": {
			"rotation": [0, -180, 0],
			"translation": [1, 0, -23],
			"scale": [3, 3, 3]
		}
	},
	"groups": [0, 1, 2, 3, 4, 5, 6, 7, 8, 9, 10, 11, 12, 13, 14, 15, 16, 17, 18, 19, 20, 21, 22, 23, 24, 25, 26, 27, 28, 29, 30, 31, 32, 33, 34, 35, 36, 37, 38, 39, 40,
		{
			"name": "hexadecagon",
			"origin": [8, 8, 8],
			"children": [41, 42, 43, 44, 45, 46, 47, 48, 49, 50, 51, 52, 53, 54, 55]
		}, 56, 57, 58, 59, 60, 61, 62,
		{
			"name": "hexadecagon",
			"origin": [8, 8, 8],
			"children": [63, 64, 65, 66, 67, 68, 69, 70, 71, 72, 73, 74, 75, 76, 77, 78]
		},
		{
			"name": "hexadecagon",
			"origin": [8, 8, 8],
			"children": [79, 80, 81, 82, 83, 84, 85, 86, 87, 88, 89, 90]
		}, 91, 92, 93, 94, 95, 96, 97, 98]
}