{
	"credit": "Made with Blockbench",
	"textures": {
		"0": "block/ivy02",
		"particle": "block/ivy02"
	},
	"elements": [
		{
			"from": [-16, -16, 15.75],
			"to": [32, 32, 15.75],
			"faces": {
				"north": {"uv": [0, 0, 16, 16], "texture": "#0"},
				"east": {"uv": [0, 0, 0, 16], "texture": "#missing"},
				"south": {"uv": [16, 0, 0, 16], "texture": "#0"},
				"west": {"uv": [0, 0, 0, 16], "texture": "#missing"},
				"up": {"uv": [0, 0, 16, 0], "texture": "#missing"},
				"down": {"uv": [0, 0, 16, 0], "texture": "#missing"}
			}
		}
	],
	"display": {
		"thirdperson_righthand": {
			"rotation": [0, -180, 0],
			"translation": [0, 0, 1.25],
			"scale": [0.2, 0.2, 0.2]
		},
		"thirdperson_lefthand": {
			"rotation": [0, -180, 0],
			"translation": [0, 0, 1.25],
			"scale": [0.2, 0.2, 0.2]
		},
		"firstperson_righthand": {
			"rotation": [-19, -43, 0],
			"translation": [2.75, 1.75, 2.25],
			"scale": [0.3, 0.3, 0.3]
		},
		"firstperson_lefthand": {
			"rotation": [-19, -43, 0],
			"translation": [2.75, 1.75, 2.25],
			"scale": [0.3, 0.3, 0.3]
		},
		"ground": {
			"rotation": [90, 0, 0],
			"scale": [0.3, 0.3, 0.3]
		},
		"gui": {
			"scale": [0.33333, 0.33333, 0.33333]
		},
		"fixed": {
			"translation": [0, 0, -10.25],
			"scale": [2, 2, 2]
		}
	}
}