{
	"credit": "Made with Blockbench",
	"ambientocclusion": false,
	"textures": {
		"1": "block/floodlighthousing",
		"2": "block/floodlight",
		"particle": "block/floodlighthousing"
	},
	"elements": [
		{
			"from": [5.57399, 20.51639, 1.5],
			"to": [7.82399, 25.06639, 10.25],
			"rotation": {"angle": 0, "axis": "y", "origin": [7.26542, 22.85428, 5.86731]},
			"faces": {
				"north": {"uv": [8.094, 5.282, 9.343, 7.969], "rotation": 180, "texture": "#2"},
				"south": {"uv": [8.094, 5.282, 8.874, 7.969], "rotation": 180, "texture": "#2"},
				"west": {"uv": [8.094, 7.969, 10.593, 5.282], "texture": "#2"},
				"up": {"uv": [8.094, 5.282, 10.593, 6.063], "rotation": 90, "texture": "#2"},
				"down": {"uv": [8.094, 7.001, 10.593, 7.969], "rotation": 90, "texture": "#2"}
			}
		},
		{
			"from": [7.10451, 22.60803, 2.45],
			"to": [7.30451, 23.10803, 9.25],
			"shade": false,
			"rotation": {"angle": -45, "axis": "z", "origin": [7.26542, 22.85428, 5.86731]},
			"faces": {
				"north": {"uv": [8, 4.594, 10.594, 5.075], "texture": "#2"},
				"east": {"uv": [8, 4.594, 10.594, 5.075], "texture": "#2"},
				"south": {"uv": [8, 4.594, 10.594, 5.075], "texture": "#2"},
				"west": {"uv": [8, 4.594, 10.594, 5.075], "texture": "#2"},
				"up": {"uv": [8, 4.594, 10.594, 5.075], "texture": "#2"},
				"down": {"uv": [8, 4.594, 10.594, 5.075], "texture": "#2"}
			}
		},
		{
			"from": [7.16917, 22.66519, 2.45],
			"to": [7.36917, 23.16519, 9.25],
			"shade": false,
			"rotation": {"angle": 45, "axis": "z", "origin": [7.26542, 22.85428, 5.86731]},
			"faces": {
				"north": {"uv": [8, 4.594, 10.594, 5.075], "texture": "#2"},
				"east": {"uv": [8, 4.594, 10.594, 5.075], "texture": "#2"},
				"south": {"uv": [8, 4.594, 10.594, 5.075], "texture": "#2"},
				"west": {"uv": [8, 4.594, 10.594, 5.075], "texture": "#2"},
				"up": {"uv": [8, 4.594, 10.594, 5.075], "texture": "#2"},
				"down": {"uv": [8, 4.594, 10.594, 5.075], "texture": "#2"}
			}
		},
		{
			"from": [7.82399, 20.71639, 10],
			"to": [8.07399, 24.96639, 10.5],
			"rotation": {"angle": 0, "axis": "y", "origin": [7.26542, 22.85428, 5.86731]},
			"faces": {
				"north": {"uv": [0.282, 3.688, 2.719, 3.938], "rotation": 270, "texture": "#2"},
				"east": {"uv": [0.282, 3.688, 2.719, 3.938], "rotation": 90, "texture": "#2"},
				"south": {"uv": [0.282, 3.688, 2.719, 3.938], "rotation": 90, "texture": "#2"},
				"west": {"uv": [0.282, 3.688, 2.719, 3.938], "rotation": 270, "texture": "#2"},
				"up": {"uv": [0.282, 3.688, 2.719, 3.938], "rotation": 90, "texture": "#2"},
				"down": {"uv": [0.282, 3.688, 2.719, 3.938], "rotation": 90, "texture": "#2"}
			}
		},
		{
			"from": [7.82399, 20.71639, 1.25],
			"to": [8.07399, 24.96639, 1.75],
			"rotation": {"angle": 0, "axis": "y", "origin": [7.26542, 22.85428, 5.86731]},
			"faces": {
				"north": {"uv": [0.282, 0, 2.657, 0.212], "rotation": 90, "texture": "#2"},
				"east": {"uv": [0.282, 0, 2.657, 0.212], "rotation": 90, "texture": "#2"},
				"south": {"uv": [0.282, 0, 2.657, 0.212], "rotation": 270, "texture": "#2"},
				"west": {"uv": [0.282, 0, 2.657, 0.212], "rotation": 270, "texture": "#2"},
				"up": {"uv": [0.282, 0, 2.657, 0.212], "rotation": 90, "texture": "#2"},
				"down": {"uv": [0.282, 0, 2.657, 0.212], "rotation": 90, "texture": "#2"}
			}
		},
		{
			"from": [7.82399, 24.96639, 1.25],
			"to": [8.07399, 25.46639, 10.5],
			"rotation": {"angle": 0, "axis": "y", "origin": [7.26542, 22.85428, 5.86731]},
			"faces": {
				"north": {"uv": [0, 0, 0.282, 3.938], "rotation": 90, "texture": "#2"},
				"east": {"uv": [0, 0, 0.282, 3.938], "rotation": 90, "texture": "#2"},
				"south": {"uv": [0, 3.157, 0.188, 2.75], "rotation": 180, "texture": "#2"},
				"west": {"uv": [0, 0, 0.282, 3.938], "rotation": 90, "texture": "#2"},
				"up": {"uv": [0, 0, 0.282, 3.938], "rotation": 90, "texture": "#2"},
				"down": {"uv": [0, 0, 0.282, 3.938], "texture": "#2"}
			}
		},
		{
			"from": [7.82399, 20.21639, 1.25],
			"to": [8.07399, 20.71639, 10.5],
			"rotation": {"angle": 0, "axis": "y", "origin": [7.26542, 22.85428, 5.86731]},
			"faces": {
				"north": {"uv": [2.657, 0, 2.969, 3.938], "rotation": 90, "texture": "#2"},
				"east": {"uv": [2.657, 0, 2.969, 3.938], "rotation": 90, "texture": "#2"},
				"south": {"uv": [2.657, 0, 2.969, 3.938], "rotation": 90, "texture": "#2"},
				"west": {"uv": [2.657, 0, 2.969, 3.938], "rotation": 90, "texture": "#2"},
				"up": {"uv": [2.657, 0, 2.969, 3.938], "rotation": 180, "texture": "#2"},
				"down": {"uv": [2.657, 0, 2.969, 3.938], "rotation": 90, "texture": "#2"}
			}
		},
		{
			"from": [6.14867, 23.94659, 1.75],
			"to": [9.14867, 23.94659, 10],
			"rotation": {"angle": 45, "axis": "z", "origin": [7.26542, 22.85428, 5.86731]},
			"faces": {
				"down": {"uv": [8.032, 1.313, 9.219, 4.563], "rotation": 180, "texture": "#2"}
			}
		},
		{
			"from": [6.975, 22.8, 2.45],
			"to": [7.475, 23, 9.25],
			"shade": false,
			"rotation": {"angle": 0, "axis": "z", "origin": [7.26542, 22.85428, 5.86731]},
			"faces": {
				"north": {"uv": [8, 4.594, 10.594, 5.075], "rotation": 90, "texture": "#2"},
				"east": {"uv": [8, 4.594, 10.594, 5.075], "rotation": 90, "texture": "#2"},
				"south": {"uv": [8, 4.594, 10.594, 5.075], "rotation": 90, "texture": "#2"},
				"west": {"uv": [8, 4.594, 10.594, 5.075], "rotation": 90, "texture": "#2"},
				"up": {"uv": [8, 4.594, 10.594, 5.075], "rotation": 90, "texture": "#2"},
				"down": {"uv": [8, 4.594, 10.594, 5.075], "rotation": 90, "texture": "#2"}
			}
		},
		{
			"from": [7.125, 22.65, 2.45],
			"to": [7.335, 23.15, 9.25],
			"shade": false,
			"rotation": {"angle": 0, "axis": "z", "origin": [7.26542, 22.85428, 5.86731]},
			"faces": {
				"north": {"uv": [8, 4.594, 10.594, 5.075], "texture": "#2"},
				"east": {"uv": [8, 4.594, 10.594, 5.075], "texture": "#2"},
				"south": {"uv": [8, 4.594, 10.594, 5.075], "texture": "#2"},
				"west": {"uv": [8, 4.594, 10.594, 5.075], "texture": "#2"},
				"up": {"uv": [8, 4.594, 10.594, 5.075], "texture": "#2"},
				"down": {"uv": [8, 4.594, 10.594, 5.075], "texture": "#2"}
			}
		},
		{
			"from": [6.19996, 20.71639, 4.34917],
			"to": [6.19896, 24.95903, 9.89917],
			"rotation": {"angle": 22.5, "axis": "y", "origin": [7.26542, 22.85428, 5.86731]},
			"faces": {
				"east": {"uv": [8.032, 1.313, 9.218, 4.561], "texture": "#2"}
			}
		},
		{
			"from": [6.2065, 20.71568, 1.84939],
			"to": [6.2055, 24.95832, 7.39939],
			"rotation": {"angle": -22.5, "axis": "y", "origin": [7.26542, 22.85428, 5.86731]},
			"faces": {
				"east": {"uv": [8.032, 1.313, 9.218, 4.561], "rotation": 180, "texture": "#2"}
			}
		},
		{
			"from": [6.14767, 20.94759, 1.75],
			"to": [6.14767, 23.94759, 10],
			"rotation": {"angle": 45, "axis": "z", "origin": [7.26542, 22.85428, 5.86731]},
			"faces": {
				"east": {"uv": [10.5, 0.063, 11.656, 3.25], "rotation": 90, "texture": "#2"}
			}
		},
		{
			"from": [6.4, 19.45, 5.65],
			"to": [7.1, 20.75, 6.35],
			"rotation": {"angle": 0, "axis": "y", "origin": [6.75, 15.875, 14]},
			"faces": {
				"north": {"uv": [0, 2.813, 1.188, 3.513], "rotation": 90, "texture": "#1"},
				"east": {"uv": [0, 2.813, 1.188, 3.513], "rotation": 90, "texture": "#1"},
				"south": {"uv": [0, 2.813, 1.188, 3.513], "rotation": 90, "texture": "#1"},
				"west": {"uv": [0, 2.813, 1.188, 3.513], "rotation": 90, "texture": "#1"}
			}
		},
		{
			"from": [5.57399, 20.51639, 17.5],
			"to": [7.82399, 25.06639, 26.25],
			"rotation": {"angle": 0, "axis": "y", "origin": [7.26542, 22.85428, 21.86731]},
			"faces": {
				"north": {"uv": [8.094, 5.282, 9.343, 7.969], "rotation": 180, "texture": "#2"},
				"south": {"uv": [8.094, 5.282, 8.874, 7.969], "rotation": 180, "texture": "#2"},
				"west": {"uv": [8.094, 5.282, 10.593, 7.969], "texture": "#2"},
				"up": {"uv": [8.094, 5.282, 10.593, 6.063], "rotation": 90, "texture": "#2"},
				"down": {"uv": [8.094, 7.001, 10.593, 7.969], "rotation": 90, "texture": "#2"}
			}
		},
		{
			"from": [7.10451, 22.60803, 18.45],
			"to": [7.30451, 23.10803, 25.25],
			"shade": false,
			"rotation": {"angle": -45, "axis": "z", "origin": [7.26542, 22.85428, 21.86731]},
			"faces": {
				"north": {"uv": [8, 4.594, 10.594, 5.075], "texture": "#2"},
				"east": {"uv": [8, 4.594, 10.594, 5.075], "texture": "#2"},
				"south": {"uv": [8, 4.594, 10.594, 5.075], "texture": "#2"},
				"west": {"uv": [8, 4.594, 10.594, 5.075], "texture": "#2"},
				"up": {"uv": [8, 4.594, 10.594, 5.075], "texture": "#2"},
				"down": {"uv": [8, 4.594, 10.594, 5.075], "texture": "#2"}
			}
		},
		{
			"from": [7.16917, 22.66519, 18.45],
			"to": [7.36917, 23.16519, 25.25],
			"shade": false,
			"rotation": {"angle": 45, "axis": "z", "origin": [7.26542, 22.85428, 21.86731]},
			"faces": {
				"north": {"uv": [8, 4.594, 10.594, 5.075], "texture": "#2"},
				"east": {"uv": [8, 4.594, 10.594, 5.075], "texture": "#2"},
				"south": {"uv": [8, 4.594, 10.594, 5.075], "texture": "#2"},
				"west": {"uv": [8, 4.594, 10.594, 5.075], "texture": "#2"},
				"up": {"uv": [8, 4.594, 10.594, 5.075], "texture": "#2"},
				"down": {"uv": [8, 4.594, 10.594, 5.075], "texture": "#2"}
			}
		},
		{
			"from": [7.82399, 20.71639, 26],
			"to": [8.07399, 24.96639, 26.5],
			"rotation": {"angle": 0, "axis": "y", "origin": [7.26542, 22.85428, 21.86731]},
			"faces": {
				"north": {"uv": [0.282, 3.688, 2.719, 3.938], "rotation": 270, "texture": "#2"},
				"east": {"uv": [0.282, 3.688, 2.719, 3.938], "rotation": 90, "texture": "#2"},
				"south": {"uv": [0.282, 3.688, 2.719, 3.938], "rotation": 90, "texture": "#2"},
				"west": {"uv": [0.282, 3.688, 2.719, 3.938], "rotation": 270, "texture": "#2"},
				"up": {"uv": [0.282, 3.688, 2.719, 3.938], "rotation": 90, "texture": "#2"},
				"down": {"uv": [0.282, 3.688, 2.719, 3.938], "rotation": 90, "texture": "#2"}
			}
		},
		{
			"from": [7.82399, 20.71639, 17.25],
			"to": [8.07399, 24.96639, 17.75],
			"rotation": {"angle": 0, "axis": "y", "origin": [7.26542, 22.85428, 21.86731]},
			"faces": {
				"north": {"uv": [0.282, 0, 2.657, 0.212], "rotation": 90, "texture": "#2"},
				"east": {"uv": [0.282, 0, 2.657, 0.212], "rotation": 90, "texture": "#2"},
				"south": {"uv": [0.282, 0, 2.657, 0.212], "rotation": 270, "texture": "#2"},
				"west": {"uv": [0.282, 0, 2.657, 0.212], "rotation": 270, "texture": "#2"},
				"up": {"uv": [0.282, 0, 2.657, 0.212], "rotation": 90, "texture": "#2"},
				"down": {"uv": [0.282, 0, 2.657, 0.212], "rotation": 90, "texture": "#2"}
			}
		},
		{
			"from": [7.82399, 24.96639, 17.25],
			"to": [8.07399, 25.46639, 26.5],
			"rotation": {"angle": 0, "axis": "y", "origin": [7.26542, 22.85428, 21.86731]},
			"faces": {
				"north": {"uv": [0, 0, 0.282, 3.938], "rotation": 90, "texture": "#2"},
				"east": {"uv": [0, 0, 0.282, 3.938], "rotation": 90, "texture": "#2"},
				"south": {"uv": [0, 3.157, 0.188, 2.75], "rotation": 180, "texture": "#2"},
				"west": {"uv": [0, 0, 0.282, 3.938], "rotation": 90, "texture": "#2"},
				"up": {"uv": [0, 0, 0.282, 3.938], "rotation": 90, "texture": "#2"},
				"down": {"uv": [0, 0, 0.282, 3.938], "texture": "#2"}
			}
		},
		{
			"from": [7.82399, 20.21639, 17.25],
			"to": [8.07399, 20.71639, 26.5],
			"rotation": {"angle": 0, "axis": "y", "origin": [7.26542, 22.85428, 21.86731]},
			"faces": {
				"north": {"uv": [2.657, 0, 2.969, 3.938], "rotation": 90, "texture": "#2"},
				"east": {"uv": [2.657, 0, 2.969, 3.938], "rotation": 90, "texture": "#2"},
				"south": {"uv": [2.657, 0, 2.969, 3.938], "rotation": 90, "texture": "#2"},
				"west": {"uv": [2.657, 0, 2.969, 3.938], "rotation": 90, "texture": "#2"},
				"up": {"uv": [2.657, 0, 2.969, 3.938], "rotation": 180, "texture": "#2"},
				"down": {"uv": [2.657, 0, 2.969, 3.938], "rotation": 90, "texture": "#2"}
			}
		},
		{
			"from": [6.14867, 23.94659, 17.75],
			"to": [9.14867, 23.94659, 26],
			"rotation": {"angle": 45, "axis": "z", "origin": [7.26542, 22.85428, 21.86731]},
			"faces": {
				"down": {"uv": [8.032, 1.313, 9.219, 4.563], "rotation": 180, "texture": "#2"}
			}
		},
		{
			"from": [6.975, 22.8, 18.45],
			"to": [7.475, 23, 25.25],
			"shade": false,
			"rotation": {"angle": 0, "axis": "z", "origin": [7.26542, 22.85428, 21.86731]},
			"faces": {
				"north": {"uv": [8, 4.594, 10.594, 5.075], "rotation": 90, "texture": "#2"},
				"east": {"uv": [8, 4.594, 10.594, 5.075], "rotation": 90, "texture": "#2"},
				"south": {"uv": [8, 4.594, 10.594, 5.075], "rotation": 90, "texture": "#2"},
				"west": {"uv": [8, 4.594, 10.594, 5.075], "rotation": 90, "texture": "#2"},
				"up": {"uv": [8, 4.594, 10.594, 5.075], "rotation": 90, "texture": "#2"},
				"down": {"uv": [8, 4.594, 10.594, 5.075], "rotation": 90, "texture": "#2"}
			}
		},
		{
			"from": [7.125, 22.65, 18.45],
			"to": [7.335, 23.15, 25.25],
			"shade": false,
			"rotation": {"angle": 0, "axis": "z", "origin": [7.26542, 22.85428, 21.86731]},
			"faces": {
				"north": {"uv": [8, 4.594, 10.594, 5.075], "texture": "#2"},
				"east": {"uv": [8, 4.594, 10.594, 5.075], "texture": "#2"},
				"south": {"uv": [8, 4.594, 10.594, 5.075], "texture": "#2"},
				"west": {"uv": [8, 4.594, 10.594, 5.075], "texture": "#2"},
				"up": {"uv": [8, 4.594, 10.594, 5.075], "texture": "#2"},
				"down": {"uv": [8, 4.594, 10.594, 5.075], "texture": "#2"}
			}
		},
		{
			"from": [6.19996, 20.71639, 20.34917],
			"to": [6.19896, 24.95903, 25.89917],
			"rotation": {"angle": 22.5, "axis": "y", "origin": [7.26542, 22.85428, 21.86731]},
			"faces": {
				"east": {"uv": [8.032, 1.313, 9.218, 4.561], "texture": "#2"}
			}
		},
		{
			"from": [6.2065, 20.71568, 17.84939],
			"to": [6.2055, 24.95832, 23.39939],
			"rotation": {"angle": -22.5, "axis": "y", "origin": [7.26542, 22.85428, 21.86731]},
			"faces": {
				"east": {"uv": [8.032, 1.313, 9.218, 4.561], "rotation": 180, "texture": "#2"}
			}
		},
		{
			"from": [6.14767, 20.94759, 17.75],
			"to": [6.14767, 23.94759, 26],
			"rotation": {"angle": 45, "axis": "z", "origin": [7.26542, 22.85428, 21.86731]},
			"faces": {
				"east": {"uv": [10.5, 0.063, 11.656, 3.25], "rotation": 90, "texture": "#2"}
			}
		},
		{
			"from": [6.4, 19.45, 21.65],
			"to": [7.1, 20.75, 22.35],
			"rotation": {"angle": 0, "axis": "y", "origin": [6.75, 15.875, 30]},
			"faces": {
				"north": {"uv": [0, 2.813, 1.188, 3.513], "rotation": 90, "texture": "#1"},
				"east": {"uv": [0, 2.813, 1.188, 3.513], "rotation": 90, "texture": "#1"},
				"south": {"uv": [0, 2.813, 1.188, 3.513], "rotation": 90, "texture": "#1"},
				"west": {"uv": [0, 2.813, 1.188, 3.513], "rotation": 90, "texture": "#1"}
			}
		},
		{
			"from": [1.75, -9, 7.75],
			"to": [6.25, -8.5, 20.25],
			"rotation": {"angle": 0, "axis": "y", "origin": [10, 8, 21]},
			"faces": {
				"north": {"uv": [0.125, 12.75, 8.313, 13.312], "texture": "#1"},
				"east": {"uv": [0.125, 14.563, 16, 15.25], "texture": "#1"},
				"south": {"uv": [0, 13.313, 8.375, 13.687], "rotation": 180, "texture": "#1"},
				"west": {"uv": [0.125, 14.688, 16, 15.062], "texture": "#1"},
				"up": {"uv": [10.313, 6.438, 13.313, 14.813], "rotation": 180, "texture": "#1"},
				"down": {"uv": [0, 5.563, 15.875, 16], "texture": "#1"}
			}
		},
		{
			"from": [2, -16, 8],
			"to": [6, -9, 20],
			"rotation": {"angle": 0, "axis": "y", "origin": [10, 8, 21]},
			"faces": {
				"north": {"uv": [0, 5.563, 8.313, 16], "texture": "#1"},
				"east": {"uv": [0, 5.563, 15.875, 16], "texture": "#1"},
				"south": {"uv": [7.875, 5.563, 15.875, 16], "texture": "#1"},
				"west": {"uv": [0, 5.563, 15.875, 16], "texture": "#1"},
				"down": {"uv": [0, 5.563, 3.438, 16], "texture": "#1"}
			}
		},
		{
			"from": [6.25, -10.75, 13.5],
			"to": [7.25, 13, 14.5],
			"rotation": {"angle": 0, "axis": "y", "origin": [10, 8, 21]},
			"faces": {
				"north": {"uv": [0, 16, 16, 15], "rotation": 270, "texture": "#1"},
				"east": {"uv": [0, 5.5, 16, 6.5], "rotation": 90, "texture": "#1"},
				"south": {"uv": [0, 16, 16, 15], "rotation": 270, "texture": "#1"},
				"west": {"uv": [0, 5.5, 16, 6.5], "rotation": 270, "texture": "#1"},
				"up": {"uv": [3.5, 8.063, 4.5, 9.063], "rotation": 270, "texture": "#1"},
				"down": {"uv": [10.875, 11.313, 12.5, 12.938], "rotation": 270, "texture": "#1"}
			}
		},
		{
			"from": [6.4, 13, 13.65],
			"to": [7.1, 18.75, 14.35],
			"rotation": {"angle": 0, "axis": "y", "origin": [10, 8, 21]},
			"faces": {
				"north": {"uv": [0, 2.813, 6, 3.513], "rotation": 90, "texture": "#1"},
				"east": {"uv": [0, 2.813, 6, 3.513], "rotation": 90, "texture": "#1"},
				"south": {"uv": [0, 2.813, 6, 3.513], "rotation": 90, "texture": "#1"},
				"west": {"uv": [0, 2.813, 6, 3.513], "rotation": 90, "texture": "#1"}
			}
		},
		{
			"from": [6.4, 18.75, 5.65],
			"to": [7.1, 19.45, 22.35],
			"rotation": {"angle": 0, "axis": "y", "origin": [10, 8, 21]},
			"faces": {
				"north": {"uv": [0, 1.875, 10.637, 2.637], "texture": "#1"},
				"east": {"uv": [0, 1.875, 10.637, 2.637], "texture": "#1"},
				"south": {"uv": [0, 1.875, 10.637, 2.637], "texture": "#1"},
				"west": {"uv": [0, 1.875, 10.637, 2.637], "texture": "#1"},
				"up": {"uv": [0, 1.875, 10.637, 2.637], "texture": "#1"},
				"down": {"uv": [0, 1.875, 10.637, 2.637], "texture": "#1"}
			}
		},
		{
			"from": [5.5, 7, 12.5],
			"to": [7.5, 11.5, 13.5],
			"rotation": {"angle": 0, "axis": "y", "origin": [9.75, 7.75, 21]},
			"faces": {
				"north": {"uv": [2.563, 10.438, 7.063, 8.438], "rotation": 90, "texture": "#1"},
				"east": {"uv": [1.688, 7.313, 6.188, 8.313], "rotation": 270, "texture": "#1"},
				"south": {"uv": [1.813, 11.688, 6.313, 9.688], "rotation": 270, "texture": "#1"},
				"west": {"uv": [2.563, 10.438, 7.063, 11.438], "rotation": 90, "texture": "#1"},
				"up": {"uv": [9.938, 11.625, 11.438, 14.75], "rotation": 270, "texture": "#1"},
				"down": {"uv": [12.813, 8.938, 13.813, 10.938], "rotation": 270, "texture": "#1"}
			}
		},
		{
			"from": [5.25, 7.75, 12.75],
			"to": [5.75, 10.75, 13.25],
			"rotation": {"angle": 45, "axis": "z", "origin": [4.25, 9.25, 13]},
			"faces": {
				"north": {"uv": [12.563, 0.063, 15.563, 0.563], "rotation": 90, "texture": "#1"},
				"east": {"uv": [12.563, 0.063, 15.563, 0.563], "rotation": 90, "texture": "#1"},
				"south": {"uv": [12.563, 0.063, 15.563, 0.563], "rotation": 90, "texture": "#1"},
				"west": {"uv": [12.563, 0.063, 15.563, 0.563], "rotation": 90, "texture": "#1"},
				"up": {"uv": [12.563, 0.063, 13.063, 0.563], "rotation": 90, "texture": "#1"}
			}
		},
		{
			"from": [7.25, -10.75, 8],
			"to": [8, -10, 20],
			"rotation": {"angle": 0, "axis": "y", "origin": [15.25, 8.25, 21.5]},
			"faces": {
				"east": {"uv": [2.063, 14.5, 14.063, 15.25], "texture": "#1"},
				"west": {"uv": [2.063, 14.5, 14.063, 15.25], "texture": "#1"},
				"up": {"uv": [2.063, 14.5, 14.063, 15.25], "rotation": 90, "texture": "#1"},
				"down": {"uv": [2.063, 14.5, 14.063, 15.25], "texture": "#1"}
			}
		},
		{
			"from": [1.25, -10.75, 8],
			"to": [2, -10, 20],
			"rotation": {"angle": 0, "axis": "y", "origin": [9.25, 8.25, 21.5]},
			"faces": {
				"east": {"uv": [2.063, 14.5, 14.063, 15.25], "texture": "#1"},
				"west": {"uv": [2.063, 14.5, 14.063, 15.25], "texture": "#1"},
				"up": {"uv": [2.063, 14.5, 14.063, 15.25], "rotation": 90, "texture": "#1"},
				"down": {"uv": [2.063, 14.5, 14.063, 15.25], "texture": "#1"}
			}
		},
		{
			"from": [2, -10.75, 7.25],
			"to": [13.625, -10, 8],
			"rotation": {"angle": 0, "axis": "y", "origin": [7.625, -10.375, 14]},
			"faces": {
				"north": {"uv": [0, 13.313, 16, 14.063], "rotation": 180, "texture": "#1"},
				"east": {"uv": [10.063, 14.438, 10.813, 15.188], "rotation": 180, "texture": "#1"},
				"south": {"uv": [0, 13.313, 16, 14.063], "rotation": 180, "texture": "#1"},
				"west": {"uv": [0, 13.313, 16, 14.063], "rotation": 180, "texture": "#1"},
				"up": {"uv": [0, 14.063, 16, 13.313], "texture": "#1"},
				"down": {"uv": [0, 13.313, 16, 14.063], "rotation": 180, "texture": "#1"}
			}
		},
		{
			"from": [2, -10.75, 20],
			"to": [13.625, -10, 20.745],
			"rotation": {"angle": 0, "axis": "x", "origin": [7.8125, -10.375, 20.375]},
			"faces": {
				"north": {"uv": [0, 13.313, 16, 14.063], "texture": "#1"},
				"south": {"uv": [0, 14.063, 16, 13.313], "texture": "#1"},
				"up": {"uv": [0, 13.313, 16, 14.063], "texture": "#1"},
				"down": {"uv": [0, 13.313, 16, 14.063], "rotation": 180, "texture": "#1"}
			}
		},
		{
			"from": [13.625, -16, 20],
			"to": [14.375, -10.75, 20.75],
			"rotation": {"angle": 0, "axis": "z", "origin": [6.375, -10.1875, 20.375]},
			"faces": {
				"north": {"uv": [0, 13.313, 6.25, 14.063], "rotation": 90, "texture": "#1"},
				"east": {"uv": [0, 13.313, 6.25, 14.063], "rotation": 90, "texture": "#1"},
				"south": {"uv": [0, 13.313, 6.25, 14.063], "rotation": 90, "texture": "#1"},
				"west": {"uv": [0, 13.313, 6.25, 14.063], "rotation": 90, "texture": "#1"},
				"up": {"uv": [0, 14.563, 0.25, 15.313], "texture": "#1"},
				"down": {"uv": [0, 13.313, 6.25, 14.063], "rotation": 90, "texture": "#1"}
			}
		},
		{
			"from": [13.625, -16, 7.249],
			"to": [14.375, -10.75, 7.999],
			"rotation": {"angle": 0, "axis": "z", "origin": [6.375, -10.1875, 7.624]},
			"faces": {
				"north": {"uv": [0, 13.313, 6.25, 14.063], "rotation": 90, "texture": "#1"},
				"east": {"uv": [0, 13.313, 6.25, 14.063], "rotation": 90, "texture": "#1"},
				"south": {"uv": [0, 13.313, 6.25, 14.063], "rotation": 90, "texture": "#1"},
				"west": {"uv": [0, 13.313, 6.25, 14.063], "rotation": 90, "texture": "#1"},
				"up": {"uv": [0, 14.563, 0.25, 15.313], "texture": "#1"},
				"down": {"uv": [0, 13.313, 6.25, 14.063], "rotation": 90, "texture": "#1"}
			}
		},
		{
			"from": [1.83226, -10.75, 7.28337],
			"to": [2.14626, -10.005, 7.9853],
			"rotation": {"angle": 22.5, "axis": "y", "origin": [1.98926, -10.375, 7.63433]},
			"faces": {
				"north": {"uv": [0, 14.75, 0.251, 15.5], "texture": "#1"},
				"east": {"uv": [0, 14.75, 0.251, 15.5], "texture": "#1"},
				"south": {"uv": [0, 14.75, 0.251, 15.5], "texture": "#1"},
				"west": {"uv": [0, 14.75, 0.251, 15.5], "texture": "#1"},
				"up": {"uv": [0, 14.75, 0.251, 15.5], "texture": "#1"},
				"down": {"uv": [0, 14.75, 0.251, 15.5], "texture": "#1"}
			}
		},
		{
			"from": [1.78053, -10.75, 20.27478],
			"to": [2.09453, -10.005, 20.97672],
			"rotation": {"angle": -22.5, "axis": "y", "origin": [2.61716, -10.16631, 20.62575]},
			"faces": {
				"north": {"uv": [0, 14.75, 0.251, 15.5], "rotation": 180, "texture": "#1"},
				"east": {"uv": [0, 14.75, 0.251, 15.5], "rotation": 180, "texture": "#1"},
				"south": {"uv": [0, 14.75, 0.251, 15.5], "rotation": 180, "texture": "#1"},
				"west": {"uv": [0, 14.75, 0.251, 15.5], "rotation": 180, "texture": "#1"},
				"up": {"uv": [0, 14.75, 0.251, 15.5], "texture": "#1"},
				"down": {"uv": [0, 14.75, 0.251, 15.5], "texture": "#1"}
			}
		},
		{
			"from": [13.84228, -10.77195, 20.01],
			"to": [14.58728, -10.45795, 20.74],
			"rotation": {"angle": 22.5, "axis": "z", "origin": [14.42597, -11.29458, 20.36097]},
			"faces": {
				"north": {"uv": [0, 14.75, 0.251, 15.5], "rotation": 90, "texture": "#1"},
				"east": {"uv": [0, 14.75, 0.251, 15.5], "rotation": 90, "texture": "#1"},
				"south": {"uv": [0, 14.75, 0.251, 15.5], "rotation": 270, "texture": "#1"},
				"west": {"uv": [0, 14.75, 0.251, 15.5], "rotation": 90, "texture": "#1"},
				"up": {"uv": [0, 14.75, 0.251, 15.5], "rotation": 270, "texture": "#1"},
				"down": {"uv": [0, 14.75, 0.251, 15.5], "rotation": 270, "texture": "#1"}
			}
		},
		{
			"from": [13.84228, -10.77195, 7.259],
			"to": [14.58728, -10.45795, 7.989],
			"rotation": {"angle": 22.5, "axis": "z", "origin": [14.42597, -11.29458, 7.60997]},
			"faces": {
				"north": {"uv": [0, 14.75, 0.251, 15.5], "rotation": 90, "texture": "#1"},
				"east": {"uv": [0, 14.75, 0.251, 15.5], "rotation": 90, "texture": "#1"},
				"south": {"uv": [0, 14.75, 0.251, 15.5], "rotation": 270, "texture": "#1"},
				"west": {"uv": [0, 14.75, 0.251, 15.5], "rotation": 90, "texture": "#1"},
				"up": {"uv": [0, 14.75, 0.251, 15.5], "rotation": 270, "texture": "#1"},
				"down": {"uv": [0, 14.75, 0.251, 15.5], "rotation": 270, "texture": "#1"}
			}
		},
		{
			"from": [1.34196, -10.75, 7.83436],
			"to": [2.0439, -10.005, 8.14836],
			"rotation": {"angle": -22.5, "axis": "y", "origin": [1.6689, -10.375, 7.84303]},
			"faces": {
				"north": {"uv": [0, 14.313, 0.3, 14.814], "rotation": 180, "texture": "#1"},
				"east": {"uv": [0, 14.313, 0.3, 14.814], "rotation": 180, "texture": "#1"},
				"south": {"uv": [0, 14.313, 0.3, 14.814], "rotation": 180, "texture": "#1"},
				"west": {"uv": [0, 14.313, 0.3, 14.814], "rotation": 180, "texture": "#1"},
				"up": {"uv": [2.688, 12.625, 3.39, 12.939], "rotation": 180, "texture": "#1"},
				"down": {"uv": [0, 14.313, 0.3, 14.814], "rotation": 180, "texture": "#1"}
			}
		},
		{
			"from": [1.28337, -10.75, 19.85374],
			"to": [1.9853, -10.005, 20.16774],
			"rotation": {"angle": 22.5, "axis": "y", "origin": [1.63433, -10.375, 20.01074]},
			"faces": {
				"north": {"uv": [0, 14.313, 0.3, 14.814], "texture": "#1"},
				"east": {"uv": [0, 14.313, 0.3, 14.814], "texture": "#1"},
				"south": {"uv": [0, 14.313, 0.3, 14.814], "texture": "#1"},
				"west": {"uv": [0, 14.313, 0.3, 14.814], "texture": "#1"},
				"up": {"uv": [0, 14.313, 0.3, 14.814], "rotation": 180, "texture": "#1"},
				"down": {"uv": [2.688, 12.625, 3.39, 12.939], "rotation": 180, "texture": "#1"}
			}
		},
		{
			"from": [13.47874, -10.7353, 20.001],
			"to": [13.79274, -10.03337, 20.744],
			"rotation": {"angle": -22.5, "axis": "z", "origin": [13.63574, -10.38433, 20.371]},
			"faces": {
				"north": {"uv": [0, 14.313, 0.3, 14.814], "rotation": 270, "texture": "#1"},
				"east": {"uv": [0, 14.313, 0.3, 14.814], "rotation": 90, "texture": "#1"},
				"south": {"uv": [2.688, 12.625, 3.39, 12.939], "rotation": 270, "texture": "#1"},
				"west": {"uv": [0, 14.313, 0.3, 14.814], "rotation": 270, "texture": "#1"},
				"up": {"uv": [0, 14.313, 0.3, 14.814], "texture": "#1"},
				"down": {"uv": [0, 14.313, 0.3, 14.814], "rotation": 180, "texture": "#1"}
			}
		},
		{
			"from": [13.47874, -10.7353, 7.25],
			"to": [13.79274, -10.03337, 7.993],
			"rotation": {"angle": -22.5, "axis": "z", "origin": [13.63574, -10.38433, 7.62]},
			"faces": {
				"north": {"uv": [0, 14.313, 0.3, 14.814], "rotation": 270, "texture": "#1"},
				"east": {"uv": [0, 14.313, 0.3, 14.814], "rotation": 90, "texture": "#1"},
				"south": {"uv": [2.688, 12.625, 3.39, 12.939], "rotation": 270, "texture": "#1"},
				"west": {"uv": [0, 14.313, 0.3, 14.814], "rotation": 270, "texture": "#1"},
				"up": {"uv": [0, 14.313, 0.3, 14.814], "texture": "#1"},
				"down": {"uv": [0, 14.313, 0.3, 14.814], "rotation": 180, "texture": "#1"}
			}
		},
		{
			"from": [1.49031, -10.75, 7.55005],
			"to": [2.19224, -10.01, 8.03051],
			"rotation": {"angle": -45, "axis": "y", "origin": [1.81724, -10.375, 7.72518]},
			"faces": {
				"north": {"uv": [0, 13.688, 0.25, 14.438], "texture": "#1"},
				"east": {"uv": [0, 13.688, 0.25, 14.438], "texture": "#1"},
				"south": {"uv": [0, 13.688, 0.25, 14.438], "texture": "#1"},
				"west": {"uv": [0, 13.688, 0.25, 14.438], "texture": "#1"},
				"up": {"uv": [2.188, 12.438, 2.89, 12.918], "texture": "#1"},
				"down": {"uv": [0, 13.688, 0.25, 14.438], "texture": "#1"}
			}
		},
		{
			"from": [2.24086, -10.75, 19.78149],
			"to": [2.9428, -10.01, 20.26196],
			"rotation": {"angle": 45, "axis": "y", "origin": [2.41945, -10.25716, 21.08682]},
			"faces": {
				"north": {"uv": [0, 13.688, 0.25, 14.438], "rotation": 180, "texture": "#1"},
				"east": {"uv": [0, 13.688, 0.25, 14.438], "rotation": 180, "texture": "#1"},
				"south": {"uv": [0, 13.688, 0.25, 14.438], "rotation": 180, "texture": "#1"},
				"west": {"uv": [0, 13.688, 0.25, 14.438], "rotation": 180, "texture": "#1"},
				"up": {"uv": [0, 13.688, 0.25, 14.438], "texture": "#1"},
				"down": {"uv": [2.188, 12.438, 2.89, 12.918], "texture": "#1"}
			}
		},
		{
			"from": [13.48583, -10.77844, 20.004],
			"to": [14.18776, -10.29797, 20.734],
			"rotation": {"angle": 45, "axis": "z", "origin": [13.8368, -10.5382, 20.374]},
			"faces": {
				"north": {"uv": [0, 13.688, 0.25, 14.438], "rotation": 180, "texture": "#1"},
				"east": {"uv": [0, 13.688, 0.25, 14.438], "rotation": 90, "texture": "#1"},
				"south": {"uv": [2.188, 12.438, 2.89, 12.918], "texture": "#1"},
				"west": {"uv": [0, 13.688, 0.25, 14.438], "rotation": 90, "texture": "#1"},
				"up": {"uv": [0, 13.688, 0.25, 14.438], "rotation": 180, "texture": "#1"},
				"down": {"uv": [0, 13.688, 0.25, 14.438], "texture": "#1"}
			}
		},
		{
			"from": [13.48583, -10.77844, 7.253],
			"to": [14.18776, -10.29797, 7.983],
			"rotation": {"angle": 45, "axis": "z", "origin": [13.8368, -10.5382, 7.623]},
			"faces": {
				"north": {"uv": [0, 13.688, 0.25, 14.438], "rotation": 180, "texture": "#1"},
				"east": {"uv": [0, 13.688, 0.25, 14.438], "rotation": 90, "texture": "#1"},
				"south": {"uv": [2.188, 12.438, 2.89, 12.918], "texture": "#1"},
				"west": {"uv": [0, 13.688, 0.25, 14.438], "rotation": 90, "texture": "#1"},
				"up": {"uv": [0, 13.688, 0.25, 14.438], "rotation": 180, "texture": "#1"},
				"down": {"uv": [0, 13.688, 0.25, 14.438], "texture": "#1"}
			}
		},
		{
			"from": [7.5, -10, 6.75],
			"to": [14.75, -9.75, 21.25],
			"rotation": {"angle": 0, "axis": "y", "origin": [6, 7, 15]},
			"faces": {
				"north": {"uv": [16, 5.5, 15.751, 0], "rotation": 90, "texture": "#1"},
				"east": {"uv": [16, 0.25, 10.813, 0], "texture": "#1"},
				"south": {"uv": [16, 0.25, 10.813, 0], "texture": "#1"},
				"west": {"uv": [16, 0.25, 10.813, 0], "texture": "#1"},
				"up": {"uv": [16, 5.5, 10.813, 0], "rotation": 90, "texture": "#1"},
				"down": {"uv": [16, 5.5, 10.813, 0], "rotation": 90, "texture": "#1"}
			}
		}
	],
	"display": {
		"thirdperson_righthand": {
			"rotation": [-15.75, -126, -14],
			"translation": [2, 0, 1.75],
			"scale": [0.39648, 0.39648, 0.39648]
		},
		"firstperson_righthand": {
			"rotation": [0, -153, 0],
			"translation": [5.5, -10, 11]
		},
		"firstperson_lefthand": {
			"rotation": [0, 29, 0],
			"translation": [2.75, -11, 0]
		},
		"ground": {
			"translation": [0, 8.75, -1.75],
			"scale": [0.4, 0.4, 0.4]
		},
		"gui": {
			"rotation": [30, -45, 0],
			"translation": [1, 1.75, 0],
			"scale": [0.4, 0.4, 0.4]
		},
		"head": {
			"rotation": [0, 90, 0],
			"translation": [-3.25, -15.5, -8],
			"scale": [0.68359, 0.94727, 0.60352]
		},
		"fixed": {
			"rotation": [-90, 0, 0],
			"translation": [0, -19, -80],
			"scale": [3.36484, 3.36484, 3.36484]
		}
	},
	"groups": [
		{
			"name": "light",
			"origin": [17.26542, 11.85428, -0.88269],
			"children": [0, 1, 2, 3, 4, 5, 6, 7, 8, 9, 10, 11, 12, 13]
		},
		{
			"name": "light",
			"origin": [17.26542, 11.85428, -0.88269],
			"children": [14, 15, 16, 17, 18, 19, 20, 21, 22, 23, 24, 25, 26, 27]
		},
		{
			"name": "base",
			"origin": [2.25, 9.25, 7],
			"children": [28, 29, 30, 31, 32, 33, 34, 35, 36, 37, 38, 39, 40, 41, 42, 43, 44, 45, 46, 47, 48, 49, 50, 51, 52, 53]
		}
	]
}