{
	"credit": "Made with Blockbench",
	"ambientocclusion": false,
	"textures": {
		"0": "block/wood_palletcrate001a",
		"particle": "block/wood_palletcrate001a"
	},
	"elements": [
		{
			"from": [-11, 0, -15.9],
			"to": [26.75, 0.5, -8.1],
			"rotation": {"angle": 0, "axis": "y", "origin": [4, 8, 8.1]},
			"faces": {
				"north": {"uv": [7.625, 0, 7.844, 10.957], "rotation": 270, "texture": "#0"},
				"east": {"uv": [6.376, 0, 7.845, 10.957], "rotation": 270, "texture": "#0"},
				"south": {"uv": [7.625, 0, 7.844, 10.957], "rotation": 270, "texture": "#0"},
				"west": {"uv": [6.376, 0, 7.845, 10.957], "rotation": 270, "texture": "#0"},
				"up": {"uv": [6.376, 0, 7.845, 10.957], "rotation": 270, "texture": "#0"},
				"down": {"uv": [6.376, 0, 7.845, 10.957], "rotation": 270, "texture": "#0"}
			}
		},
		{
			"from": [-11, 0, 23.85],
			"to": [26.75, 0.5, 31.65],
			"rotation": {"angle": 0, "axis": "y", "origin": [4, 8, 8.1]},
			"faces": {
				"north": {"uv": [15.813, 10.894, 16, 0.063], "rotation": 90, "texture": "#0"},
				"east": {"uv": [6.407, 11.375, 7.874, 11.581], "rotation": 180, "texture": "#0"},
				"south": {"uv": [15.813, 10.894, 16, 0.063], "rotation": 90, "texture": "#0"},
				"west": {"uv": [6.438, 11.188, 7.969, 11.363], "texture": "#0"},
				"up": {"uv": [14.625, 0, 16, 10.925], "rotation": 90, "texture": "#0"},
				"down": {"uv": [14.625, 0, 16, 10.925], "rotation": 90, "texture": "#0"}
			}
		},
		{
			"from": [-11, 0, 10.85],
			"to": [26.85, 0.5, 15.15],
			"rotation": {"angle": 0, "axis": "y", "origin": [4, 8, 7.6]},
			"faces": {
				"north": {"uv": [8.375, 10.938, 8.519, 0], "rotation": 270, "texture": "#0"},
				"east": {"uv": [6.438, 11.157, 7.956, 11.345], "rotation": 180, "texture": "#0"},
				"south": {"uv": [8.25, 0, 8.425, 10.938], "rotation": 270, "texture": "#0"},
				"west": {"uv": [7.875, 1.532, 8.831, 1.782], "rotation": 180, "texture": "#0"},
				"up": {"uv": [7.875, 0, 8.831, 10.938], "rotation": 270, "texture": "#0"},
				"down": {"uv": [7.875, 0, 8.831, 10.938], "rotation": 270, "texture": "#0"}
			}
		},
		{
			"from": [-11, 4.5, 25.35],
			"to": [27.25, 5, 31.15],
			"rotation": {"angle": 0, "axis": "y", "origin": [4, 12.5, 23.6]},
			"faces": {
				"north": {"uv": [6.876, 0, 7.02, 10.876], "rotation": 270, "texture": "#0"},
				"east": {"uv": [5.53, 11.469, 5.344, 12.832], "rotation": 90, "texture": "#0"},
				"south": {"uv": [6.564, 10.876, 6.738, 0], "rotation": 270, "texture": "#0"},
				"west": {"uv": [6.407, 11.563, 7.832, 11.375], "rotation": 180, "texture": "#0"},
				"up": {"uv": [6.407, 10.876, 7.832, 0], "rotation": 270, "texture": "#0"},
				"down": {"uv": [6.407, 10.876, 7.832, 0], "rotation": 270, "texture": "#0"}
			}
		},
		{
			"from": [-11, 4.5, -15.65],
			"to": [27.25, 5, -9.85],
			"rotation": {"angle": 0, "axis": "y", "origin": [4, 12.5, 23.6]},
			"faces": {
				"north": {"uv": [15.655, 0, 15.344, 10.925], "rotation": 90, "texture": "#0"},
				"east": {"uv": [14.688, 5.657, 16, 5.988], "texture": "#0"},
				"south": {"uv": [15.656, 0, 15.407, 10.925], "rotation": 90, "texture": "#0"},
				"west": {"uv": [14.688, 5.657, 16, 5.988], "texture": "#0"},
				"up": {"uv": [15.968, 0, 14.625, 10.925], "rotation": 90, "texture": "#0"},
				"down": {"uv": [15.968, 0, 14.625, 10.925], "rotation": 90, "texture": "#0"}
			}
		},
		{
			"from": [-11, 4.5, 21.85],
			"to": [26.85, 5, 24.9],
			"rotation": {"angle": 0, "axis": "y", "origin": [4, 12.5, 23.6]},
			"faces": {
				"north": {"uv": [8.8, 0, 8.72, 10.938], "rotation": 270, "texture": "#0"},
				"east": {"uv": [10.736, 8.157, 9.782, 8.47], "texture": "#0"},
				"south": {"uv": [7.988, 0, 7.845, 10.938], "rotation": 90, "texture": "#0"},
				"west": {"uv": [7.424, 11.564, 6.407, 11.751], "texture": "#0"},
				"up": {"uv": [8.8, 0, 7.845, 10.938], "rotation": 90, "texture": "#0"},
				"down": {"uv": [8.8, 0, 7.845, 10.938], "rotation": 90, "texture": "#0"}
			}
		},
		{
			"from": [-11.25, 4.5, -9.15],
			"to": [26.85, 5, -6.1],
			"rotation": {"angle": 0, "axis": "y", "origin": [4, 12.5, 23.6]},
			"faces": {
				"north": {"uv": [14.394, 0, 14.063, 10.938], "rotation": 270, "texture": "#0"},
				"east": {"uv": [14.77, 8.219, 13.813, 8.531], "rotation": 180, "texture": "#0"},
				"south": {"uv": [14.8, 0, 14.532, 10.938], "rotation": 270, "texture": "#0"},
				"west": {"uv": [13.813, 2.813, 14.77, 3.125], "rotation": 180, "texture": "#0"},
				"up": {"uv": [14.7695, 0, 13.8125, 10.938], "rotation": 90, "texture": "#0"},
				"down": {"uv": [14.7695, 0, 13.8125, 10.938], "rotation": 90, "texture": "#0"}
			}
		},
		{
			"from": [-11, 4.5, 12.35],
			"to": [26.85, 5, 16.65],
			"rotation": {"angle": 0, "axis": "y", "origin": [4, 12.5, 23.6]},
			"faces": {
				"north": {"uv": [9.988, 10.969, 9.782, 0], "rotation": 90, "texture": "#0"},
				"east": {"uv": [9.782, 4.782, 10.769, 5.093], "rotation": 180, "texture": "#0"},
				"south": {"uv": [10.425, 0, 10.188, 10.969], "rotation": 90, "texture": "#0"},
				"west": {"uv": [10.736, 10.719, 9.75, 10.969], "rotation": 180, "texture": "#0"},
				"up": {"uv": [10.769, 0, 9.782, 10.969], "rotation": 90, "texture": "#0"},
				"down": {"uv": [10.769, 0, 9.782, 10.969], "rotation": 90, "texture": "#0"}
			}
		},
		{
			"from": [-11, 4.5, 7.8],
			"to": [27.25, 5, 11.65],
			"rotation": {"angle": 0, "axis": "y", "origin": [4, 12.5, 23.6]},
			"faces": {
				"north": {"uv": [11.595, 0, 11.851, 10.969], "rotation": 90, "texture": "#0"},
				"east": {"uv": [10.782, 7.688, 11.851, 8], "texture": "#0"},
				"south": {"uv": [11.851, 10.969, 11.563, 0], "rotation": 90, "texture": "#0"},
				"west": {"uv": [11.851, 9.001, 10.782, 9.344], "texture": "#0"},
				"up": {"uv": [11.851, 0, 10.782, 10.969], "rotation": 90, "texture": "#0"},
				"down": {"uv": [11.851, 0, 10.782, 10.969], "rotation": 90, "texture": "#0"}
			}
		},
		{
			"from": [-11.25, 4.5, 2.3],
			"to": [27.25, 5, 5.9],
			"rotation": {"angle": 0, "axis": "y", "origin": [4, 12.5, 23.6]},
			"faces": {
				"north": {"uv": [12.475, 10.938, 12.282, 0], "rotation": 90, "texture": "#0"},
				"east": {"uv": [7.443, 11.594, 6.407, 11.749], "rotation": 180, "texture": "#0"},
				"south": {"uv": [12.038, 0, 11.782, 10.938], "rotation": 90, "texture": "#0"},
				"west": {"uv": [11.782, 0, 12.819, 0.188], "rotation": 180, "texture": "#0"},
				"up": {"uv": [12.819, 0, 11.782, 10.938], "rotation": 90, "texture": "#0"},
				"down": {"uv": [12.819, 0, 11.782, 10.938], "rotation": 90, "texture": "#0"}
			}
		},
		{
			"from": [-11, 4.5, -5.45],
			"to": [26.85, 5, -1.1],
			"rotation": {"angle": 0, "axis": "y", "origin": [4, 12.5, 23.6]},
			"faces": {
				"north": {"uv": [13.405, 0, 13.188, 10.881], "rotation": 90, "texture": "#0"},
				"east": {"uv": [13.75, 0.875, 12.844, 1.193], "rotation": 180, "texture": "#0"},
				"south": {"uv": [13.406, 0, 13.157, 10.881], "rotation": 90, "texture": "#0"},
				"west": {"uv": [14.599, 7.562, 14.344, 6.094], "rotation": 90, "texture": "#0"},
				"up": {"uv": [13.75, 0, 12.844, 10.881], "rotation": 90, "texture": "#0"},
				"down": {"uv": [13.75, 0, 12.844, 10.881], "rotation": 90, "texture": "#0"}
			}
		},
		{
			"from": [-11.25, 4.5, 17.35],
			"to": [26.85, 5, 19.9],
			"rotation": {"angle": 0, "axis": "y", "origin": [4, 12.5, 23.6]},
			"faces": {
				"north": {"uv": [9.095, 10.969, 9.393, 0], "rotation": 90, "texture": "#0"},
				"east": {"uv": [8.875, 0.313, 9.798, 0.563], "texture": "#0"},
				"south": {"uv": [9.595, 0, 9.768, 10.969], "rotation": 90, "texture": "#0"},
				"west": {"uv": [6.438, 11.563, 7.392, 11.75], "texture": "#0"},
				"up": {"uv": [8.845, 0, 9.768, 10.969], "rotation": 90, "texture": "#0"},
				"down": {"uv": [8.845, 0, 9.768, 10.969], "rotation": 90, "texture": "#0"}
			}
		},
		{
			"from": [-11, 0, 5.85],
			"to": [26.75, 0.5, 9.9],
			"rotation": {"angle": 0, "axis": "y", "origin": [4, 8, 7.6]},
			"faces": {
				"north": {"uv": [11.189, 0, 11.424, 10.938], "rotation": 90, "texture": "#0"},
				"east": {"uv": [7.422, 11.907, 6.407, 11.75], "rotation": 180, "texture": "#0"},
				"south": {"uv": [8.798, 10.938, 8.594, 0], "rotation": 90, "texture": "#0"},
				"west": {"uv": [10.75, 9.625, 11.767, 9.75], "rotation": 180, "texture": "#0"},
				"up": {"uv": [10.782, 0, 11.799, 10.938], "rotation": 90, "texture": "#0"},
				"down": {"uv": [10.782, 0, 11.799, 10.938], "rotation": 90, "texture": "#0"}
			}
		},
		{
			"from": [-11.25, 0, 1.1],
			"to": [26.95, 0.5, 4.4],
			"rotation": {"angle": 0, "axis": "y", "origin": [4, 8, 7.6]},
			"faces": {
				"north": {"uv": [12.02, 0, 11.813, 10.969], "rotation": 90, "texture": "#0"},
				"east": {"uv": [6.407, 11.375, 7.863, 11.593], "texture": "#0"},
				"south": {"uv": [12.832, 0.032, 12.657, 10.938], "rotation": 270, "texture": "#0"},
				"west": {"uv": [11.813, 9.844, 12.832, 10.156], "rotation": 180, "texture": "#0"},
				"up": {"uv": [11.813, 0, 12.832, 10.969], "rotation": 90, "texture": "#0"},
				"down": {"uv": [11.813, 0, 12.832, 10.969], "rotation": 90, "texture": "#0"}
			}
		},
		{
			"from": [-11.25, 2, -16],
			"to": [-9.75, 4.5, 31.8],
			"rotation": {"angle": 0, "axis": "y", "origin": [-32.75, 8, 8]},
			"faces": {
				"north": {"uv": [6.407, 12.094, 7.343, 12.748], "rotation": 90, "texture": "#0"},
				"east": {"uv": [6.405, 13.375, 5.751, 0.063], "rotation": 90, "texture": "#0"},
				"south": {"uv": [6.438, 12.095, 7.311, 12.749], "rotation": 90, "texture": "#0"},
				"west": {"uv": [6.405, 0.063, 5.751, 13.375], "rotation": 90, "texture": "#0"},
				"up": {"uv": [5.563, 0.063, 6.28, 13.375], "rotation": 180, "texture": "#0"},
				"down": {"uv": [5.811, 0.063, 5.344, 13.375], "texture": "#0"}
			}
		},
		{
			"from": [7.5, 2, -16],
			"to": [9, 4.5, 31.8],
			"rotation": {"angle": 0, "axis": "y", "origin": [-14, 8, 8]},
			"faces": {
				"north": {"uv": [6.407, 12.094, 7.343, 12.748], "rotation": 90, "texture": "#0"},
				"east": {"uv": [6.405, 13.375, 5.751, 0.063], "rotation": 90, "texture": "#0"},
				"south": {"uv": [6.438, 12.095, 7.311, 12.749], "rotation": 90, "texture": "#0"},
				"west": {"uv": [6.405, 0.063, 5.751, 13.375], "rotation": 90, "texture": "#0"},
				"up": {"uv": [5.563, 0.063, 6.28, 13.375], "rotation": 180, "texture": "#0"},
				"down": {"uv": [5.811, 0.063, 5.344, 13.375], "texture": "#0"}
			}
		},
		{
			"from": [25.5, 2, -16],
			"to": [27, 4.5, 31.8],
			"rotation": {"angle": 0, "axis": "y", "origin": [4, 8, 8]},
			"faces": {
				"north": {"uv": [6.407, 12.094, 7.343, 12.748], "rotation": 90, "texture": "#0"},
				"east": {"uv": [6.405, 13.375, 5.751, 0.063], "rotation": 90, "texture": "#0"},
				"south": {"uv": [6.438, 12.095, 7.311, 12.749], "rotation": 90, "texture": "#0"},
				"west": {"uv": [6.405, 0.063, 5.751, 13.375], "rotation": 90, "texture": "#0"},
				"up": {"uv": [5.563, 0.063, 6.28, 13.375], "rotation": 180, "texture": "#0"},
				"down": {"uv": [5.811, 0.063, 5.344, 13.375], "texture": "#0"}
			}
		},
		{
			"from": [-11.25, 0.5, 0],
			"to": [-9.75, 2, 15.8],
			"rotation": {"angle": 0, "axis": "y", "origin": [-32.75, 8, 8]},
			"faces": {
				"north": {"uv": [6.032, 8.75, 5.5, 9.289], "rotation": 90, "texture": "#0"},
				"east": {"uv": [5.72, 9.164, 5.282, 4.5], "rotation": 90, "texture": "#0"},
				"south": {"uv": [5.344, 8.313, 5.969, 9.07], "rotation": 180, "texture": "#0"},
				"west": {"uv": [5.72, 4.5, 5.282, 9.164], "rotation": 90, "texture": "#0"},
				"down": {"uv": [5.72, 4.5, 5.282, 9.164], "rotation": 180, "texture": "#0"}
			}
		},
		{
			"from": [7.5, 0.5, 0],
			"to": [9, 2, 15.8],
			"rotation": {"angle": 0, "axis": "y", "origin": [-14, 8, 8]},
			"faces": {
				"north": {"uv": [6.032, 8.75, 5.5, 9.289], "rotation": 90, "texture": "#0"},
				"east": {"uv": [5.72, 9.164, 5.282, 4.5], "rotation": 90, "texture": "#0"},
				"south": {"uv": [5.344, 8.313, 5.969, 9.07], "rotation": 180, "texture": "#0"},
				"west": {"uv": [5.72, 4.5, 5.282, 9.164], "rotation": 90, "texture": "#0"},
				"down": {"uv": [5.72, 4.5, 5.282, 9.164], "rotation": 180, "texture": "#0"}
			}
		},
		{
			"from": [25.5, 0.5, 0],
			"to": [27, 2, 15.8],
			"rotation": {"angle": 0, "axis": "y", "origin": [4, 8, 8]},
			"faces": {
				"north": {"uv": [6.032, 8.75, 5.5, 9.289], "rotation": 90, "texture": "#0"},
				"east": {"uv": [5.72, 9.164, 5.282, 4.5], "rotation": 90, "texture": "#0"},
				"south": {"uv": [5.344, 8.313, 5.969, 9.07], "rotation": 180, "texture": "#0"},
				"west": {"uv": [5.72, 4.5, 5.282, 9.164], "rotation": 90, "texture": "#0"},
				"down": {"uv": [5.72, 4.5, 5.282, 9.164], "rotation": 180, "texture": "#0"}
			}
		},
		{
			"from": [-11.25, 0.5, 22],
			"to": [-9.75, 2, 31.8],
			"rotation": {"angle": 0, "axis": "y", "origin": [-32.75, 8, 8]},
			"faces": {
				"north": {"uv": [5.344, 10.157, 6.344, 11.125], "rotation": 180, "texture": "#0"},
				"east": {"uv": [5.751, 2.956, 5.313, 0.063], "rotation": 90, "texture": "#0"},
				"south": {"uv": [7.189, 12.094, 7.749, 12.75], "rotation": 90, "texture": "#0"},
				"west": {"uv": [5.751, 0.063, 5.313, 2.956], "rotation": 90, "texture": "#0"},
				"down": {"uv": [5.751, 0.063, 5.313, 2.956], "texture": "#0"}
			}
		},
		{
			"from": [7.5, 0.5, 22],
			"to": [9, 2, 31.8],
			"rotation": {"angle": 0, "axis": "y", "origin": [-14, 8, 8]},
			"faces": {
				"north": {"uv": [5.344, 10.157, 6.344, 11.125], "rotation": 180, "texture": "#0"},
				"east": {"uv": [5.751, 2.956, 5.313, 0.063], "rotation": 90, "texture": "#0"},
				"south": {"uv": [7.189, 12.094, 7.749, 12.75], "rotation": 90, "texture": "#0"},
				"west": {"uv": [5.751, 0.063, 5.313, 2.956], "rotation": 90, "texture": "#0"},
				"down": {"uv": [5.751, 0.063, 5.313, 2.956], "texture": "#0"}
			}
		},
		{
			"from": [25.5, 0.5, 22],
			"to": [27, 2, 31.8],
			"rotation": {"angle": 0, "axis": "y", "origin": [4, 8, 8]},
			"faces": {
				"north": {"uv": [5.344, 10.157, 6.344, 11.125], "rotation": 180, "texture": "#0"},
				"east": {"uv": [5.751, 2.956, 5.313, 0.063], "rotation": 90, "texture": "#0"},
				"south": {"uv": [7.189, 12.094, 7.749, 12.75], "rotation": 90, "texture": "#0"},
				"west": {"uv": [5.751, 0.063, 5.313, 2.956], "rotation": 90, "texture": "#0"},
				"down": {"uv": [5.751, 0.063, 5.313, 2.956], "texture": "#0"}
			}
		},
		{
			"from": [-11.25, 0.5, -16],
			"to": [-9.75, 2, -6.2],
			"rotation": {"angle": 0, "axis": "y", "origin": [-32.75, 8, 8]},
			"faces": {
				"north": {"uv": [7.345, 12.094, 7.749, 12.748], "rotation": 90, "texture": "#0"},
				"east": {"uv": [5.751, 13.39375, 5.313, 10.68825], "rotation": 90, "texture": "#0"},
				"south": {"uv": [5.751, 10.68825, 5.313, 13.39375], "rotation": 90, "texture": "#0"},
				"west": {"uv": [5.751, 10.68825, 5.313, 13.39375], "rotation": 90, "texture": "#0"},
				"down": {"uv": [6.032, 9.157, 5.313, 13.393], "texture": "#0"}
			}
		},
		{
			"from": [7.5, 0.5, -16],
			"to": [9, 2, -6.2],
			"rotation": {"angle": 0, "axis": "y", "origin": [-14, 8, 8]},
			"faces": {
				"north": {"uv": [7.345, 12.094, 7.749, 12.748], "rotation": 90, "texture": "#0"},
				"east": {"uv": [5.751, 13.39375, 5.313, 10.68825], "rotation": 90, "texture": "#0"},
				"south": {"uv": [5.751, 10.68825, 5.313, 13.39375], "rotation": 90, "texture": "#0"},
				"west": {"uv": [5.751, 10.68825, 5.313, 13.39375], "rotation": 90, "texture": "#0"},
				"down": {"uv": [6.032, 9.157, 5.313, 13.393], "texture": "#0"}
			}
		},
		{
			"from": [25.5, 0.5, -16],
			"to": [27, 2, -6.2],
			"rotation": {"angle": 0, "axis": "y", "origin": [4, 8, 8]},
			"faces": {
				"north": {"uv": [7.345, 12.094, 7.749, 12.748], "rotation": 90, "texture": "#0"},
				"east": {"uv": [5.751, 13.39375, 5.313, 10.68825], "rotation": 90, "texture": "#0"},
				"south": {"uv": [5.751, 10.68825, 5.313, 13.39375], "rotation": 90, "texture": "#0"},
				"west": {"uv": [5.751, 10.68825, 5.313, 13.39375], "rotation": 90, "texture": "#0"},
				"down": {"uv": [6.032, 9.157, 5.313, 13.393], "texture": "#0"}
			}
		}
	],
	"display": {
		"thirdperson_righthand": {
			"rotation": [45, 60, 0],
			"translation": [0.5, 0, -0.25],
			"scale": [0.21, 0.21, 0.21]
		},
		"thirdperson_lefthand": {
			"rotation": [45, 60, 0],
			"translation": [-0.5, 0, -0.25],
			"scale": [0.21, 0.21, 0.21]
		},
		"firstperson_righthand": {
			"rotation": [0, 45, 0],
			"scale": [0.3, 0.3, 0.3]
		},
		"firstperson_lefthand": {
			"rotation": [0, 45, 0],
			"scale": [0.3, 0.3, 0.3]
		},
		"ground": {
			"scale": [0.25, 0.25, 0.25]
		},
		"gui": {
			"rotation": [30, 135, 0],
			"translation": [0, -1.25, 0],
			"scale": [0.4, 0.4, 0.4]
		},
		"fixed": {
			"rotation": [-90, 0, 0],
			"translation": [0, 0, -15],
			"scale": [2, 2, 2]
		}
	},
	"groups": [
		{
			"name": "palett",
			"origin": [2, 7, 4],
			"children": [0, 1, 2, 3, 4, 5, 6, 7, 8, 9, 10, 11, 12, 13, 14, 15, 16, 17, 18, 19, 20, 21, 22, 23, 24, 25]
		}
	]
}