{
	"credit": "Made with Blockbench",
	"ambientocclusion": false,
	"textures": {
		"0": "block/wood_palletcrate001a",
		"particle": "block/wood_palletcrate001a"
	},
	"elements": [
		{
			"from": [-14, 0, -15.9],
			"to": [23.75, 0.5, -8.1],
			"rotation": {"angle": 0, "axis": "y", "origin": [1, 8, 8.1]},
			"faces": {
				"north": {"uv": [7.625, 0, 7.844, 10.957], "rotation": 270, "texture": "#0"},
				"east": {"uv": [6.376, 0, 7.845, 10.957], "rotation": 270, "texture": "#0"},
				"south": {"uv": [7.625, 0, 7.844, 10.957], "rotation": 270, "texture": "#0"},
				"west": {"uv": [6.376, 0, 7.845, 10.957], "rotation": 270, "texture": "#0"},
				"up": {"uv": [6.376, 0, 7.845, 10.957], "rotation": 270, "texture": "#0"},
				"down": {"uv": [6.376, 0, 7.845, 10.957], "rotation": 270, "texture": "#0"}
			}
		},
		{
			"from": [-14, 0, 23.85],
			"to": [23.75, 0.5, 31.65],
			"rotation": {"angle": 0, "axis": "y", "origin": [1, 8, 8.1]},
			"faces": {
				"north": {"uv": [15.813, 10.894, 16, 0.063], "rotation": 90, "texture": "#0"},
				"east": {"uv": [6.407, 11.375, 7.874, 11.581], "rotation": 180, "texture": "#0"},
				"south": {"uv": [15.813, 10.894, 16, 0.063], "rotation": 90, "texture": "#0"},
				"west": {"uv": [6.438, 11.188, 7.969, 11.363], "texture": "#0"},
				"up": {"uv": [14.625, 0, 16, 10.925], "rotation": 90, "texture": "#0"},
				"down": {"uv": [14.625, 0, 16, 10.925], "rotation": 90, "texture": "#0"}
			}
		},
		{
			"from": [-14, 0, 10.85],
			"to": [23.85, 0.5, 15.15],
			"rotation": {"angle": 0, "axis": "y", "origin": [1, 8, 7.6]},
			"faces": {
				"north": {"uv": [8.375, 10.938, 8.519, 0], "rotation": 270, "texture": "#0"},
				"east": {"uv": [6.438, 11.157, 7.956, 11.345], "rotation": 180, "texture": "#0"},
				"south": {"uv": [8.25, 0, 8.425, 10.938], "rotation": 270, "texture": "#0"},
				"west": {"uv": [7.875, 1.532, 8.831, 1.782], "rotation": 180, "texture": "#0"},
				"up": {"uv": [7.875, 0, 8.831, 10.938], "rotation": 270, "texture": "#0"},
				"down": {"uv": [7.875, 0, 8.831, 10.938], "rotation": 270, "texture": "#0"}
			}
		},
		{
			"from": [-14, 4.83333, 25.35],
			"to": [24.25, 5.33333, 31.15],
			"rotation": {"angle": 0, "axis": "y", "origin": [1, 12.5, 23.6]},
			"faces": {
				"north": {"uv": [6.876, 0, 7.02, 10.876], "rotation": 270, "texture": "#0"},
				"east": {"uv": [5.53, 11.469, 5.344, 12.832], "rotation": 90, "texture": "#0"},
				"south": {"uv": [6.564, 10.876, 6.738, 0], "rotation": 270, "texture": "#0"},
				"west": {"uv": [6.407, 11.563, 7.832, 11.375], "rotation": 180, "texture": "#0"},
				"up": {"uv": [6.407, 10.876, 7.832, 0], "rotation": 270, "texture": "#0"},
				"down": {"uv": [6.407, 10.876, 7.832, 0], "rotation": 270, "texture": "#0"}
			}
		},
		{
			"from": [-14, 4.83333, -15.65],
			"to": [24.25, 5.33333, -9.85],
			"rotation": {"angle": 0, "axis": "y", "origin": [1, 12.5, 23.6]},
			"faces": {
				"north": {"uv": [15.655, 0, 15.344, 10.925], "rotation": 90, "texture": "#0"},
				"east": {"uv": [14.688, 5.657, 16, 5.988], "texture": "#0"},
				"south": {"uv": [15.656, 0, 15.407, 10.925], "rotation": 90, "texture": "#0"},
				"west": {"uv": [14.688, 5.657, 16, 5.988], "texture": "#0"},
				"up": {"uv": [15.968, 0, 14.625, 10.925], "rotation": 90, "texture": "#0"},
				"down": {"uv": [15.968, 0, 14.625, 10.925], "rotation": 90, "texture": "#0"}
			}
		},
		{
			"from": [-14, 4.83333, 21.85],
			"to": [23.85, 5.33333, 24.9],
			"rotation": {"angle": 0, "axis": "y", "origin": [1, 12.5, 23.6]},
			"faces": {
				"north": {"uv": [8.8, 0, 8.72, 10.938], "rotation": 270, "texture": "#0"},
				"east": {"uv": [10.736, 8.157, 9.782, 8.47], "texture": "#0"},
				"south": {"uv": [7.988, 0, 7.845, 10.938], "rotation": 90, "texture": "#0"},
				"west": {"uv": [7.424, 11.564, 6.407, 11.751], "texture": "#0"},
				"up": {"uv": [8.8, 0, 7.845, 10.938], "rotation": 90, "texture": "#0"},
				"down": {"uv": [8.8, 0, 7.845, 10.938], "rotation": 90, "texture": "#0"}
			}
		},
		{
			"from": [-14.25, 4.83333, -9.15],
			"to": [23.85, 5.33333, -6.1],
			"rotation": {"angle": 0, "axis": "y", "origin": [1, 12.5, 23.6]},
			"faces": {
				"north": {"uv": [14.394, 0, 14.063, 10.938], "rotation": 270, "texture": "#0"},
				"east": {"uv": [14.77, 8.219, 13.813, 8.531], "rotation": 180, "texture": "#0"},
				"south": {"uv": [14.8, 0, 14.532, 10.938], "rotation": 270, "texture": "#0"},
				"west": {"uv": [13.813, 2.813, 14.77, 3.125], "rotation": 180, "texture": "#0"},
				"up": {"uv": [14.7695, 0, 13.8125, 10.938], "rotation": 90, "texture": "#0"},
				"down": {"uv": [14.7695, 0, 13.8125, 10.938], "rotation": 90, "texture": "#0"}
			}
		},
		{
			"from": [-14, 4.83333, 12.35],
			"to": [23.85, 5.33333, 16.65],
			"rotation": {"angle": 0, "axis": "y", "origin": [1, 12.5, 23.6]},
			"faces": {
				"north": {"uv": [9.988, 10.969, 9.782, 0], "rotation": 90, "texture": "#0"},
				"east": {"uv": [9.782, 4.782, 10.769, 5.093], "rotation": 180, "texture": "#0"},
				"south": {"uv": [10.425, 0, 10.188, 10.969], "rotation": 90, "texture": "#0"},
				"west": {"uv": [10.736, 10.719, 9.75, 10.969], "rotation": 180, "texture": "#0"},
				"up": {"uv": [10.769, 0, 9.782, 10.969], "rotation": 90, "texture": "#0"},
				"down": {"uv": [10.769, 0, 9.782, 10.969], "rotation": 90, "texture": "#0"}
			}
		},
		{
			"from": [-14, 4.83333, 7.8],
			"to": [24.25, 5.33333, 11.65],
			"rotation": {"angle": 0, "axis": "y", "origin": [1, 12.5, 23.6]},
			"faces": {
				"north": {"uv": [11.595, 0, 11.851, 10.969], "rotation": 90, "texture": "#0"},
				"east": {"uv": [10.782, 7.688, 11.851, 8], "texture": "#0"},
				"south": {"uv": [11.851, 10.969, 11.563, 0], "rotation": 90, "texture": "#0"},
				"west": {"uv": [11.851, 9.001, 10.782, 9.344], "texture": "#0"},
				"up": {"uv": [11.851, 0, 10.782, 10.969], "rotation": 90, "texture": "#0"},
				"down": {"uv": [11.851, 0, 10.782, 10.969], "rotation": 90, "texture": "#0"}
			}
		},
		{
			"from": [-14.25, 4.83333, 2.3],
			"to": [24.25, 5.33333, 5.9],
			"rotation": {"angle": 0, "axis": "y", "origin": [1, 12.5, 23.6]},
			"faces": {
				"north": {"uv": [12.475, 10.938, 12.282, 0], "rotation": 90, "texture": "#0"},
				"east": {"uv": [7.443, 11.594, 6.407, 11.749], "rotation": 180, "texture": "#0"},
				"south": {"uv": [12.038, 0, 11.782, 10.938], "rotation": 90, "texture": "#0"},
				"west": {"uv": [11.782, 0, 12.819, 0.188], "rotation": 180, "texture": "#0"},
				"up": {"uv": [12.819, 0, 11.782, 10.938], "rotation": 90, "texture": "#0"},
				"down": {"uv": [12.819, 0, 11.782, 10.938], "rotation": 90, "texture": "#0"}
			}
		},
		{
			"from": [-14, 4.83333, -5.45],
			"to": [23.85, 5.33333, -1.1],
			"rotation": {"angle": 0, "axis": "y", "origin": [1, 12.5, 23.6]},
			"faces": {
				"north": {"uv": [13.405, 0, 13.188, 10.881], "rotation": 90, "texture": "#0"},
				"east": {"uv": [13.75, 0.875, 12.844, 1.193], "rotation": 180, "texture": "#0"},
				"south": {"uv": [13.406, 0, 13.157, 10.881], "rotation": 90, "texture": "#0"},
				"west": {"uv": [14.599, 7.562, 14.344, 6.094], "rotation": 90, "texture": "#0"},
				"up": {"uv": [13.75, 0, 12.844, 10.881], "rotation": 90, "texture": "#0"},
				"down": {"uv": [13.75, 0, 12.844, 10.881], "rotation": 90, "texture": "#0"}
			}
		},
		{
			"from": [-14.25, 4.83333, 17.35],
			"to": [23.85, 5.33333, 19.9],
			"rotation": {"angle": 0, "axis": "y", "origin": [1, 12.5, 23.6]},
			"faces": {
				"north": {"uv": [9.095, 10.969, 9.393, 0], "rotation": 90, "texture": "#0"},
				"east": {"uv": [8.875, 0.313, 9.798, 0.563], "texture": "#0"},
				"south": {"uv": [9.595, 0, 9.768, 10.969], "rotation": 90, "texture": "#0"},
				"west": {"uv": [6.438, 11.563, 7.392, 11.75], "texture": "#0"},
				"up": {"uv": [8.845, 0, 9.768, 10.969], "rotation": 90, "texture": "#0"},
				"down": {"uv": [8.845, 0, 9.768, 10.969], "rotation": 90, "texture": "#0"}
			}
		},
		{
			"from": [-14, 0, 5.85],
			"to": [23.75, 0.5, 9.9],
			"rotation": {"angle": 0, "axis": "y", "origin": [1, 8, 7.6]},
			"faces": {
				"north": {"uv": [11.189, 0, 11.424, 10.938], "rotation": 90, "texture": "#0"},
				"east": {"uv": [7.422, 11.907, 6.407, 11.75], "rotation": 180, "texture": "#0"},
				"south": {"uv": [8.798, 10.938, 8.594, 0], "rotation": 90, "texture": "#0"},
				"west": {"uv": [10.782, 4.719, 11.799, 4.969], "texture": "#0"},
				"up": {"uv": [10.782, 0, 11.799, 10.938], "rotation": 90, "texture": "#0"},
				"down": {"uv": [10.782, 0, 11.799, 10.938], "rotation": 90, "texture": "#0"}
			}
		},
		{
			"from": [-14.25, 0, 1.1],
			"to": [23.95, 0.5, 4.4],
			"rotation": {"angle": 0, "axis": "y", "origin": [1, 8, 7.6]},
			"faces": {
				"north": {"uv": [12.02, 0, 11.813, 10.969], "rotation": 90, "texture": "#0"},
				"east": {"uv": [6.407, 11.375, 7.863, 11.593], "texture": "#0"},
				"south": {"uv": [12.832, 0.032, 12.657, 10.938], "rotation": 270, "texture": "#0"},
				"west": {"uv": [11.813, 9.844, 12.832, 10.156], "rotation": 180, "texture": "#0"},
				"up": {"uv": [11.813, 0, 12.832, 10.969], "rotation": 90, "texture": "#0"},
				"down": {"uv": [11.813, 0, 12.832, 10.969], "rotation": 90, "texture": "#0"}
			}
		},
		{
			"from": [-14.25, 2, -16],
			"to": [-12.75, 4.83333, 31.8],
			"rotation": {"angle": 0, "axis": "y", "origin": [-35.75, 8, 8]},
			"faces": {
				"north": {"uv": [6.407, 12.094, 7.343, 12.748], "rotation": 90, "texture": "#0"},
				"east": {"uv": [6.405, 13.375, 5.751, 0.063], "rotation": 90, "texture": "#0"},
				"south": {"uv": [6.438, 12.095, 7.311, 12.749], "rotation": 90, "texture": "#0"},
				"west": {"uv": [6.405, 0.063, 5.751, 13.375], "rotation": 90, "texture": "#0"},
				"up": {"uv": [5.563, 0.063, 6.28, 13.375], "rotation": 180, "texture": "#0"},
				"down": {"uv": [5.811, 0.063, 5.344, 13.375], "texture": "#0"}
			}
		},
		{
			"from": [4.5, 2, -16],
			"to": [6, 4.83333, 31.8],
			"rotation": {"angle": 0, "axis": "y", "origin": [-17, 8, 8]},
			"faces": {
				"north": {"uv": [6.407, 12.094, 7.343, 12.748], "rotation": 90, "texture": "#0"},
				"east": {"uv": [6.405, 13.375, 5.751, 0.063], "rotation": 90, "texture": "#0"},
				"south": {"uv": [6.438, 12.095, 7.311, 12.749], "rotation": 90, "texture": "#0"},
				"west": {"uv": [6.405, 0.063, 5.751, 13.375], "rotation": 90, "texture": "#0"},
				"up": {"uv": [5.563, 0.063, 6.28, 13.375], "rotation": 180, "texture": "#0"},
				"down": {"uv": [5.811, 0.063, 5.344, 13.375], "texture": "#0"}
			}
		},
		{
			"from": [22.5, 2, -16],
			"to": [24, 4.83333, 31.8],
			"rotation": {"angle": 0, "axis": "y", "origin": [1, 8, 8]},
			"faces": {
				"north": {"uv": [6.407, 12.094, 7.343, 12.748], "rotation": 90, "texture": "#0"},
				"east": {"uv": [6.405, 13.375, 5.751, 0.063], "rotation": 90, "texture": "#0"},
				"south": {"uv": [6.438, 12.095, 7.311, 12.749], "rotation": 90, "texture": "#0"},
				"west": {"uv": [6.405, 0.063, 5.751, 13.375], "rotation": 90, "texture": "#0"},
				"up": {"uv": [5.563, 0.063, 6.28, 13.375], "rotation": 180, "texture": "#0"},
				"down": {"uv": [5.811, 0.063, 5.344, 13.375], "texture": "#0"}
			}
		},
		{
			"from": [-14.25, 0.5, 0],
			"to": [-12.75, 2, 15.8],
			"rotation": {"angle": 0, "axis": "y", "origin": [-35.75, 8, 8]},
			"faces": {
				"north": {"uv": [6.032, 8.75, 5.5, 9.289], "rotation": 90, "texture": "#0"},
				"east": {"uv": [5.72, 9.164, 5.282, 4.5], "rotation": 90, "texture": "#0"},
				"south": {"uv": [5.344, 8.313, 5.969, 9.07], "rotation": 180, "texture": "#0"},
				"west": {"uv": [5.72, 4.5, 5.282, 9.164], "rotation": 90, "texture": "#0"},
				"down": {"uv": [5.72, 4.5, 5.282, 9.164], "rotation": 180, "texture": "#0"}
			}
		},
		{
			"from": [4.5, 0.5, 0],
			"to": [6, 2, 15.8],
			"rotation": {"angle": 0, "axis": "y", "origin": [-17, 8, 8]},
			"faces": {
				"north": {"uv": [6.032, 8.75, 5.5, 9.289], "rotation": 90, "texture": "#0"},
				"east": {"uv": [5.72, 9.164, 5.282, 4.5], "rotation": 90, "texture": "#0"},
				"south": {"uv": [5.344, 8.313, 5.969, 9.07], "rotation": 180, "texture": "#0"},
				"west": {"uv": [5.72, 4.5, 5.282, 9.164], "rotation": 90, "texture": "#0"},
				"down": {"uv": [5.72, 4.5, 5.282, 9.164], "rotation": 180, "texture": "#0"}
			}
		},
		{
			"from": [22.5, 0.5, 0],
			"to": [24, 2, 15.8],
			"rotation": {"angle": 0, "axis": "y", "origin": [1, 8, 8]},
			"faces": {
				"north": {"uv": [6.032, 8.75, 5.5, 9.289], "rotation": 90, "texture": "#0"},
				"east": {"uv": [5.72, 9.164, 5.282, 4.5], "rotation": 90, "texture": "#0"},
				"south": {"uv": [5.344, 8.313, 5.969, 9.07], "rotation": 180, "texture": "#0"},
				"west": {"uv": [5.72, 4.5, 5.282, 9.164], "rotation": 90, "texture": "#0"},
				"down": {"uv": [5.72, 4.5, 5.282, 9.164], "rotation": 180, "texture": "#0"}
			}
		},
		{
			"from": [-14.25, 0.5, 22],
			"to": [-12.75, 2, 31.8],
			"rotation": {"angle": 0, "axis": "y", "origin": [-35.75, 8, 8]},
			"faces": {
				"north": {"uv": [5.344, 10.157, 6.344, 11.125], "rotation": 180, "texture": "#0"},
				"east": {"uv": [5.751, 2.956, 5.313, 0.063], "rotation": 90, "texture": "#0"},
				"south": {"uv": [7.189, 12.094, 7.749, 12.75], "rotation": 90, "texture": "#0"},
				"west": {"uv": [5.751, 0.063, 5.313, 2.956], "rotation": 90, "texture": "#0"},
				"down": {"uv": [5.751, 0.063, 5.313, 2.956], "texture": "#0"}
			}
		},
		{
			"from": [4.5, 0.5, 22],
			"to": [6, 2, 31.8],
			"rotation": {"angle": 0, "axis": "y", "origin": [-17, 8, 8]},
			"faces": {
				"north": {"uv": [5.344, 10.157, 6.344, 11.125], "rotation": 180, "texture": "#0"},
				"east": {"uv": [5.751, 2.956, 5.313, 0.063], "rotation": 90, "texture": "#0"},
				"south": {"uv": [7.189, 12.094, 7.749, 12.75], "rotation": 90, "texture": "#0"},
				"west": {"uv": [5.751, 0.063, 5.313, 2.956], "rotation": 90, "texture": "#0"},
				"down": {"uv": [5.751, 0.063, 5.313, 2.956], "texture": "#0"}
			}
		},
		{
			"from": [22.5, 0.5, 22],
			"to": [24, 2, 31.8],
			"rotation": {"angle": 0, "axis": "y", "origin": [1, 8, 8]},
			"faces": {
				"north": {"uv": [5.344, 10.157, 6.344, 11.125], "rotation": 180, "texture": "#0"},
				"east": {"uv": [5.751, 2.956, 5.313, 0.063], "rotation": 90, "texture": "#0"},
				"south": {"uv": [7.189, 12.094, 7.749, 12.75], "rotation": 90, "texture": "#0"},
				"west": {"uv": [5.751, 0.063, 5.313, 2.956], "rotation": 90, "texture": "#0"},
				"down": {"uv": [5.751, 0.063, 5.313, 2.956], "texture": "#0"}
			}
		},
		{
			"from": [-14.25, 0.5, -16],
			"to": [-12.75, 2, -6.2],
			"rotation": {"angle": 0, "axis": "y", "origin": [-35.75, 8, 8]},
			"faces": {
				"north": {"uv": [7.345, 12.094, 7.749, 12.748], "rotation": 90, "texture": "#0"},
				"east": {"uv": [5.751, 13.39375, 5.313, 10.68825], "rotation": 90, "texture": "#0"},
				"south": {"uv": [5.751, 10.68825, 5.313, 13.39375], "rotation": 90, "texture": "#0"},
				"west": {"uv": [5.751, 10.68825, 5.313, 13.39375], "rotation": 90, "texture": "#0"},
				"down": {"uv": [6.032, 9.157, 5.313, 13.393], "texture": "#0"}
			}
		},
		{
			"from": [4.5, 0.5, -16],
			"to": [6, 2, -6.2],
			"rotation": {"angle": 0, "axis": "y", "origin": [-17, 8, 8]},
			"faces": {
				"north": {"uv": [7.345, 12.094, 7.749, 12.748], "rotation": 90, "texture": "#0"},
				"east": {"uv": [5.751, 13.39375, 5.313, 10.68825], "rotation": 90, "texture": "#0"},
				"south": {"uv": [5.751, 10.68825, 5.313, 13.39375], "rotation": 90, "texture": "#0"},
				"west": {"uv": [5.751, 10.68825, 5.313, 13.39375], "rotation": 90, "texture": "#0"},
				"down": {"uv": [6.032, 9.157, 5.313, 13.393], "texture": "#0"}
			}
		},
		{
			"from": [22.5, 0.5, -16],
			"to": [24, 2, -6.2],
			"rotation": {"angle": 0, "axis": "y", "origin": [1, 8, 8]},
			"faces": {
				"north": {"uv": [7.345, 12.094, 7.749, 12.748], "rotation": 90, "texture": "#0"},
				"east": {"uv": [5.751, 13.39375, 5.313, 10.68825], "rotation": 90, "texture": "#0"},
				"south": {"uv": [5.751, 10.68825, 5.313, 13.39375], "rotation": 90, "texture": "#0"},
				"west": {"uv": [5.751, 10.68825, 5.313, 13.39375], "rotation": 90, "texture": "#0"},
				"down": {"uv": [6.032, 9.157, 5.313, 13.393], "texture": "#0"}
			}
		},
		{
			"from": [-15.5, 5.375, -12.65],
			"to": [-8.2, 5.875, 25.1],
			"rotation": {"angle": 0, "axis": "y", "origin": [8, 13.375, 10.1]},
			"faces": {
				"north": {"uv": [6.376, 0, 7.845, 10.957], "rotation": 270, "texture": "#0"},
				"east": {"uv": [7.625, 0, 7.844, 10.957], "rotation": 270, "texture": "#0"},
				"south": {"uv": [6.376, 0, 7.845, 10.957], "rotation": 270, "texture": "#0"},
				"west": {"uv": [7.625, 0, 7.844, 10.957], "rotation": 270, "texture": "#0"},
				"up": {"uv": [6.376, 0, 7.845, 10.957], "rotation": 180, "texture": "#0"},
				"down": {"uv": [6.376, 0, 7.845, 10.957], "texture": "#0"}
			}
		},
		{
			"from": [23.75, 5.375, -12.65],
			"to": [31.55, 5.875, 25.1],
			"rotation": {"angle": 0, "axis": "y", "origin": [8, 13.375, 10.1]},
			"faces": {
				"north": {"uv": [6.407, 11.375, 7.874, 11.581], "rotation": 180, "texture": "#0"},
				"east": {"uv": [15.813, 10.894, 16, 0.063], "rotation": 90, "texture": "#0"},
				"south": {"uv": [6.438, 11.188, 7.969, 11.363], "texture": "#0"},
				"west": {"uv": [15.813, 10.894, 16, 0.063], "rotation": 90, "texture": "#0"},
				"up": {"uv": [14.625, 0, 16, 10.925], "texture": "#0"},
				"down": {"uv": [14.625, 0, 16, 10.925], "rotation": 180, "texture": "#0"}
			}
		},
		{
			"from": [10.75, 5.375, -12.75],
			"to": [15.05, 5.875, 25.1],
			"rotation": {"angle": 0, "axis": "y", "origin": [8, 13.375, 10.1]},
			"faces": {
				"north": {"uv": [6.438, 11.157, 7.956, 11.345], "rotation": 180, "texture": "#0"},
				"east": {"uv": [8.25, 0, 8.425, 10.938], "rotation": 270, "texture": "#0"},
				"south": {"uv": [7.875, 1.532, 8.831, 1.657], "rotation": 180, "texture": "#0"},
				"west": {"uv": [8.375, 10.938, 8.519, 0], "rotation": 270, "texture": "#0"},
				"up": {"uv": [7.875, 0, 8.831, 10.938], "rotation": 180, "texture": "#0"},
				"down": {"uv": [7.875, 0, 8.831, 10.938], "texture": "#0"}
			}
		},
		{
			"from": [25.25, 10.20833, -13.15],
			"to": [31.05, 10.70833, 25.1],
			"rotation": {"angle": 0, "axis": "y", "origin": [8, 13.375, 10.1]},
			"faces": {
				"north": {"uv": [5.53, 11.469, 5.344, 12.832], "rotation": 90, "texture": "#0"},
				"east": {"uv": [6.564, 10.876, 6.738, 0], "rotation": 270, "texture": "#0"},
				"south": {"uv": [6.407, 11.563, 7.832, 11.375], "rotation": 180, "texture": "#0"},
				"west": {"uv": [6.876, 0, 7.02, 10.876], "rotation": 270, "texture": "#0"},
				"up": {"uv": [6.407, 10.876, 7.832, 0], "rotation": 180, "texture": "#0"},
				"down": {"uv": [6.407, 10.876, 7.832, 0], "texture": "#0"}
			}
		},
		{
			"from": [-15.75, 10.20833, -13.15],
			"to": [-9.95, 10.70833, 25.1],
			"rotation": {"angle": 0, "axis": "y", "origin": [8, 13.375, 10.1]},
			"faces": {
				"north": {"uv": [14.688, 5.657, 16, 5.988], "texture": "#0"},
				"east": {"uv": [15.656, 0, 15.407, 10.925], "rotation": 90, "texture": "#0"},
				"south": {"uv": [14.688, 5.657, 16, 5.988], "texture": "#0"},
				"west": {"uv": [15.655, 0, 15.344, 10.925], "rotation": 90, "texture": "#0"},
				"up": {"uv": [15.968, 0, 14.625, 10.925], "texture": "#0"},
				"down": {"uv": [15.968, 0, 14.625, 10.925], "rotation": 180, "texture": "#0"}
			}
		},
		{
			"from": [21.75, 10.20833, -12.75],
			"to": [24.8, 10.70833, 25.1],
			"rotation": {"angle": 0, "axis": "y", "origin": [8, 13.375, 10.1]},
			"faces": {
				"north": {"uv": [10.736, 8.157, 9.782, 8.47], "texture": "#0"},
				"east": {"uv": [7.988, 0, 7.845, 10.938], "rotation": 90, "texture": "#0"},
				"south": {"uv": [7.424, 11.564, 6.407, 11.751], "texture": "#0"},
				"west": {"uv": [8.8, 0, 8.72, 10.938], "rotation": 270, "texture": "#0"},
				"up": {"uv": [8.8, 0, 7.845, 10.938], "texture": "#0"},
				"down": {"uv": [8.8, 0, 7.845, 10.938], "rotation": 180, "texture": "#0"}
			}
		},
		{
			"from": [-9.25, 10.20833, -12.75],
			"to": [-6.2, 10.70833, 25.35],
			"rotation": {"angle": 0, "axis": "y", "origin": [8, 13.375, 10.1]},
			"faces": {
				"north": {"uv": [14.77, 8.219, 13.813, 8.531], "rotation": 180, "texture": "#0"},
				"east": {"uv": [14.8, 0, 14.532, 10.938], "rotation": 270, "texture": "#0"},
				"south": {"uv": [13.813, 2.813, 14.77, 3.125], "rotation": 180, "texture": "#0"},
				"west": {"uv": [14.394, 0, 14.063, 10.938], "rotation": 270, "texture": "#0"},
				"up": {"uv": [14.7695, 0, 13.8125, 10.938], "texture": "#0"},
				"down": {"uv": [14.7695, 0, 13.8125, 10.938], "rotation": 180, "texture": "#0"}
			}
		},
		{
			"from": [12.25, 10.20833, -12.75],
			"to": [16.55, 10.70833, 25.1],
			"rotation": {"angle": 0, "axis": "y", "origin": [8, 13.375, 10.1]},
			"faces": {
				"north": {"uv": [9.782, 4.782, 10.769, 5.093], "rotation": 180, "texture": "#0"},
				"east": {"uv": [10.425, 0, 10.188, 10.969], "rotation": 90, "texture": "#0"},
				"south": {"uv": [10.736, 10.719, 9.75, 10.969], "rotation": 180, "texture": "#0"},
				"west": {"uv": [9.988, 10.969, 9.782, 0], "rotation": 90, "texture": "#0"},
				"up": {"uv": [10.769, 0, 9.782, 10.969], "texture": "#0"},
				"down": {"uv": [10.769, 0, 9.782, 10.969], "rotation": 180, "texture": "#0"}
			}
		},
		{
			"from": [7.7, 10.20833, -13.15],
			"to": [11.55, 10.70833, 25.1],
			"rotation": {"angle": 0, "axis": "y", "origin": [8, 13.375, 10.1]},
			"faces": {
				"north": {"uv": [10.782, 7.688, 11.851, 8], "texture": "#0"},
				"east": {"uv": [11.851, 10.969, 11.563, 0], "rotation": 90, "texture": "#0"},
				"south": {"uv": [11.851, 9.001, 10.782, 9.344], "texture": "#0"},
				"west": {"uv": [11.595, 0, 11.851, 10.969], "rotation": 90, "texture": "#0"},
				"up": {"uv": [11.851, 0, 10.782, 10.969], "texture": "#0"},
				"down": {"uv": [11.851, 0, 10.782, 10.969], "rotation": 180, "texture": "#0"}
			}
		},
		{
			"from": [2.2, 10.20833, -13.15],
			"to": [5.8, 10.70833, 25.35],
			"rotation": {"angle": 0, "axis": "y", "origin": [8, 13.375, 10.1]},
			"faces": {
				"north": {"uv": [7.443, 11.594, 6.407, 11.749], "rotation": 180, "texture": "#0"},
				"east": {"uv": [12.038, 0, 11.782, 10.938], "rotation": 90, "texture": "#0"},
				"south": {"uv": [11.782, 0, 12.819, 0.188], "rotation": 180, "texture": "#0"},
				"west": {"uv": [12.475, 10.938, 12.282, 0], "rotation": 90, "texture": "#0"},
				"up": {"uv": [12.819, 0, 11.782, 10.938], "texture": "#0"},
				"down": {"uv": [12.819, 0, 11.782, 10.938], "rotation": 180, "texture": "#0"}
			}
		},
		{
			"from": [-5.55, 10.20833, -12.75],
			"to": [-1.2, 10.70833, 25.1],
			"rotation": {"angle": 0, "axis": "y", "origin": [8, 13.375, 10.1]},
			"faces": {
				"north": {"uv": [13.75, 0.875, 12.844, 1.193], "rotation": 180, "texture": "#0"},
				"east": {"uv": [13.406, 0, 13.157, 10.881], "rotation": 90, "texture": "#0"},
				"south": {"uv": [14.599, 7.562, 14.344, 6.094], "rotation": 90, "texture": "#0"},
				"west": {"uv": [13.405, 0, 13.188, 10.881], "rotation": 90, "texture": "#0"},
				"up": {"uv": [13.75, 0, 12.844, 10.881], "texture": "#0"},
				"down": {"uv": [13.75, 0, 12.844, 10.881], "rotation": 180, "texture": "#0"}
			}
		},
		{
			"from": [17.25, 10.20833, -12.75],
			"to": [19.8, 10.70833, 25.35],
			"rotation": {"angle": 0, "axis": "y", "origin": [8, 13.375, 10.1]},
			"faces": {
				"north": {"uv": [8.875, 0.313, 9.798, 0.563], "texture": "#0"},
				"east": {"uv": [9.595, 0, 9.768, 10.969], "rotation": 90, "texture": "#0"},
				"south": {"uv": [6.438, 11.563, 7.392, 11.75], "texture": "#0"},
				"west": {"uv": [9.095, 10.969, 9.393, 0], "rotation": 90, "texture": "#0"},
				"up": {"uv": [8.845, 0, 9.768, 10.969], "texture": "#0"},
				"down": {"uv": [8.845, 0, 9.768, 10.969], "rotation": 180, "texture": "#0"}
			}
		},
		{
			"from": [5.75, 5.375, -12.65],
			"to": [9.8, 5.875, 25.1],
			"rotation": {"angle": 0, "axis": "y", "origin": [8, 13.375, 10.1]},
			"faces": {
				"north": {"uv": [7.422, 11.907, 6.407, 11.75], "rotation": 180, "texture": "#0"},
				"east": {"uv": [8.798, 10.938, 8.594, 0], "rotation": 90, "texture": "#0"},
				"south": {"uv": [10.782, 8.5, 11.705, 8.626], "rotation": 180, "texture": "#0"},
				"west": {"uv": [11.189, 0, 11.424, 10.938], "rotation": 90, "texture": "#0"},
				"up": {"uv": [10.782, 0, 11.799, 10.938], "texture": "#0"},
				"down": {"uv": [10.782, 0, 11.799, 10.938], "rotation": 180, "texture": "#0"}
			}
		},
		{
			"from": [1, 5.375, -12.85],
			"to": [4.3, 5.875, 25.35],
			"rotation": {"angle": 0, "axis": "y", "origin": [8, 13.375, 10.1]},
			"faces": {
				"north": {"uv": [6.407, 11.375, 7.863, 11.593], "texture": "#0"},
				"east": {"uv": [12.832, 0.032, 12.657, 10.938], "rotation": 270, "texture": "#0"},
				"south": {"uv": [11.813, 9.844, 12.832, 10.156], "rotation": 180, "texture": "#0"},
				"west": {"uv": [12.02, 0, 11.813, 10.969], "rotation": 90, "texture": "#0"},
				"up": {"uv": [11.813, 0, 12.832, 10.969], "texture": "#0"},
				"down": {"uv": [11.813, 0, 12.832, 10.969], "rotation": 180, "texture": "#0"}
			}
		},
		{
			"from": [-15.6, 7.375, 23.85],
			"to": [31.7, 10.20833, 25.35],
			"rotation": {"angle": 0, "axis": "y", "origin": [8, 13.375, 10.1]},
			"faces": {
				"north": {"uv": [6.405, 13.375, 5.751, 0.063], "rotation": 90, "texture": "#0"},
				"east": {"uv": [6.438, 12.095, 7.311, 12.749], "rotation": 90, "texture": "#0"},
				"south": {"uv": [6.405, 0.063, 5.751, 13.375], "rotation": 90, "texture": "#0"},
				"west": {"uv": [6.407, 12.094, 7.343, 12.748], "rotation": 90, "texture": "#0"},
				"up": {"uv": [5.563, 0.063, 6.28, 13.375], "rotation": 90, "texture": "#0"},
				"down": {"uv": [5.811, 0.063, 5.344, 13.375], "rotation": 90, "texture": "#0"}
			}
		},
		{
			"from": [-15.6, 7.375, 5.1],
			"to": [31.7, 10.20833, 6.6],
			"rotation": {"angle": 0, "axis": "y", "origin": [8, 13.375, 10.1]},
			"faces": {
				"north": {"uv": [6.405, 13.375, 5.751, 0.063], "rotation": 90, "texture": "#0"},
				"east": {"uv": [6.438, 12.095, 7.311, 12.749], "rotation": 90, "texture": "#0"},
				"south": {"uv": [6.405, 0.063, 5.751, 13.375], "rotation": 90, "texture": "#0"},
				"west": {"uv": [6.407, 12.094, 7.343, 12.748], "rotation": 90, "texture": "#0"},
				"up": {"uv": [5.563, 0.063, 6.28, 13.375], "rotation": 90, "texture": "#0"},
				"down": {"uv": [5.811, 0.063, 5.344, 13.375], "rotation": 90, "texture": "#0"}
			}
		},
		{
			"from": [-15.6, 7.375, -12.9],
			"to": [31.7, 10.20833, -11.4],
			"rotation": {"angle": 0, "axis": "y", "origin": [8, 13.375, 10.1]},
			"faces": {
				"north": {"uv": [6.405, 13.375, 5.751, 0.063], "rotation": 90, "texture": "#0"},
				"east": {"uv": [6.438, 12.095, 7.311, 12.749], "rotation": 90, "texture": "#0"},
				"south": {"uv": [6.405, 0.063, 5.751, 13.375], "rotation": 90, "texture": "#0"},
				"west": {"uv": [6.407, 12.094, 7.343, 12.748], "rotation": 90, "texture": "#0"},
				"up": {"uv": [5.563, 0.063, 6.28, 13.375], "rotation": 90, "texture": "#0"},
				"down": {"uv": [5.811, 0.063, 5.344, 13.375], "rotation": 90, "texture": "#0"}
			}
		},
		{
			"from": [-0.1, 5.875, 23.85],
			"to": [15.7, 7.375, 25.35],
			"rotation": {"angle": 0, "axis": "y", "origin": [8, 13.375, 10.1]},
			"faces": {
				"north": {"uv": [5.72, 9.164, 5.282, 4.5], "rotation": 90, "texture": "#0"},
				"east": {"uv": [5.344, 8.313, 5.969, 9.07], "rotation": 180, "texture": "#0"},
				"south": {"uv": [5.72, 4.5, 5.282, 9.164], "rotation": 90, "texture": "#0"},
				"west": {"uv": [6.032, 8.75, 5.5, 9.289], "rotation": 90, "texture": "#0"},
				"down": {"uv": [5.72, 4.5, 5.282, 9.164], "rotation": 270, "texture": "#0"}
			}
		},
		{
			"from": [-0.1, 5.875, 5.1],
			"to": [15.7, 7.375, 6.6],
			"rotation": {"angle": 0, "axis": "y", "origin": [8, 13.375, 10.1]},
			"faces": {
				"north": {"uv": [5.72, 9.164, 5.282, 4.5], "rotation": 90, "texture": "#0"},
				"east": {"uv": [5.344, 8.313, 5.969, 9.07], "rotation": 180, "texture": "#0"},
				"south": {"uv": [5.72, 4.5, 5.282, 9.164], "rotation": 90, "texture": "#0"},
				"west": {"uv": [6.032, 8.75, 5.5, 9.289], "rotation": 90, "texture": "#0"},
				"down": {"uv": [5.72, 4.5, 5.282, 9.164], "rotation": 270, "texture": "#0"}
			}
		},
		{
			"from": [-0.1, 5.875, -12.9],
			"to": [15.7, 7.375, -11.4],
			"rotation": {"angle": 0, "axis": "y", "origin": [8, 13.375, 10.1]},
			"faces": {
				"north": {"uv": [5.72, 9.164, 5.282, 4.5], "rotation": 90, "texture": "#0"},
				"east": {"uv": [5.344, 8.313, 5.969, 9.07], "rotation": 180, "texture": "#0"},
				"south": {"uv": [5.72, 4.5, 5.282, 9.164], "rotation": 90, "texture": "#0"},
				"west": {"uv": [6.032, 8.75, 5.5, 9.289], "rotation": 90, "texture": "#0"},
				"down": {"uv": [5.72, 4.5, 5.282, 9.164], "rotation": 270, "texture": "#0"}
			}
		},
		{
			"from": [21.9, 5.875, 23.85],
			"to": [31.7, 7.375, 25.35],
			"rotation": {"angle": 0, "axis": "y", "origin": [8, 13.375, 10.1]},
			"faces": {
				"north": {"uv": [5.751, 2.956, 5.313, 0.063], "rotation": 90, "texture": "#0"},
				"east": {"uv": [7.189, 12.094, 7.749, 12.75], "rotation": 90, "texture": "#0"},
				"south": {"uv": [5.751, 0.063, 5.313, 2.956], "rotation": 90, "texture": "#0"},
				"west": {"uv": [5.344, 10.157, 6.344, 11.125], "rotation": 180, "texture": "#0"},
				"down": {"uv": [5.751, 0.063, 5.313, 2.956], "rotation": 90, "texture": "#0"}
			}
		},
		{
			"from": [21.9, 5.875, 5.1],
			"to": [31.7, 7.375, 6.6],
			"rotation": {"angle": 0, "axis": "y", "origin": [8, 13.375, 10.1]},
			"faces": {
				"north": {"uv": [5.751, 2.956, 5.313, 0.063], "rotation": 90, "texture": "#0"},
				"east": {"uv": [7.189, 12.094, 7.749, 12.75], "rotation": 90, "texture": "#0"},
				"south": {"uv": [5.751, 0.063, 5.313, 2.956], "rotation": 90, "texture": "#0"},
				"west": {"uv": [5.344, 10.157, 6.344, 11.125], "rotation": 180, "texture": "#0"},
				"down": {"uv": [5.751, 0.063, 5.313, 2.956], "rotation": 90, "texture": "#0"}
			}
		},
		{
			"from": [21.9, 5.875, -12.9],
			"to": [31.7, 7.375, -11.4],
			"rotation": {"angle": 0, "axis": "y", "origin": [8, 13.375, 10.1]},
			"faces": {
				"north": {"uv": [5.751, 2.956, 5.313, 0.063], "rotation": 90, "texture": "#0"},
				"east": {"uv": [7.189, 12.094, 7.749, 12.75], "rotation": 90, "texture": "#0"},
				"south": {"uv": [5.751, 0.063, 5.313, 2.956], "rotation": 90, "texture": "#0"},
				"west": {"uv": [5.344, 10.157, 6.344, 11.125], "rotation": 180, "texture": "#0"},
				"down": {"uv": [5.751, 0.063, 5.313, 2.956], "rotation": 90, "texture": "#0"}
			}
		},
		{
			"from": [-15.6, 5.875, 23.85],
			"to": [-6.3, 7.375, 25.35],
			"rotation": {"angle": 0, "axis": "y", "origin": [8, 13.375, 10.1]},
			"faces": {
				"north": {"uv": [5.751, 13.39375, 5.313, 10.68825], "rotation": 90, "texture": "#0"},
				"east": {"uv": [5.751, 10.68825, 5.313, 13.39375], "rotation": 90, "texture": "#0"},
				"south": {"uv": [5.751, 10.68825, 5.313, 13.39375], "rotation": 90, "texture": "#0"},
				"west": {"uv": [7.345, 12.094, 7.749, 12.748], "rotation": 90, "texture": "#0"},
				"down": {"uv": [6.032, 9.157, 5.313, 13.393], "rotation": 90, "texture": "#0"}
			}
		},
		{
			"from": [-15.6, 5.875, 5.1],
			"to": [-6.3, 7.375, 6.6],
			"rotation": {"angle": 0, "axis": "y", "origin": [8, 13.375, 10.1]},
			"faces": {
				"north": {"uv": [5.751, 13.39375, 5.313, 10.68825], "rotation": 90, "texture": "#0"},
				"east": {"uv": [5.751, 10.68825, 5.313, 13.39375], "rotation": 90, "texture": "#0"},
				"south": {"uv": [5.751, 10.68825, 5.313, 13.39375], "rotation": 90, "texture": "#0"},
				"west": {"uv": [7.345, 12.094, 7.749, 12.748], "rotation": 90, "texture": "#0"},
				"down": {"uv": [6.032, 9.157, 5.313, 13.393], "rotation": 90, "texture": "#0"}
			}
		},
		{
			"from": [-15.6, 5.875, -12.9],
			"to": [-6.3, 7.375, -11.4],
			"rotation": {"angle": 0, "axis": "y", "origin": [8, 13.375, 10.1]},
			"faces": {
				"north": {"uv": [5.751, 13.39375, 5.313, 10.68825], "rotation": 90, "texture": "#0"},
				"east": {"uv": [5.751, 10.68825, 5.313, 13.39375], "rotation": 90, "texture": "#0"},
				"south": {"uv": [5.751, 10.68825, 5.313, 13.39375], "rotation": 90, "texture": "#0"},
				"west": {"uv": [7.345, 12.094, 7.749, 12.748], "rotation": 90, "texture": "#0"},
				"down": {"uv": [6.032, 9.157, 5.313, 13.393], "rotation": 90, "texture": "#0"}
			}
		},
		{
			"from": [-12, 10.725, -15.9],
			"to": [25.75, 11.225, -8.1],
			"rotation": {"angle": 0, "axis": "y", "origin": [3, 18.725, 8.1]},
			"faces": {
				"north": {"uv": [7.625, 0, 7.844, 10.957], "rotation": 270, "texture": "#0"},
				"east": {"uv": [6.376, 0, 7.845, 10.957], "rotation": 270, "texture": "#0"},
				"south": {"uv": [7.625, 0, 7.844, 10.957], "rotation": 270, "texture": "#0"},
				"west": {"uv": [6.376, 0, 7.845, 10.957], "rotation": 270, "texture": "#0"},
				"up": {"uv": [6.376, 0, 7.845, 10.957], "rotation": 270, "texture": "#0"},
				"down": {"uv": [6.376, 0, 7.845, 10.957], "rotation": 270, "texture": "#0"}
			}
		},
		{
			"from": [-12, 10.725, 23.85],
			"to": [25.75, 11.225, 31.65],
			"rotation": {"angle": 0, "axis": "y", "origin": [3, 18.725, 8.1]},
			"faces": {
				"north": {"uv": [15.813, 10.894, 16, 0.063], "rotation": 90, "texture": "#0"},
				"east": {"uv": [6.407, 11.375, 7.874, 11.581], "rotation": 180, "texture": "#0"},
				"south": {"uv": [15.813, 10.894, 16, 0.063], "rotation": 90, "texture": "#0"},
				"west": {"uv": [6.438, 11.188, 7.969, 11.363], "texture": "#0"},
				"up": {"uv": [14.625, 0, 16, 10.925], "rotation": 90, "texture": "#0"},
				"down": {"uv": [14.625, 0, 16, 10.925], "rotation": 90, "texture": "#0"}
			}
		},
		{
			"from": [-12, 10.725, 10.85],
			"to": [25.85, 11.225, 15.15],
			"rotation": {"angle": 0, "axis": "y", "origin": [3, 18.725, 7.6]},
			"faces": {
				"north": {"uv": [8.375, 10.938, 8.519, 0], "rotation": 270, "texture": "#0"},
				"east": {"uv": [6.438, 11.157, 7.956, 11.345], "rotation": 180, "texture": "#0"},
				"south": {"uv": [8.25, 0, 8.425, 10.938], "rotation": 270, "texture": "#0"},
				"west": {"uv": [7.875, 1.532, 8.831, 1.782], "rotation": 180, "texture": "#0"},
				"up": {"uv": [7.875, 0, 8.831, 10.938], "rotation": 270, "texture": "#0"},
				"down": {"uv": [7.875, 0, 8.831, 10.938], "rotation": 270, "texture": "#0"}
			}
		},
		{
			"from": [-12, 15.55833, 25.35],
			"to": [26.25, 16.05833, 31.15],
			"rotation": {"angle": 0, "axis": "y", "origin": [3, 23.225, 23.6]},
			"faces": {
				"north": {"uv": [6.876, 0, 7.02, 10.876], "rotation": 270, "texture": "#0"},
				"east": {"uv": [5.53, 11.469, 5.344, 12.832], "rotation": 90, "texture": "#0"},
				"south": {"uv": [6.564, 10.876, 6.738, 0], "rotation": 270, "texture": "#0"},
				"west": {"uv": [6.407, 11.563, 7.832, 11.375], "rotation": 180, "texture": "#0"},
				"up": {"uv": [6.407, 10.876, 7.832, 0], "rotation": 270, "texture": "#0"},
				"down": {"uv": [6.407, 10.876, 7.832, 0], "rotation": 270, "texture": "#0"}
			}
		},
		{
			"from": [-12, 15.55833, -15.65],
			"to": [26.25, 16.05833, -9.85],
			"rotation": {"angle": 0, "axis": "y", "origin": [3, 23.225, 23.6]},
			"faces": {
				"north": {"uv": [15.655, 0, 15.344, 10.925], "rotation": 90, "texture": "#0"},
				"east": {"uv": [14.688, 5.657, 16, 5.988], "texture": "#0"},
				"south": {"uv": [15.656, 0, 15.407, 10.925], "rotation": 90, "texture": "#0"},
				"west": {"uv": [14.688, 5.657, 16, 5.988], "texture": "#0"},
				"up": {"uv": [15.968, 0, 14.625, 10.925], "rotation": 90, "texture": "#0"},
				"down": {"uv": [15.968, 0, 14.625, 10.925], "rotation": 90, "texture": "#0"}
			}
		},
		{
			"from": [-12, 15.55833, 21.85],
			"to": [25.85, 16.05833, 24.9],
			"rotation": {"angle": 0, "axis": "y", "origin": [3, 23.225, 23.6]},
			"faces": {
				"north": {"uv": [8.8, 0, 8.72, 10.938], "rotation": 270, "texture": "#0"},
				"east": {"uv": [10.736, 8.157, 9.782, 8.47], "texture": "#0"},
				"south": {"uv": [7.988, 0, 7.845, 10.938], "rotation": 90, "texture": "#0"},
				"west": {"uv": [7.424, 11.564, 6.407, 11.751], "texture": "#0"},
				"up": {"uv": [8.8, 0, 7.845, 10.938], "rotation": 90, "texture": "#0"},
				"down": {"uv": [8.8, 0, 7.845, 10.938], "rotation": 90, "texture": "#0"}
			}
		},
		{
			"from": [-12.25, 15.55833, -9.15],
			"to": [25.85, 16.05833, -6.1],
			"rotation": {"angle": 0, "axis": "y", "origin": [3, 23.225, 23.6]},
			"faces": {
				"north": {"uv": [14.394, 0, 14.063, 10.938], "rotation": 270, "texture": "#0"},
				"east": {"uv": [14.77, 8.219, 13.813, 8.531], "rotation": 180, "texture": "#0"},
				"south": {"uv": [14.8, 0, 14.532, 10.938], "rotation": 270, "texture": "#0"},
				"west": {"uv": [13.813, 2.813, 14.77, 3.125], "rotation": 180, "texture": "#0"},
				"up": {"uv": [14.7695, 0, 13.8125, 10.938], "rotation": 90, "texture": "#0"},
				"down": {"uv": [14.7695, 0, 13.8125, 10.938], "rotation": 90, "texture": "#0"}
			}
		},
		{
			"from": [-12, 15.55833, 12.35],
			"to": [25.85, 16.05833, 16.65],
			"rotation": {"angle": 0, "axis": "y", "origin": [3, 23.225, 23.6]},
			"faces": {
				"north": {"uv": [9.988, 10.969, 9.782, 0], "rotation": 90, "texture": "#0"},
				"east": {"uv": [9.782, 4.782, 10.769, 5.093], "rotation": 180, "texture": "#0"},
				"south": {"uv": [10.425, 0, 10.188, 10.969], "rotation": 90, "texture": "#0"},
				"west": {"uv": [10.736, 10.719, 9.75, 10.969], "rotation": 180, "texture": "#0"},
				"up": {"uv": [10.769, 0, 9.782, 10.969], "rotation": 90, "texture": "#0"},
				"down": {"uv": [10.769, 0, 9.782, 10.969], "rotation": 90, "texture": "#0"}
			}
		},
		{
			"from": [-12, 15.55833, 7.8],
			"to": [26.25, 16.05833, 11.65],
			"rotation": {"angle": 0, "axis": "y", "origin": [3, 23.225, 23.6]},
			"faces": {
				"north": {"uv": [11.595, 0, 11.851, 10.969], "rotation": 90, "texture": "#0"},
				"east": {"uv": [10.782, 7.688, 11.851, 8], "texture": "#0"},
				"south": {"uv": [11.851, 10.969, 11.563, 0], "rotation": 90, "texture": "#0"},
				"west": {"uv": [11.851, 9.001, 10.782, 9.344], "texture": "#0"},
				"up": {"uv": [11.851, 0, 10.782, 10.969], "rotation": 90, "texture": "#0"},
				"down": {"uv": [11.851, 0, 10.782, 10.969], "rotation": 90, "texture": "#0"}
			}
		},
		{
			"from": [-12.25, 15.55833, 2.3],
			"to": [26.25, 16.05833, 5.9],
			"rotation": {"angle": 0, "axis": "y", "origin": [3, 23.225, 23.6]},
			"faces": {
				"north": {"uv": [12.475, 10.938, 12.282, 0], "rotation": 90, "texture": "#0"},
				"east": {"uv": [7.443, 11.594, 6.407, 11.749], "rotation": 180, "texture": "#0"},
				"south": {"uv": [12.038, 0, 11.782, 10.938], "rotation": 90, "texture": "#0"},
				"west": {"uv": [11.782, 0, 12.819, 0.188], "rotation": 180, "texture": "#0"},
				"up": {"uv": [12.819, 0, 11.782, 10.938], "rotation": 90, "texture": "#0"},
				"down": {"uv": [12.819, 0, 11.782, 10.938], "rotation": 90, "texture": "#0"}
			}
		},
		{
			"from": [-12, 15.55833, -5.45],
			"to": [25.85, 16.05833, -1.1],
			"rotation": {"angle": 0, "axis": "y", "origin": [3, 23.225, 23.6]},
			"faces": {
				"north": {"uv": [13.405, 0, 13.188, 10.881], "rotation": 90, "texture": "#0"},
				"east": {"uv": [13.75, 0.875, 12.844, 1.193], "rotation": 180, "texture": "#0"},
				"south": {"uv": [13.406, 0, 13.157, 10.881], "rotation": 90, "texture": "#0"},
				"west": {"uv": [14.599, 7.562, 14.344, 6.094], "rotation": 90, "texture": "#0"},
				"up": {"uv": [13.75, 0, 12.844, 10.881], "rotation": 90, "texture": "#0"},
				"down": {"uv": [13.75, 0, 12.844, 10.881], "rotation": 90, "texture": "#0"}
			}
		},
		{
			"from": [-12.25, 15.55833, 17.35],
			"to": [25.85, 16.05833, 19.9],
			"rotation": {"angle": 0, "axis": "y", "origin": [3, 23.225, 23.6]},
			"faces": {
				"north": {"uv": [9.095, 10.969, 9.393, 0], "rotation": 90, "texture": "#0"},
				"east": {"uv": [8.875, 0.313, 9.798, 0.563], "texture": "#0"},
				"south": {"uv": [9.595, 0, 9.768, 10.969], "rotation": 90, "texture": "#0"},
				"west": {"uv": [6.438, 11.563, 7.392, 11.75], "texture": "#0"},
				"up": {"uv": [8.845, 0, 9.768, 10.969], "rotation": 90, "texture": "#0"},
				"down": {"uv": [8.845, 0, 9.768, 10.969], "rotation": 90, "texture": "#0"}
			}
		},
		{
			"from": [-12, 10.725, 5.85],
			"to": [25.75, 11.225, 9.9],
			"rotation": {"angle": 0, "axis": "y", "origin": [3, 18.725, 7.6]},
			"faces": {
				"north": {"uv": [11.189, 0, 11.424, 10.938], "rotation": 90, "texture": "#0"},
				"east": {"uv": [7.422, 11.907, 6.407, 11.75], "rotation": 180, "texture": "#0"},
				"south": {"uv": [8.798, 10.938, 8.594, 0], "rotation": 90, "texture": "#0"},
				"west": {"uv": [10.782, 7.189, 11.799, 7.282], "rotation": 180, "texture": "#0"},
				"up": {"uv": [10.782, 0, 11.799, 10.938], "rotation": 90, "texture": "#0"},
				"down": {"uv": [10.782, 0, 11.799, 10.938], "rotation": 90, "texture": "#0"}
			}
		},
		{
			"from": [-12.25, 10.725, 1.1],
			"to": [25.95, 11.225, 4.4],
			"rotation": {"angle": 0, "axis": "y", "origin": [3, 18.725, 7.6]},
			"faces": {
				"north": {"uv": [12.02, 0, 11.813, 10.969], "rotation": 90, "texture": "#0"},
				"east": {"uv": [6.407, 11.375, 7.863, 11.593], "texture": "#0"},
				"south": {"uv": [12.832, 0.032, 12.657, 10.938], "rotation": 270, "texture": "#0"},
				"west": {"uv": [11.813, 9.844, 12.832, 10.156], "rotation": 180, "texture": "#0"},
				"up": {"uv": [11.813, 0, 12.832, 10.969], "rotation": 90, "texture": "#0"},
				"down": {"uv": [11.813, 0, 12.832, 10.969], "rotation": 90, "texture": "#0"}
			}
		},
		{
			"from": [-12.25, 12.725, -16],
			"to": [-10.75, 15.55833, 31.8],
			"rotation": {"angle": 0, "axis": "y", "origin": [-33.75, 18.725, 8]},
			"faces": {
				"north": {"uv": [6.407, 12.094, 7.343, 12.748], "rotation": 90, "texture": "#0"},
				"east": {"uv": [6.405, 13.375, 5.751, 0.063], "rotation": 90, "texture": "#0"},
				"south": {"uv": [6.438, 12.095, 7.311, 12.749], "rotation": 90, "texture": "#0"},
				"west": {"uv": [6.405, 0.063, 5.751, 13.375], "rotation": 90, "texture": "#0"},
				"up": {"uv": [5.563, 0.063, 6.28, 13.375], "rotation": 180, "texture": "#0"},
				"down": {"uv": [5.811, 0.063, 5.344, 13.375], "texture": "#0"}
			}
		},
		{
			"from": [6.5, 12.725, -16],
			"to": [8, 15.55833, 31.8],
			"rotation": {"angle": 0, "axis": "y", "origin": [-15, 18.725, 8]},
			"faces": {
				"north": {"uv": [6.407, 12.094, 7.343, 12.748], "rotation": 90, "texture": "#0"},
				"east": {"uv": [6.405, 13.375, 5.751, 0.063], "rotation": 90, "texture": "#0"},
				"south": {"uv": [6.438, 12.095, 7.311, 12.749], "rotation": 90, "texture": "#0"},
				"west": {"uv": [6.405, 0.063, 5.751, 13.375], "rotation": 90, "texture": "#0"},
				"up": {"uv": [5.563, 0.063, 6.28, 13.375], "rotation": 180, "texture": "#0"},
				"down": {"uv": [5.811, 0.063, 5.344, 13.375], "texture": "#0"}
			}
		},
		{
			"from": [24.5, 12.725, -16],
			"to": [26, 15.55833, 31.8],
			"rotation": {"angle": 0, "axis": "y", "origin": [3, 18.725, 8]},
			"faces": {
				"north": {"uv": [6.407, 12.094, 7.343, 12.748], "rotation": 90, "texture": "#0"},
				"east": {"uv": [6.405, 13.375, 5.751, 0.063], "rotation": 90, "texture": "#0"},
				"south": {"uv": [6.438, 12.095, 7.311, 12.749], "rotation": 90, "texture": "#0"},
				"west": {"uv": [6.405, 0.063, 5.751, 13.375], "rotation": 90, "texture": "#0"},
				"up": {"uv": [5.563, 0.063, 6.28, 13.375], "rotation": 180, "texture": "#0"},
				"down": {"uv": [5.811, 0.063, 5.344, 13.375], "texture": "#0"}
			}
		},
		{
			"from": [-12.25, 11.225, 0],
			"to": [-10.75, 12.725, 15.8],
			"rotation": {"angle": 0, "axis": "y", "origin": [-33.75, 18.725, 8]},
			"faces": {
				"north": {"uv": [6.032, 8.75, 5.5, 9.289], "rotation": 90, "texture": "#0"},
				"east": {"uv": [5.72, 9.164, 5.282, 4.5], "rotation": 90, "texture": "#0"},
				"south": {"uv": [5.344, 8.313, 5.969, 9.07], "rotation": 180, "texture": "#0"},
				"west": {"uv": [5.72, 4.5, 5.282, 9.164], "rotation": 90, "texture": "#0"},
				"down": {"uv": [5.72, 4.5, 5.282, 9.164], "rotation": 180, "texture": "#0"}
			}
		},
		{
			"from": [6.5, 11.225, 0],
			"to": [8, 12.725, 15.8],
			"rotation": {"angle": 0, "axis": "y", "origin": [-15, 18.725, 8]},
			"faces": {
				"north": {"uv": [6.032, 8.75, 5.5, 9.289], "rotation": 90, "texture": "#0"},
				"east": {"uv": [5.72, 9.164, 5.282, 4.5], "rotation": 90, "texture": "#0"},
				"south": {"uv": [5.344, 8.313, 5.969, 9.07], "rotation": 180, "texture": "#0"},
				"west": {"uv": [5.72, 4.5, 5.282, 9.164], "rotation": 90, "texture": "#0"},
				"down": {"uv": [5.72, 4.5, 5.282, 9.164], "rotation": 180, "texture": "#0"}
			}
		},
		{
			"from": [24.5, 11.225, 0],
			"to": [26, 12.725, 15.8],
			"rotation": {"angle": 0, "axis": "y", "origin": [3, 18.725, 8]},
			"faces": {
				"north": {"uv": [6.032, 8.75, 5.5, 9.289], "rotation": 90, "texture": "#0"},
				"east": {"uv": [5.72, 9.164, 5.282, 4.5], "rotation": 90, "texture": "#0"},
				"south": {"uv": [5.344, 8.313, 5.969, 9.07], "rotation": 180, "texture": "#0"},
				"west": {"uv": [5.72, 4.5, 5.282, 9.164], "rotation": 90, "texture": "#0"},
				"down": {"uv": [5.72, 4.5, 5.282, 9.164], "rotation": 180, "texture": "#0"}
			}
		},
		{
			"from": [-12.25, 11.225, 22],
			"to": [-10.75, 12.725, 31.8],
			"rotation": {"angle": 0, "axis": "y", "origin": [-33.75, 18.725, 8]},
			"faces": {
				"north": {"uv": [5.344, 10.157, 6.344, 11.125], "rotation": 180, "texture": "#0"},
				"east": {"uv": [5.751, 2.956, 5.313, 0.063], "rotation": 90, "texture": "#0"},
				"south": {"uv": [7.189, 12.094, 7.749, 12.75], "rotation": 90, "texture": "#0"},
				"west": {"uv": [5.751, 0.063, 5.313, 2.956], "rotation": 90, "texture": "#0"},
				"down": {"uv": [5.751, 0.063, 5.313, 2.956], "texture": "#0"}
			}
		},
		{
			"from": [6.5, 11.225, 22],
			"to": [8, 12.725, 31.8],
			"rotation": {"angle": 0, "axis": "y", "origin": [-15, 18.725, 8]},
			"faces": {
				"north": {"uv": [5.344, 10.157, 6.344, 11.125], "rotation": 180, "texture": "#0"},
				"east": {"uv": [5.751, 2.956, 5.313, 0.063], "rotation": 90, "texture": "#0"},
				"south": {"uv": [7.189, 12.094, 7.749, 12.75], "rotation": 90, "texture": "#0"},
				"west": {"uv": [5.751, 0.063, 5.313, 2.956], "rotation": 90, "texture": "#0"},
				"down": {"uv": [5.751, 0.063, 5.313, 2.956], "texture": "#0"}
			}
		},
		{
			"from": [24.5, 11.225, 22],
			"to": [26, 12.725, 31.8],
			"rotation": {"angle": 0, "axis": "y", "origin": [3, 18.725, 8]},
			"faces": {
				"north": {"uv": [5.344, 10.157, 6.344, 11.125], "rotation": 180, "texture": "#0"},
				"east": {"uv": [5.751, 2.956, 5.313, 0.063], "rotation": 90, "texture": "#0"},
				"south": {"uv": [7.189, 12.094, 7.749, 12.75], "rotation": 90, "texture": "#0"},
				"west": {"uv": [5.751, 0.063, 5.313, 2.956], "rotation": 90, "texture": "#0"},
				"down": {"uv": [5.751, 0.063, 5.313, 2.956], "texture": "#0"}
			}
		},
		{
			"from": [-12.25, 11.225, -16],
			"to": [-10.75, 12.725, -6.2],
			"rotation": {"angle": 0, "axis": "y", "origin": [-33.75, 18.725, 8]},
			"faces": {
				"north": {"uv": [7.345, 12.094, 7.749, 12.748], "rotation": 90, "texture": "#0"},
				"east": {"uv": [5.751, 13.39375, 5.313, 10.68825], "rotation": 90, "texture": "#0"},
				"south": {"uv": [5.751, 10.68825, 5.313, 13.39375], "rotation": 90, "texture": "#0"},
				"west": {"uv": [5.751, 10.68825, 5.313, 13.39375], "rotation": 90, "texture": "#0"},
				"down": {"uv": [6.032, 9.157, 5.313, 13.393], "texture": "#0"}
			}
		},
		{
			"from": [6.5, 11.225, -16],
			"to": [8, 12.725, -6.2],
			"rotation": {"angle": 0, "axis": "y", "origin": [-15, 18.725, 8]},
			"faces": {
				"north": {"uv": [7.345, 12.094, 7.749, 12.748], "rotation": 90, "texture": "#0"},
				"east": {"uv": [5.751, 13.39375, 5.313, 10.68825], "rotation": 90, "texture": "#0"},
				"south": {"uv": [5.751, 10.68825, 5.313, 13.39375], "rotation": 90, "texture": "#0"},
				"west": {"uv": [5.751, 10.68825, 5.313, 13.39375], "rotation": 90, "texture": "#0"},
				"down": {"uv": [6.032, 9.157, 5.313, 13.393], "texture": "#0"}
			}
		},
		{
			"from": [24.5, 11.225, -16],
			"to": [26, 12.725, -6.2],
			"rotation": {"angle": 0, "axis": "y", "origin": [3, 18.725, 8]},
			"faces": {
				"north": {"uv": [7.345, 12.094, 7.749, 12.748], "rotation": 90, "texture": "#0"},
				"east": {"uv": [5.751, 13.39375, 5.313, 10.68825], "rotation": 90, "texture": "#0"},
				"south": {"uv": [5.751, 10.68825, 5.313, 13.39375], "rotation": 90, "texture": "#0"},
				"west": {"uv": [5.751, 10.68825, 5.313, 13.39375], "rotation": 90, "texture": "#0"},
				"down": {"uv": [6.032, 9.157, 5.313, 13.393], "texture": "#0"}
			}
		}
	],
	"display": {
		"thirdperson_righthand": {
			"rotation": [45, 60, 0],
			"translation": [0.5, 0, -0.25],
			"scale": [0.21, 0.21, 0.21]
		},
		"thirdperson_lefthand": {
			"rotation": [45, 60, 0],
			"translation": [-0.5, 0, -0.25],
			"scale": [0.21, 0.21, 0.21]
		},
		"firstperson_righthand": {
			"rotation": [0, 45, 0],
			"scale": [0.3, 0.3, 0.3]
		},
		"firstperson_lefthand": {
			"rotation": [0, 45, 0],
			"scale": [0.3, 0.3, 0.3]
		},
		"ground": {
			"scale": [0.25, 0.25, 0.25]
		},
		"gui": {
			"rotation": [30, 135, 0],
			"translation": [0, -1.25, 0],
			"scale": [0.4, 0.4, 0.4]
		},
		"fixed": {
			"rotation": [-90, 0, 0],
			"translation": [0, 0, -15],
			"scale": [2, 2, 2]
		}
	},
	"groups": [
		{
			"name": "palett",
			"origin": [2, 7, 4],
			"children": [0, 1, 2, 3, 4, 5, 6, 7, 8, 9, 10, 11, 12, 13, 14, 15, 16, 17, 18, 19, 20, 21, 22, 23, 24, 25]
		},
		{
			"name": "palett",
			"origin": [2, 7, 4],
			"children": [26, 27, 28, 29, 30, 31, 32, 33, 34, 35, 36, 37, 38, 39, 40, 41, 42, 43, 44, 45, 46, 47, 48, 49, 50, 51]
		},
		{
			"name": "palett",
			"origin": [2, 7, 4],
			"children": [52, 53, 54, 55, 56, 57, 58, 59, 60, 61, 62, 63, 64, 65, 66, 67, 68, 69, 70, 71, 72, 73, 74, 75, 76, 77]
		}
	]
}