{
	"credit": "Made with Blockbench",
	"ambientocclusion": false,
	"texture_size": [256, 256],
	"textures": {
		"0": "block/handrailmetal001a",
		"particle": "block/handrailmetal001a"
	},
	"elements": [
		{
			"from": [7.6, 13.18157, -0.4],
			"to": [8.4, 19, 0.4],
			"rotation": {"angle": 0, "axis": "y", "origin": [8, 22.68157, 0]},
			"faces": {
				"north": {"uv": [0, 3, 7.0625, 3.8125], "rotation": 270, "texture": "#0"},
				"east": {"uv": [0, 2.1875, 7.0625, 3], "rotation": 270, "texture": "#0"},
				"south": {"uv": [0, 4.625, 7.0625, 5.4375], "rotation": 270, "texture": "#0"},
				"west": {"uv": [0, 3.8125, 7.0625, 4.625], "rotation": 270, "texture": "#0"}
			}
		},
		{
			"from": [7.575, 13.1816, 15.6],
			"to": [8.375, 19.00003, 16.4],
			"rotation": {"angle": 0, "axis": "y", "origin": [7.975, 11.34081, 16]},
			"faces": {
				"north": {"uv": [0, 4.625, 7.0625, 5.4375], "rotation": 270, "texture": "#0"},
				"east": {"uv": [0, 3.8125, 7.0625, 4.625], "rotation": 270, "texture": "#0"},
				"south": {"uv": [0, 3, 7.0625, 3.8125], "rotation": 270, "texture": "#0"},
				"west": {"uv": [0, 2.1875, 7.0625, 3], "rotation": 270, "texture": "#0"}
			}
		},
		{
			"from": [7.6, -0.00003, -0.4],
			"to": [8.4, 13.18157, 0.4],
			"rotation": {"angle": 0, "axis": "y", "origin": [8, 9.49997, 0]},
			"faces": {
				"north": {"uv": [0, 10.9375, 16, 11.75], "rotation": 270, "texture": "#0"},
				"east": {"uv": [0, 10.125, 16, 10.9375], "rotation": 270, "texture": "#0"},
				"south": {"uv": [0, 12.5625, 16, 13.375], "rotation": 270, "texture": "#0"},
				"west": {"uv": [0, 11.75, 16, 12.5625], "rotation": 270, "texture": "#0"},
				"down": {"uv": [0, 11.75, 0.8125, 12.5625], "rotation": 270, "texture": "#0"}
			}
		},
		{
			"from": [7.575, 0, 15.6],
			"to": [8.375, 13.1816, 16.4],
			"rotation": {"angle": 0, "axis": "y", "origin": [7.975, 11.34081, 16]},
			"faces": {
				"north": {"uv": [0, 12.5625, 16, 13.375], "rotation": 270, "texture": "#0"},
				"east": {"uv": [0, 11.75, 16, 12.5625], "rotation": 270, "texture": "#0"},
				"south": {"uv": [0, 10.9375, 16, 11.75], "rotation": 270, "texture": "#0"},
				"west": {"uv": [0, 10.125, 16, 10.9375], "rotation": 270, "texture": "#0"},
				"down": {"uv": [0, 11.75, 0.8125, 12.5625], "rotation": 270, "texture": "#0"}
			}
		},
		{
			"from": [7.8, 9.35, 0.4],
			"to": [8.2, 9.85, 15.6],
			"rotation": {"angle": 0, "axis": "y", "origin": [8, 10.25, 0.8]},
			"faces": {
				"east": {"uv": [0, 13.4375, 16, 14.0625], "texture": "#0"},
				"west": {"uv": [0, 14.6875, 16, 15.3125], "rotation": 180, "texture": "#0"},
				"up": {"uv": [0, 15.3125, 16, 15.9375], "rotation": 270, "texture": "#0"},
				"down": {"uv": [0, 14.0625, 16, 14.6875], "rotation": 90, "texture": "#0"}
			}
		},
		{
			"name": "hexadecagon",
			"from": [7.88065, 18.4, 8.05],
			"to": [8.11935, 19.6, 16.45],
			"rotation": {"angle": 22.5, "axis": "z", "origin": [8, 19, 8.0375]},
			"faces": {
				"south": {"uv": [0, 11.75, 0.3125, 12.75], "rotation": 180, "texture": "#0"},
				"up": {"uv": [0, 0.5, 8, 0.625], "rotation": 270, "texture": "#0"},
				"down": {"uv": [0, 1.5, 8, 1.625], "rotation": 90, "texture": "#0"}
			}
		},
		{
			"name": "hexadecagon",
			"from": [7.4, 18.88065, 8.05],
			"to": [8.6, 19.11935, 16.45],
			"rotation": {"angle": -22.5, "axis": "z", "origin": [8, 19, 8.0375]},
			"faces": {
				"east": {"uv": [0, 1.25, 8, 1.375], "texture": "#0"},
				"south": {"uv": [0, 11.75, 0.3125, 12.75], "rotation": 270, "texture": "#0"},
				"west": {"uv": [0, 0.25, 8, 0.375], "rotation": 180, "texture": "#0"}
			}
		},
		{
			"name": "hexadecagon",
			"from": [7.4, 18.88065, 8.05],
			"to": [8.6, 19.11935, 16.45],
			"rotation": {"angle": 22.5, "axis": "z", "origin": [8, 19, 8.0375]},
			"faces": {
				"east": {"uv": [0, 1, 8, 1.125], "texture": "#0"},
				"south": {"uv": [0, 11.75, 0.3125, 12.75], "rotation": 270, "texture": "#0"},
				"west": {"uv": [0, 0, 8, 0.125], "rotation": 180, "texture": "#0"}
			}
		},
		{
			"name": "hexadecagon",
			"from": [7.88065, 18.4, 8.05],
			"to": [8.11935, 19.6, 16.45],
			"rotation": {"angle": -22.5, "axis": "z", "origin": [8, 19, 8.0375]},
			"faces": {
				"south": {"uv": [0, 11.75, 0.3125, 12.75], "rotation": 180, "texture": "#0"},
				"up": {"uv": [0, 0.75, 8, 0.875], "rotation": 270, "texture": "#0"},
				"down": {"uv": [0, 1.75, 8, 1.875], "rotation": 90, "texture": "#0"}
			}
		},
		{
			"name": "hexadecagon",
			"from": [7.88065, 18.4, 8.025],
			"to": [8.11935, 19.6, 16.425],
			"rotation": {"angle": 45, "axis": "z", "origin": [8, 19, 8.0375]},
			"faces": {
				"south": {"uv": [0, 11.75, 0.3125, 12.75], "rotation": 180, "texture": "#0"},
				"up": {"uv": [0, 0.375, 8, 0.5], "rotation": 270, "texture": "#0"},
				"down": {"uv": [0, 1.375, 8, 1.5], "rotation": 90, "texture": "#0"}
			}
		},
		{
			"name": "hexadecagon",
			"from": [7.4, 18.88065, 8.025],
			"to": [8.6, 19.11935, 16.425],
			"rotation": {"angle": 0, "axis": "z", "origin": [8, 19, 8.0375]},
			"faces": {
				"east": {"uv": [0, 1.125, 8, 1.25], "texture": "#0"},
				"south": {"uv": [0, 11.75, 0.3125, 12.75], "rotation": 270, "texture": "#0"},
				"west": {"uv": [0, 0.125, 8, 0.25], "rotation": 180, "texture": "#0"}
			}
		},
		{
			"name": "hexadecagon",
			"from": [7.4, 18.88065, 8.025],
			"to": [8.6, 19.11935, 16.425],
			"rotation": {"angle": 45, "axis": "z", "origin": [8, 19, 8.0375]},
			"faces": {
				"east": {"uv": [0, 0.875, 8, 1], "texture": "#0"},
				"south": {"uv": [0, 11.75, 0.3125, 12.75], "rotation": 270, "texture": "#0"},
				"west": {"uv": [0, 1.875, 8, 2], "rotation": 180, "texture": "#0"}
			}
		},
		{
			"name": "hexadecagon",
			"from": [7.88065, 18.4, 8.025],
			"to": [8.11935, 19.6, 16.425],
			"rotation": {"angle": 0, "axis": "z", "origin": [8, 19, 8.0375]},
			"faces": {
				"south": {"uv": [0, 11.75, 0.3125, 12.75], "rotation": 180, "texture": "#0"},
				"up": {"uv": [0, 0.625, 8, 0.75], "rotation": 270, "texture": "#0"},
				"down": {"uv": [0, 1.625, 8, 1.75], "rotation": 90, "texture": "#0"}
			}
		},
		{
			"name": "hexadecagon",
			"from": [7.88065, 18.4, -0.35],
			"to": [8.11935, 19.6, 8.05],
			"rotation": {"angle": 22.5, "axis": "z", "origin": [8, 19, -0.3625]},
			"faces": {
				"north": {"uv": [0, 11.75, 0.3125, 12.75], "rotation": 180, "texture": "#0"},
				"up": {"uv": [8, 0.5, 16, 0.625], "rotation": 270, "texture": "#0"},
				"down": {"uv": [8, 1.5, 16, 1.625], "rotation": 90, "texture": "#0"}
			}
		},
		{
			"name": "hexadecagon",
			"from": [7.4, 18.88065, -0.35],
			"to": [8.6, 19.11935, 8.05],
			"rotation": {"angle": -22.5, "axis": "z", "origin": [8, 19, -0.3625]},
			"faces": {
				"north": {"uv": [0, 11.75, 0.3125, 12.75], "rotation": 270, "texture": "#0"},
				"east": {"uv": [8, 1.25, 16, 1.375], "texture": "#0"},
				"west": {"uv": [8, 0.25, 16, 0.375], "rotation": 180, "texture": "#0"}
			}
		},
		{
			"name": "hexadecagon",
			"from": [7.4, 18.88065, -0.35],
			"to": [8.6, 19.11935, 8.05],
			"rotation": {"angle": 22.5, "axis": "z", "origin": [8, 19, -0.3625]},
			"faces": {
				"north": {"uv": [0, 11.75, 0.3125, 12.75], "rotation": 270, "texture": "#0"},
				"east": {"uv": [8, 1, 16, 1.125], "texture": "#0"},
				"west": {"uv": [8, 0, 16, 0.125], "rotation": 180, "texture": "#0"}
			}
		},
		{
			"name": "hexadecagon",
			"from": [7.88065, 18.4, -0.35],
			"to": [8.11935, 19.6, 8.05],
			"rotation": {"angle": -22.5, "axis": "z", "origin": [8, 19, -0.3625]},
			"faces": {
				"north": {"uv": [0, 11.75, 0.3125, 12.75], "rotation": 180, "texture": "#0"},
				"up": {"uv": [8, 0.75, 16, 0.875], "rotation": 270, "texture": "#0"},
				"down": {"uv": [8, 1.75, 16, 1.875], "rotation": 90, "texture": "#0"}
			}
		},
		{
			"name": "hexadecagon",
			"from": [7.88065, 18.4, -0.375],
			"to": [8.11935, 19.6, 8.025],
			"rotation": {"angle": 45, "axis": "z", "origin": [8, 19, -0.3625]},
			"faces": {
				"north": {"uv": [0, 11.75, 0.3125, 12.75], "rotation": 180, "texture": "#0"},
				"up": {"uv": [8, 0.375, 16, 0.5], "rotation": 270, "texture": "#0"},
				"down": {"uv": [8, 1.375, 16, 1.5], "rotation": 90, "texture": "#0"}
			}
		},
		{
			"name": "hexadecagon",
			"from": [7.4, 18.88065, -0.375],
			"to": [8.6, 19.11935, 8.025],
			"rotation": {"angle": 0, "axis": "z", "origin": [8, 19, -0.3625]},
			"faces": {
				"north": {"uv": [0, 11.75, 0.3125, 12.75], "rotation": 270, "texture": "#0"},
				"east": {"uv": [8, 1.125, 16, 1.25], "texture": "#0"},
				"west": {"uv": [8, 0.125, 16, 0.25], "rotation": 180, "texture": "#0"}
			}
		},
		{
			"name": "hexadecagon",
			"from": [7.4, 18.88065, -0.375],
			"to": [8.6, 19.11935, 8.025],
			"rotation": {"angle": 45, "axis": "z", "origin": [8, 19, -0.3625]},
			"faces": {
				"north": {"uv": [0, 11.75, 0.3125, 12.75], "rotation": 270, "texture": "#0"},
				"east": {"uv": [8, 0.875, 16, 1], "texture": "#0"},
				"west": {"uv": [8, 1.875, 16, 2], "rotation": 180, "texture": "#0"}
			}
		},
		{
			"name": "hexadecagon",
			"from": [7.88065, 18.4, -0.375],
			"to": [8.11935, 19.6, 8.025],
			"rotation": {"angle": 0, "axis": "z", "origin": [8, 19, -0.3625]},
			"faces": {
				"north": {"uv": [0, 11.75, 0.3125, 12.75], "rotation": 180, "texture": "#0"},
				"up": {"uv": [8, 0.625, 16, 0.75], "rotation": 270, "texture": "#0"},
				"down": {"uv": [8, 1.625, 16, 1.75], "rotation": 90, "texture": "#0"}
			}
		},
		{
			"from": [8, 8.35, 13.85],
			"to": [8, 9.35, 15.6],
			"rotation": {"angle": 0, "axis": "x", "origin": [8, 8.85, 14.6]},
			"faces": {
				"east": {"uv": [8.125, 3.4375, 10.625, 2.1875], "texture": "#0"},
				"west": {"uv": [10.625, 3.4375, 8.125, 2.1875], "texture": "#0"}
			}
		},
		{
			"from": [8, 17.425, 13.85],
			"to": [8, 18.425, 15.6],
			"rotation": {"angle": 0, "axis": "x", "origin": [8, 17.925, 14.6]},
			"faces": {
				"east": {"uv": [8.125, 3.4375, 10.625, 2.1875], "texture": "#0"},
				"west": {"uv": [10.625, 3.4375, 8.125, 2.1875], "texture": "#0"}
			}
		},
		{
			"from": [7.999, 8.35, 0.4],
			"to": [7.999, 9.35, 2.15],
			"rotation": {"angle": 0, "axis": "y", "origin": [7.999, 8.85, 1.4]},
			"faces": {
				"east": {"uv": [10.625, 3.4375, 8.125, 2.1875], "texture": "#0"},
				"west": {"uv": [8.125, 3.4375, 10.625, 2.1875], "texture": "#0"}
			}
		},
		{
			"from": [7.999, 17.425, 0.4],
			"to": [7.999, 18.425, 2.15],
			"rotation": {"angle": 0, "axis": "y", "origin": [7.999, 17.925, 1.4]},
			"faces": {
				"east": {"uv": [10.625, 3.4375, 8.125, 2.1875], "texture": "#0"},
				"west": {"uv": [8.125, 3.4375, 10.625, 2.1875], "texture": "#0"}
			}
		}
	],
	"display": {
		"thirdperson_righthand": {
			"rotation": [75, 45, 0],
			"scale": [0.375, 0.375, 0.375]
		},
		"thirdperson_lefthand": {
			"rotation": [75, 45, 0],
			"scale": [0.375, 0.375, 0.375]
		},
		"firstperson_righthand": {
			"rotation": [0, 45, 0],
			"scale": [0.4, 0.4, 0.4]
		},
		"firstperson_lefthand": {
			"rotation": [0, -135, 0],
			"scale": [0.4, 0.4, 0.4]
		},
		"ground": {
			"translation": [0, 3, 0],
			"scale": [0.41406, 0.41406, 0.41406]
		},
		"gui": {
			"rotation": [30, 135, 0],
			"translation": [0, -1, 0],
			"scale": [0.73633, 0.73633, 0.73633]
		},
		"fixed": {
			"rotation": [-90, 90, 0],
			"translation": [0, 0, -15],
			"scale": [2, 2, 2]
		}
	},
	"groups": [0, 1, 2, 3, 4,
		{
			"name": "hexadecagon",
			"origin": [8, 8, 8],
			"children": [5, 6, 7, 8, 9, 10, 11, 12]
		},
		{
			"name": "hexadecagon",
			"origin": [8, 8, 8],
			"children": [13, 14, 15, 16, 17, 18, 19, 20]
		}, 21, 22, 23, 24]
}