{
	"credit": "Made with Blockbench",
	"ambientocclusion": false,
	"texture_size": [2, 2],
	"textures": {
		"0": "block/wall_light",
		"particle": "block/wall_light"
	},
	"elements": [
		{
			"from": [5.825, 10.5, 0.25],
			"to": [6.075, 10.75, 1.25],
			"rotation": {"angle": 0, "axis": "y", "origin": [7.825, 18.5, 8.25]},
			"faces": {
				"north": {"uv": [3.752, 4.256, 11.752, 6.256], "texture": "#0"},
				"east": {"uv": [3.752, 4.256, 11.752, 6.256], "texture": "#0"},
				"south": {"uv": [3.752, 4.256, 11.752, 6.256], "texture": "#0"},
				"west": {"uv": [3.752, 4.256, 11.752, 6.256], "texture": "#0"},
				"up": {"uv": [3.752, 4.256, 11.752, 6.256], "rotation": 90, "texture": "#0"},
				"down": {"uv": [3.752, 4.256, 11.752, 6.256], "texture": "#0"}
			}
		},
		{
			"from": [5.825, 9, 0.25],
			"to": [6.075, 9.25, 1.25],
			"rotation": {"angle": 0, "axis": "y", "origin": [7.825, 17, 8.25]},
			"faces": {
				"north": {"uv": [3.752, 4.256, 11.752, 6.256], "texture": "#0"},
				"east": {"uv": [3.752, 4.256, 11.752, 6.256], "texture": "#0"},
				"south": {"uv": [3.752, 4.256, 11.752, 6.256], "texture": "#0"},
				"west": {"uv": [3.752, 4.256, 11.752, 6.256], "texture": "#0"},
				"up": {"uv": [3.752, 4.256, 11.752, 6.256], "rotation": 90, "texture": "#0"},
				"down": {"uv": [3.752, 4.256, 11.752, 6.256], "texture": "#0"}
			}
		},
		{
			"from": [5.825, 7.5, 0.25],
			"to": [6.075, 7.75, 1.25],
			"rotation": {"angle": 0, "axis": "y", "origin": [7.825, 15.5, 8.25]},
			"faces": {
				"north": {"uv": [3.752, 4.256, 11.752, 6.256], "texture": "#0"},
				"east": {"uv": [3.752, 4.256, 11.752, 6.256], "texture": "#0"},
				"south": {"uv": [3.752, 4.256, 11.752, 6.256], "texture": "#0"},
				"west": {"uv": [3.752, 4.256, 11.752, 6.256], "texture": "#0"},
				"up": {"uv": [3.752, 4.256, 11.752, 6.256], "rotation": 90, "texture": "#0"},
				"down": {"uv": [3.752, 4.256, 11.752, 6.256], "texture": "#0"}
			}
		},
		{
			"from": [7.22502, 11.69072, -0.02189],
			"to": [7.47502, 11.94072, 1.37811],
			"rotation": {"angle": 0, "axis": "x", "origin": [8.02502, 18.49072, 9.62811]},
			"faces": {
				"north": {"uv": [2.256, 0.752, 4.256, 11.952], "texture": "#0"},
				"east": {"uv": [2.256, 0.752, 4.256, 11.952], "texture": "#0"},
				"south": {"uv": [2.256, 0.752, 4.256, 11.952], "texture": "#0"},
				"west": {"uv": [2.256, 0.752, 4.256, 11.952], "texture": "#0"},
				"up": {"uv": [2.256, 0.752, 4.256, 11.952], "texture": "#0"},
				"down": {"uv": [2.256, 0.752, 4.256, 11.952], "texture": "#0"}
			}
		},
		{
			"from": [7.22502, 7.75, 1.99412],
			"to": [7.47502, 10.5, 2.24412],
			"rotation": {"angle": 0, "axis": "x", "origin": [8.02502, 0.85, 8.79412]},
			"faces": {
				"north": {"uv": [0, 0, 1.75, 10.75], "texture": "#0"},
				"east": {"uv": [0, 0, 1.75, 10.75], "texture": "#0"},
				"south": {"uv": [0, 0, 1.75, 10.75], "texture": "#0"},
				"west": {"uv": [0, 0, 1.75, 10.75], "texture": "#0"},
				"up": {"uv": [0, 0, 1.75, 10.75], "texture": "#0"},
				"down": {"uv": [0, 0, 1.75, 10.75], "texture": "#0"}
			}
		},
		{
			"from": [8.47498, 7.75, 1.99412],
			"to": [8.72498, 10.5, 2.24412],
			"rotation": {"angle": 0, "axis": "x", "origin": [9.27498, 0.85, 8.79412]},
			"faces": {
				"north": {"uv": [0, 0, 1.75, 10.75], "texture": "#0"},
				"east": {"uv": [0, 0, 1.75, 10.75], "texture": "#0"},
				"south": {"uv": [0, 0, 1.75, 10.75], "rotation": 180, "texture": "#0"},
				"west": {"uv": [0, 0, 1.75, 10.75], "texture": "#0"},
				"up": {"uv": [0, 0, 1.75, 10.75], "texture": "#0"},
				"down": {"uv": [0, 0, 1.75, 10.75], "texture": "#0"}
			}
		},
		{
			"from": [7.22502, 6.30928, -0.02189],
			"to": [7.47502, 6.55928, 1.37811],
			"rotation": {"angle": 0, "axis": "x", "origin": [8.02502, 13.10928, 9.62811]},
			"faces": {
				"north": {"uv": [1.752, 0.752, 3.752, 11.952], "texture": "#0"},
				"east": {"uv": [1.752, 0.752, 3.752, 11.952], "rotation": 90, "texture": "#0"},
				"south": {"uv": [1.752, 0.752, 3.752, 11.952], "texture": "#0"},
				"west": {"uv": [1.752, 0.752, 3.752, 11.952], "rotation": 90, "texture": "#0"},
				"up": {"uv": [1.752, 0.752, 3.752, 11.952], "texture": "#0"},
				"down": {"uv": [1.752, 0.752, 3.752, 11.952], "texture": "#0"}
			}
		},
		{
			"from": [8.47498, 6.30928, -0.02189],
			"to": [8.72498, 6.55928, 1.37811],
			"rotation": {"angle": 0, "axis": "x", "origin": [9.27498, 13.10928, 9.62811]},
			"faces": {
				"north": {"uv": [1.752, 0.752, 3.752, 11.952], "texture": "#0"},
				"east": {"uv": [1.752, 0.752, 3.752, 11.952], "rotation": 90, "texture": "#0"},
				"south": {"uv": [1.752, 0.752, 3.752, 11.952], "texture": "#0"},
				"west": {"uv": [1.752, 0.752, 3.752, 11.952], "rotation": 90, "texture": "#0"},
				"up": {"uv": [1.752, 0.752, 3.752, 11.952], "texture": "#0"},
				"down": {"uv": [1.752, 0.752, 3.752, 11.952], "texture": "#0"}
			}
		},
		{
			"from": [8.47498, 11.69072, -0.02189],
			"to": [8.72498, 11.94072, 1.37811],
			"rotation": {"angle": 0, "axis": "x", "origin": [9.27498, 18.49072, 9.62811]},
			"faces": {
				"north": {"uv": [14, 1.752, 16, 12.952], "texture": "#0"},
				"east": {"uv": [14, 1.752, 16, 12.952], "texture": "#0"},
				"south": {"uv": [14, 1.752, 16, 12.952], "texture": "#0"},
				"west": {"uv": [14, 1.752, 16, 12.952], "texture": "#0"},
				"up": {"uv": [14, 1.752, 16, 12.952], "texture": "#0"},
				"down": {"uv": [14, 1.752, 16, 12.952], "texture": "#0"}
			}
		},
		{
			"from": [7.22502, 5.28215, 4.14979],
			"to": [7.47502, 5.53215, 5.04979],
			"rotation": {"angle": 45, "axis": "x", "origin": [8.02502, 12.08215, 10.49979]},
			"faces": {
				"north": {"uv": [12.752, 6.504, 14.752, 13.704], "texture": "#0"},
				"east": {"uv": [12.752, 6.504, 14.752, 13.704], "texture": "#0"},
				"south": {"uv": [12.752, 6.504, 14.752, 13.704], "texture": "#0"},
				"west": {"uv": [12.752, 6.504, 14.752, 13.704], "texture": "#0"},
				"up": {"uv": [12.752, 6.504, 14.752, 13.704], "texture": "#0"},
				"down": {"uv": [12.752, 6.504, 14.752, 13.704], "texture": "#0"}
			}
		},
		{
			"from": [7.22502, 3.27399, -4.64407],
			"to": [7.47502, 4.17399, -4.39407],
			"rotation": {"angle": 45, "axis": "x", "origin": [8.02502, -2.17601, 2.15593]},
			"faces": {
				"north": {"uv": [0, 0, 2, 7.2], "rotation": 180, "texture": "#0"},
				"east": {"uv": [0, 0, 2, 7.2], "rotation": 180, "texture": "#0"},
				"south": {"uv": [0, 0, 2, 7.2], "rotation": 180, "texture": "#0"},
				"west": {"uv": [0, 0, 2, 7.2], "rotation": 180, "texture": "#0"},
				"up": {"uv": [0, 0, 2, 7.2], "rotation": 180, "texture": "#0"},
				"down": {"uv": [0, 0, 2, 7.2], "rotation": 180, "texture": "#0"}
			}
		},
		{
			"from": [8.47498, 3.27399, -4.64407],
			"to": [8.72498, 4.17399, -4.39407],
			"rotation": {"angle": 45, "axis": "x", "origin": [9.27498, -2.17601, 2.15593]},
			"faces": {
				"north": {"uv": [0, 0, 2, 7.2], "rotation": 180, "texture": "#0"},
				"east": {"uv": [0, 0, 2, 7.2], "rotation": 180, "texture": "#0"},
				"south": {"uv": [0, 0, 2, 7.2], "rotation": 180, "texture": "#0"},
				"west": {"uv": [0, 0, 2, 7.2], "rotation": 180, "texture": "#0"},
				"up": {"uv": [0, 0, 2, 7.2], "rotation": 180, "texture": "#0"},
				"down": {"uv": [0, 0, 2, 7.2], "rotation": 180, "texture": "#0"}
			}
		},
		{
			"from": [8.47498, 5.28215, 4.14979],
			"to": [8.72498, 5.53215, 5.04979],
			"rotation": {"angle": 45, "axis": "x", "origin": [9.27498, 12.08215, 10.49979]},
			"faces": {
				"north": {"uv": [13.256, 2.752, 15.256, 9.952], "texture": "#0"},
				"east": {"uv": [13.256, 2.752, 15.256, 9.952], "texture": "#0"},
				"south": {"uv": [13.256, 2.752, 15.256, 9.952], "texture": "#0"},
				"west": {"uv": [13.256, 2.752, 15.256, 9.952], "texture": "#0"},
				"up": {"uv": [13.256, 2.752, 15.256, 9.952], "texture": "#0"},
				"down": {"uv": [13.256, 2.752, 15.256, 9.952], "texture": "#0"}
			}
		},
		{
			"from": [7.22502, 13.84531, 1.95527],
			"to": [7.47502, 14.44531, 2.20527],
			"rotation": {"angle": -22.5, "axis": "x", "origin": [8.02502, 12.39531, 10.00527]},
			"faces": {
				"north": {"uv": [5.752, 6, 7.752, 10.8], "texture": "#0"},
				"east": {"uv": [5.752, 6, 7.752, 10.8], "texture": "#0"},
				"south": {"uv": [5.752, 6, 7.752, 10.8], "texture": "#0"},
				"west": {"uv": [5.752, 6, 7.752, 10.8], "texture": "#0"},
				"up": {"uv": [5.752, 6, 7.752, 10.8], "texture": "#0"},
				"down": {"uv": [5.752, 6, 7.752, 10.8], "texture": "#0"}
			}
		},
		{
			"from": [7.22502, 3.76663, 2.14661],
			"to": [7.47502, 4.36663, 2.39661],
			"rotation": {"angle": 22.5, "axis": "x", "origin": [8.02502, 6.31663, 10.19661]},
			"faces": {
				"north": {"uv": [0, 0, 2, 4.8], "texture": "#0"},
				"east": {"uv": [0, 0, 2, 4.8], "texture": "#0"},
				"south": {"uv": [0, 0, 2, 4.8], "texture": "#0"},
				"west": {"uv": [0, 0, 2, 4.8], "texture": "#0"},
				"up": {"uv": [0, 0, 2, 4.8], "texture": "#0"},
				"down": {"uv": [0, 0, 2, 4.8], "texture": "#0"}
			}
		},
		{
			"from": [8.47498, 3.76663, 2.14661],
			"to": [8.72498, 4.36663, 2.39661],
			"rotation": {"angle": 22.5, "axis": "x", "origin": [9.27498, 6.31663, 10.19661]},
			"faces": {
				"north": {"uv": [0, 0, 2, 4.8], "texture": "#0"},
				"east": {"uv": [0, 0, 2, 4.8], "texture": "#0"},
				"south": {"uv": [0, 0, 2, 4.8], "texture": "#0"},
				"west": {"uv": [0, 0, 2, 4.8], "texture": "#0"},
				"up": {"uv": [0, 0, 2, 4.8], "texture": "#0"},
				"down": {"uv": [0, 0, 2, 4.8], "texture": "#0"}
			}
		},
		{
			"from": [8.47498, 13.84531, 1.95527],
			"to": [8.72498, 14.44531, 2.20527],
			"rotation": {"angle": -22.5, "axis": "x", "origin": [9.27498, 12.39531, 10.00527]},
			"faces": {
				"north": {"uv": [13, 7, 15, 11.8], "texture": "#0"},
				"east": {"uv": [13, 7, 15, 11.8], "texture": "#0"},
				"south": {"uv": [13, 7, 15, 11.8], "texture": "#0"},
				"west": {"uv": [13, 7, 15, 11.8], "texture": "#0"},
				"up": {"uv": [13, 7, 15, 11.8], "texture": "#0"},
				"down": {"uv": [13, 7, 15, 11.8], "texture": "#0"}
			}
		},
		{
			"from": [9.875, 9, 0.25],
			"to": [10.125, 9.25, 1.25],
			"rotation": {"angle": 0, "axis": "y", "origin": [8.125, 17, 8.25]},
			"faces": {
				"north": {"uv": [14, 3.504, 16, 11.504], "texture": "#0"},
				"east": {"uv": [14, 3.504, 16, 11.504], "rotation": 90, "texture": "#0"},
				"south": {"uv": [14, 3.504, 16, 11.504], "texture": "#0"},
				"west": {"uv": [14, 3.504, 16, 11.504], "rotation": 90, "texture": "#0"},
				"up": {"uv": [14, 3.504, 16, 11.504], "texture": "#0"},
				"down": {"uv": [14, 3.504, 16, 11.504], "texture": "#0"}
			}
		},
		{
			"from": [9.875, 7.5, 0.25],
			"to": [10.125, 7.75, 1.25],
			"rotation": {"angle": 0, "axis": "y", "origin": [8.125, 15.5, 8.25]},
			"faces": {
				"north": {"uv": [14, 3.504, 16, 11.504], "texture": "#0"},
				"east": {"uv": [14, 3.504, 16, 11.504], "rotation": 90, "texture": "#0"},
				"south": {"uv": [14, 3.504, 16, 11.504], "texture": "#0"},
				"west": {"uv": [14, 3.504, 16, 11.504], "rotation": 90, "texture": "#0"},
				"up": {"uv": [14, 3.504, 16, 11.504], "texture": "#0"},
				"down": {"uv": [14, 3.504, 16, 11.504], "texture": "#0"}
			}
		},
		{
			"from": [9.875, 10.5, 0.25],
			"to": [10.125, 10.75, 1.25],
			"rotation": {"angle": 0, "axis": "y", "origin": [8.125, 18.5, 8.25]},
			"faces": {
				"north": {"uv": [14, 3.504, 16, 11.504], "texture": "#0"},
				"east": {"uv": [14, 3.504, 16, 11.504], "rotation": 90, "texture": "#0"},
				"south": {"uv": [14, 3.504, 16, 11.504], "texture": "#0"},
				"west": {"uv": [14, 3.504, 16, 11.504], "rotation": 90, "texture": "#0"},
				"up": {"uv": [14, 3.504, 16, 11.504], "texture": "#0"},
				"down": {"uv": [14, 3.504, 16, 11.504], "texture": "#0"}
			}
		},
		{
			"from": [5.825, 7, 0],
			"to": [6.075, 11.25, 0.25],
			"rotation": {"angle": 0, "axis": "y", "origin": [7.825, 17, 8.25]},
			"faces": {
				"north": {"uv": [0, 0, 16, 2], "rotation": 90, "texture": "#0"},
				"east": {"uv": [0, 0, 16, 2], "rotation": 90, "texture": "#0"},
				"south": {"uv": [0, 0, 16, 2], "rotation": 90, "texture": "#0"},
				"west": {"uv": [0, 0, 16, 2], "rotation": 90, "texture": "#0"},
				"up": {"uv": [0, 0, 16, 2], "rotation": 90, "texture": "#0"},
				"down": {"uv": [0, 0, 16, 2], "rotation": 90, "texture": "#0"}
			}
		},
		{
			"from": [9.875, 7, 0],
			"to": [10.125, 11.25, 0.25],
			"rotation": {"angle": 0, "axis": "y", "origin": [11.875, 17, 8.25]},
			"faces": {
				"north": {"uv": [0, 0, 16, 2], "rotation": 90, "texture": "#0"},
				"east": {"uv": [0, 0, 16, 2], "rotation": 90, "texture": "#0"},
				"south": {"uv": [0, 0, 16, 2], "rotation": 90, "texture": "#0"},
				"west": {"uv": [0, 0, 16, 2], "rotation": 90, "texture": "#0"},
				"up": {"uv": [0, 0, 16, 2], "rotation": 90, "texture": "#0"},
				"down": {"uv": [0, 0, 16, 2], "rotation": 90, "texture": "#0"}
			}
		},
		{
			"from": [9.1283, 8.22487, 0],
			"to": [9.3783, 8.97487, 0.25],
			"rotation": {"angle": -45, "axis": "z", "origin": [11.1283, 13.72487, 8.25]},
			"faces": {
				"north": {"uv": [0, 0, 6, 2], "rotation": 90, "texture": "#0"},
				"east": {"uv": [0, 0, 6, 2], "rotation": 90, "texture": "#0"},
				"south": {"uv": [0, 0, 6, 2], "rotation": 90, "texture": "#0"},
				"west": {"uv": [0, 0, 6, 2], "rotation": 90, "texture": "#0"},
				"up": {"uv": [0, 0, 6, 2], "rotation": 90, "texture": "#0"},
				"down": {"uv": [0, 0, 6, 2], "rotation": 90, "texture": "#0"}
			}
		},
		{
			"from": [12.72119, 3.62132, 0],
			"to": [12.97119, 4.37132, 0.25],
			"rotation": {"angle": -45, "axis": "z", "origin": [14.72119, 9.12132, 8.25]},
			"faces": {
				"north": {"uv": [0, 0, 6, 2], "rotation": 90, "texture": "#0"},
				"east": {"uv": [0, 0, 6, 2], "rotation": 90, "texture": "#0"},
				"south": {"uv": [0, 0, 6, 2], "rotation": 90, "texture": "#0"},
				"west": {"uv": [0, 0, 6, 2], "rotation": 90, "texture": "#0"},
				"up": {"uv": [0, 0, 6, 2], "rotation": 90, "texture": "#0"},
				"down": {"uv": [0, 0, 6, 2], "rotation": 90, "texture": "#0"}
			}
		},
		{
			"from": [2.97665, 3.62348, 0],
			"to": [3.72665, 3.87348, 0.25],
			"rotation": {"angle": -45, "axis": "z", "origin": [8.47665, 1.87348, 8.25]},
			"faces": {
				"north": {"uv": [9.752, 3.504, 11.752, 9.504], "rotation": 270, "texture": "#0"},
				"east": {"uv": [9.752, 3.504, 11.752, 9.504], "rotation": 270, "texture": "#0"},
				"south": {"uv": [9.752, 3.504, 11.752, 9.504], "rotation": 270, "texture": "#0"},
				"west": {"uv": [9.752, 3.504, 11.752, 9.504], "rotation": 270, "texture": "#0"},
				"up": {"uv": [9.752, 3.504, 11.752, 9.504], "rotation": 270, "texture": "#0"},
				"down": {"uv": [9.752, 3.504, 11.752, 9.504], "rotation": 270, "texture": "#0"}
			}
		},
		{
			"from": [6.56954, 8.22703, 0],
			"to": [7.31954, 8.47703, 0.25],
			"rotation": {"angle": -45, "axis": "z", "origin": [12.06954, 6.47703, 8.25]},
			"faces": {
				"north": {"uv": [8.752, 0, 10.752, 6], "rotation": 270, "texture": "#0"},
				"east": {"uv": [8.752, 0, 10.752, 6], "rotation": 270, "texture": "#0"},
				"south": {"uv": [8.752, 0, 10.752, 6], "rotation": 270, "texture": "#0"},
				"west": {"uv": [8.752, 0, 10.752, 6], "rotation": 270, "texture": "#0"},
				"up": {"uv": [8.752, 0, 10.752, 6], "rotation": 270, "texture": "#0"},
				"down": {"uv": [8.752, 0, 10.752, 6], "rotation": 270, "texture": "#0"}
			}
		},
		{
			"from": [6.70203, 13.78733, 0],
			"to": [7.45203, 14.03733, 0.25],
			"rotation": {"angle": 22.5, "axis": "z", "origin": [12.20203, 12.03733, 8.25]},
			"faces": {
				"north": {"uv": [0, 0, 2, 6], "rotation": 90, "texture": "#0"},
				"east": {"uv": [0, 0, 2, 6], "rotation": 90, "texture": "#0"},
				"south": {"uv": [0, 0, 2, 6], "rotation": 90, "texture": "#0"},
				"west": {"uv": [0, 0, 2, 6], "rotation": 90, "texture": "#0"},
				"up": {"uv": [0, 0, 2, 6], "rotation": 90, "texture": "#0"},
				"down": {"uv": [0, 0, 2, 6], "rotation": 90, "texture": "#0"}
			}
		},
		{
			"from": [9.15279, 8.42063, 0],
			"to": [9.90279, 8.67063, 0.25],
			"rotation": {"angle": 22.5, "axis": "z", "origin": [14.65279, 6.67063, 8.25]},
			"faces": {
				"north": {"uv": [1, 6, 3, 12], "rotation": 270, "texture": "#0"},
				"east": {"uv": [1, 6, 3, 12], "rotation": 270, "texture": "#0"},
				"south": {"uv": [1, 6, 3, 12], "rotation": 270, "texture": "#0"},
				"west": {"uv": [1, 6, 3, 12], "rotation": 270, "texture": "#0"},
				"up": {"uv": [1, 6, 3, 12], "rotation": 270, "texture": "#0"},
				"down": {"uv": [1, 6, 3, 12], "rotation": 270, "texture": "#0"}
			}
		},
		{
			"from": [7.71773, 9.86482, 0],
			"to": [8.46773, 10.11482, 0.25],
			"rotation": {"angle": -22.5, "axis": "z", "origin": [13.21773, 8.11482, 8.25]},
			"faces": {
				"north": {"uv": [10.504, 0, 12.504, 6], "rotation": 270, "texture": "#0"},
				"east": {"uv": [0, 0, 2, 6], "rotation": 270, "texture": "#0"},
				"south": {"uv": [0, 0, 2, 6], "rotation": 270, "texture": "#0"},
				"west": {"uv": [0, 0, 2, 6], "rotation": 270, "texture": "#0"},
				"up": {"uv": [0, 0, 2, 6], "rotation": 270, "texture": "#0"},
				"down": {"uv": [0, 0, 2, 6], "rotation": 270, "texture": "#0"}
			}
		},
		{
			"from": [5.26697, 4.49812, 0],
			"to": [6.01697, 4.74812, 0.25],
			"rotation": {"angle": -22.5, "axis": "z", "origin": [10.76697, 2.74812, 8.25]},
			"faces": {
				"north": {"uv": [10.256, 7.504, 12.256, 13.504], "rotation": 270, "texture": "#0"},
				"east": {"uv": [10.256, 7.504, 12.256, 13.504], "rotation": 270, "texture": "#0"},
				"south": {"uv": [10.256, 7.504, 12.256, 13.504], "rotation": 270, "texture": "#0"},
				"west": {"uv": [10.256, 7.504, 12.256, 13.504], "rotation": 270, "texture": "#0"},
				"up": {"uv": [10.256, 7.504, 12.256, 13.504], "rotation": 270, "texture": "#0"},
				"down": {"uv": [10.256, 7.504, 12.256, 13.504], "rotation": 270, "texture": "#0"}
			}
		},
		{
			"from": [7.04824, 11.83637, 0],
			"to": [8.90176, 12.06734, 0.25],
			"rotation": {"angle": 0, "axis": "z", "origin": [13.35176, 9.06734, 8.25]},
			"faces": {
				"north": {"uv": [0, 0, 14.832, 1.848], "texture": "#0"},
				"east": {"uv": [0, 0, 14.832, 1.848], "texture": "#0"},
				"south": {"uv": [0, 0, 14.832, 1.848], "texture": "#0"},
				"west": {"uv": [0, 0, 14.832, 1.848], "texture": "#0"},
				"up": {"uv": [0, 0, 14.832, 1.848], "texture": "#0"},
				"down": {"uv": [0, 0, 14.832, 1.848], "texture": "#0"}
			}
		},
		{
			"from": [7.04824, 6.18266, 0],
			"to": [8.90176, 6.41363, 0.25],
			"rotation": {"angle": 0, "axis": "z", "origin": [13.35176, 3.41363, 8.25]},
			"faces": {
				"north": {"uv": [0, 0, 14.832, 1.848], "texture": "#0"},
				"east": {"uv": [0, 0, 14.832, 1.848], "texture": "#0"},
				"south": {"uv": [0, 0, 14.832, 1.848], "texture": "#0"},
				"west": {"uv": [0, 0, 14.832, 1.848], "texture": "#0"},
				"up": {"uv": [0, 0, 14.832, 1.848], "texture": "#0"},
				"down": {"uv": [0, 0, 14.832, 1.848], "texture": "#0"}
			}
		},
		{
			"from": [10.5802, 10.5, 0.73008],
			"to": [10.8302, 10.75, 1.73008],
			"rotation": {"angle": 45, "axis": "y", "origin": [8.8302, 18.5, 6.73008]},
			"faces": {
				"north": {"uv": [1.504, 2.752, 3.504, 10.752], "texture": "#0"},
				"east": {"uv": [1.504, 2.752, 3.504, 10.752], "texture": "#0"},
				"south": {"uv": [1.504, 2.752, 3.504, 10.752], "texture": "#0"},
				"west": {"uv": [1.504, 2.752, 3.504, 10.752], "rotation": 90, "texture": "#0"},
				"up": {"uv": [1.504, 2.752, 3.504, 10.752], "texture": "#0"},
				"down": {"uv": [1.504, 2.752, 3.504, 10.752], "texture": "#0"}
			}
		},
		{
			"from": [10.5802, 9, 0.73008],
			"to": [10.8302, 9.25, 1.73008],
			"rotation": {"angle": 45, "axis": "y", "origin": [8.8302, 17, 6.73008]},
			"faces": {
				"north": {"uv": [1.504, 2.752, 3.504, 10.752], "texture": "#0"},
				"east": {"uv": [1.504, 2.752, 3.504, 10.752], "texture": "#0"},
				"south": {"uv": [1.504, 2.752, 3.504, 10.752], "texture": "#0"},
				"west": {"uv": [1.504, 2.752, 3.504, 10.752], "rotation": 90, "texture": "#0"},
				"up": {"uv": [1.504, 2.752, 3.504, 10.752], "texture": "#0"},
				"down": {"uv": [1.504, 2.752, 3.504, 10.752], "texture": "#0"}
			}
		},
		{
			"from": [10.5802, 7.5, 0.73008],
			"to": [10.8302, 7.75, 1.73008],
			"rotation": {"angle": 45, "axis": "y", "origin": [8.8302, 15.5, 6.73008]},
			"faces": {
				"north": {"uv": [1.504, 2.752, 3.504, 10.752], "texture": "#0"},
				"east": {"uv": [1.504, 2.752, 3.504, 10.752], "texture": "#0"},
				"south": {"uv": [1.504, 2.752, 3.504, 10.752], "texture": "#0"},
				"west": {"uv": [1.504, 2.752, 3.504, 10.752], "rotation": 90, "texture": "#0"},
				"up": {"uv": [1.504, 2.752, 3.504, 10.752], "texture": "#0"},
				"down": {"uv": [1.504, 2.752, 3.504, 10.752], "texture": "#0"}
			}
		},
		{
			"from": [6.21815, 9, -1.92157],
			"to": [6.46815, 9.25, -0.92157],
			"rotation": {"angle": -45, "axis": "y", "origin": [4.46815, 17, 4.07843]},
			"faces": {
				"north": {"uv": [8, 0, 16, 2], "texture": "#0"},
				"east": {"uv": [8, 0, 16, 2], "texture": "#0"},
				"south": {"uv": [8, 0, 16, 2], "texture": "#0"},
				"west": {"uv": [8, 0, 16, 2], "texture": "#0"},
				"up": {"uv": [8, 0, 16, 2], "rotation": 90, "texture": "#0"},
				"down": {"uv": [8, 0, 16, 2], "rotation": 90, "texture": "#0"}
			}
		},
		{
			"from": [6.21815, 7.5, -1.92157],
			"to": [6.46815, 7.75, -0.92157],
			"rotation": {"angle": -45, "axis": "y", "origin": [4.46815, 15.5, 4.07843]},
			"faces": {
				"north": {"uv": [8, 0, 16, 2], "texture": "#0"},
				"east": {"uv": [8, 0, 16, 2], "texture": "#0"},
				"south": {"uv": [8, 0, 16, 2], "texture": "#0"},
				"west": {"uv": [8, 0, 16, 2], "texture": "#0"},
				"up": {"uv": [8, 0, 16, 2], "rotation": 90, "texture": "#0"},
				"down": {"uv": [8, 0, 16, 2], "rotation": 90, "texture": "#0"}
			}
		},
		{
			"from": [6.21815, 10.5, -1.92157],
			"to": [6.46815, 10.75, -0.92157],
			"rotation": {"angle": -45, "axis": "y", "origin": [4.46815, 18.5, 4.07843]},
			"faces": {
				"north": {"uv": [8, 0, 16, 2], "texture": "#0"},
				"east": {"uv": [8, 0, 16, 2], "texture": "#0"},
				"south": {"uv": [8, 0, 16, 2], "texture": "#0"},
				"west": {"uv": [8, 0, 16, 2], "texture": "#0"},
				"up": {"uv": [8, 0, 16, 2], "rotation": 90, "texture": "#0"},
				"down": {"uv": [8, 0, 16, 2], "rotation": 90, "texture": "#0"}
			}
		},
		{
			"from": [8.35925, 9, 4.15545],
			"to": [9.10925, 9.25, 4.40545],
			"rotation": {"angle": 22.5, "axis": "y", "origin": [3.10925, 17, 2.40545]},
			"faces": {
				"north": {"uv": [0, 0, 6, 2], "texture": "#0"},
				"east": {"uv": [0, 0, 6, 2], "texture": "#0"},
				"south": {"uv": [0, 0, 6, 2], "texture": "#0"},
				"west": {"uv": [0, 0, 6, 2], "texture": "#0"},
				"up": {"uv": [0, 0, 6, 2], "texture": "#0"},
				"down": {"uv": [0, 0, 6, 2], "texture": "#0"}
			}
		},
		{
			"from": [8.35925, 7.5, 4.15545],
			"to": [9.10925, 7.75, 4.40545],
			"rotation": {"angle": 22.5, "axis": "y", "origin": [3.10925, 15.5, 2.40545]},
			"faces": {
				"north": {"uv": [0, 0, 6, 2], "texture": "#0"},
				"east": {"uv": [0, 0, 6, 2], "texture": "#0"},
				"south": {"uv": [0, 0, 6, 2], "texture": "#0"},
				"west": {"uv": [0, 0, 6, 2], "texture": "#0"},
				"up": {"uv": [0, 0, 6, 2], "texture": "#0"},
				"down": {"uv": [0, 0, 6, 2], "texture": "#0"}
			}
		},
		{
			"from": [8.35925, 10.5, 4.15545],
			"to": [9.10925, 10.75, 4.40545],
			"rotation": {"angle": 22.5, "axis": "y", "origin": [3.10925, 18.5, 2.40545]},
			"faces": {
				"north": {"uv": [0, 0, 6, 2], "texture": "#0"},
				"east": {"uv": [0, 0, 6, 2], "texture": "#0"},
				"south": {"uv": [0, 0, 6, 2], "texture": "#0"},
				"west": {"uv": [0, 0, 6, 2], "texture": "#0"},
				"up": {"uv": [0, 0, 6, 2], "texture": "#0"},
				"down": {"uv": [0, 0, 6, 2], "texture": "#0"}
			}
		},
		{
			"from": [7.22502, 7.5, 1.99412],
			"to": [8.72498, 7.75, 2.24412],
			"rotation": {"angle": 0, "axis": "y", "origin": [2.42498, 15.5, -0.75588]},
			"faces": {
				"north": {"uv": [2, 14, 14, 16], "texture": "#0"},
				"east": {"uv": [2, 14, 14, 16], "texture": "#0"},
				"south": {"uv": [2, 14, 14, 16], "texture": "#0"},
				"west": {"uv": [2, 14, 14, 16], "texture": "#0"},
				"up": {"uv": [2, 14, 14, 16], "texture": "#0"},
				"down": {"uv": [2, 14, 14, 16], "texture": "#0"}
			}
		},
		{
			"from": [7.47502, 9, 1.99412],
			"to": [8.47498, 9.25, 2.24412],
			"rotation": {"angle": 0, "axis": "y", "origin": [2.42498, 17, -0.75588]},
			"faces": {
				"north": {"uv": [0, 0, 10.75, 1.75], "texture": "#0"},
				"east": {"uv": [0, 0, 10.75, 1.75], "texture": "#0"},
				"south": {"uv": [0, 0, 7.75, 1.75], "texture": "#0"},
				"west": {"uv": [0, 0, 10.75, 1.75], "texture": "#0"},
				"up": {"uv": [0, 0, 10.75, 1.75], "texture": "#0"},
				"down": {"uv": [0, 0, 10.75, 1.75], "texture": "#0"}
			}
		},
		{
			"from": [7.22502, 10.5, 1.99412],
			"to": [8.72498, 10.75, 2.24412],
			"rotation": {"angle": 0, "axis": "y", "origin": [2.42498, 18.5, -0.75588]},
			"faces": {
				"north": {"uv": [2, 14, 14, 16], "texture": "#0"},
				"east": {"uv": [2, 14, 14, 16], "texture": "#0"},
				"south": {"uv": [2, 14, 14, 16], "texture": "#0"},
				"west": {"uv": [2, 14, 14, 16], "texture": "#0"},
				"up": {"uv": [2, 14, 14, 16], "texture": "#0"},
				"down": {"uv": [2, 14, 14, 16], "texture": "#0"}
			}
		},
		{
			"from": [7.62099, 10.5, 0.23294],
			"to": [8.37099, 10.75, 0.48294],
			"rotation": {"angle": -22.5, "axis": "y", "origin": [3.37099, 18.5, -1.51706]},
			"faces": {
				"north": {"uv": [10, 0, 16, 2], "texture": "#0"},
				"east": {"uv": [10, 0, 16, 2], "texture": "#0"},
				"south": {"uv": [10, 0, 16, 2], "texture": "#0"},
				"west": {"uv": [10, 0, 16, 2], "texture": "#0"},
				"up": {"uv": [10, 0, 16, 2], "texture": "#0"},
				"down": {"uv": [10, 0, 16, 2], "texture": "#0"}
			}
		},
		{
			"from": [7.62099, 9, 0.23294],
			"to": [8.37099, 9.25, 0.48294],
			"rotation": {"angle": -22.5, "axis": "y", "origin": [3.37099, 17, -1.51706]},
			"faces": {
				"north": {"uv": [10, 0, 16, 2], "texture": "#0"},
				"east": {"uv": [10, 0, 16, 2], "texture": "#0"},
				"south": {"uv": [10, 0, 16, 2], "texture": "#0"},
				"west": {"uv": [10, 0, 16, 2], "texture": "#0"},
				"up": {"uv": [10, 0, 16, 2], "texture": "#0"},
				"down": {"uv": [10, 0, 16, 2], "texture": "#0"}
			}
		},
		{
			"from": [7.62099, 7.5, 0.23294],
			"to": [8.37099, 7.75, 0.48294],
			"rotation": {"angle": -22.5, "axis": "y", "origin": [3.37099, 15.5, -1.51706]},
			"faces": {
				"north": {"uv": [10, 0, 16, 2], "texture": "#0"},
				"east": {"uv": [10, 0, 16, 2], "texture": "#0"},
				"south": {"uv": [10, 0, 16, 2], "texture": "#0"},
				"west": {"uv": [10, 0, 16, 2], "texture": "#0"},
				"up": {"uv": [10, 0, 16, 2], "texture": "#0"},
				"down": {"uv": [10, 0, 16, 2], "texture": "#0"}
			}
		},
		{
			"from": [5.7, 7.375, 0],
			"to": [6.2, 7.875, 0.35],
			"rotation": {"angle": 0, "axis": "y", "origin": [7.825, 15.25, 8]},
			"faces": {
				"north": {"uv": [0, 0, 4, 4], "texture": "#0"},
				"east": {"uv": [0, 0, 4, 4], "texture": "#0"},
				"south": {"uv": [0, 0, 4, 4], "texture": "#0"},
				"west": {"uv": [0, 0, 4, 4], "texture": "#0"},
				"up": {"uv": [0, 0, 4, 4], "texture": "#0"},
				"down": {"uv": [0, 0, 4, 4], "texture": "#0"}
			}
		},
		{
			"from": [5.7, 10.375, 0],
			"to": [6.2, 10.875, 0.35],
			"rotation": {"angle": 0, "axis": "y", "origin": [7.825, 18.25, 8]},
			"faces": {
				"north": {"uv": [0, 0, 4, 4], "texture": "#0"},
				"east": {"uv": [0, 0, 4, 4], "texture": "#0"},
				"south": {"uv": [0, 0, 4, 4], "texture": "#0"},
				"west": {"uv": [0, 0, 4, 4], "texture": "#0"},
				"up": {"uv": [0, 0, 4, 4], "texture": "#0"},
				"down": {"uv": [0, 0, 4, 4], "texture": "#0"}
			}
		},
		{
			"from": [9.75, 7.375, 0],
			"to": [10.25, 7.875, 0.35],
			"rotation": {"angle": 0, "axis": "y", "origin": [8.125, 15.25, 8]},
			"faces": {
				"north": {"uv": [0, 0, 4, 4], "texture": "#0"},
				"east": {"uv": [0, 0, 4, 4], "texture": "#0"},
				"south": {"uv": [0, 0, 4, 4], "texture": "#0"},
				"west": {"uv": [0, 0, 4, 4], "texture": "#0"},
				"up": {"uv": [0, 0, 4, 4], "texture": "#0"},
				"down": {"uv": [0, 0, 4, 4], "texture": "#0"}
			}
		},
		{
			"from": [9.75, 10.375, 0],
			"to": [10.25, 10.875, 0.35],
			"rotation": {"angle": 0, "axis": "y", "origin": [8.125, 18.25, 8]},
			"faces": {
				"north": {"uv": [0, 0, 4, 4], "texture": "#0"},
				"east": {"uv": [0, 0, 4, 4], "texture": "#0"},
				"south": {"uv": [0, 0, 4, 4], "texture": "#0"},
				"west": {"uv": [0, 0, 4, 4], "texture": "#0"},
				"up": {"uv": [0, 0, 4, 4], "texture": "#0"},
				"down": {"uv": [0, 0, 4, 4], "texture": "#0"}
			}
		},
		{
			"from": [6.92502, 6.80928, -0.02189],
			"to": [9.02498, 11.44072, 0.72811],
			"rotation": {"angle": 0, "axis": "y", "origin": [13.47502, 12.55928, 7.97811]},
			"faces": {
				"north": {"uv": [14, 14, 16, 16], "texture": "#0"},
				"east": {"uv": [14, 14, 16, 16], "texture": "#0"},
				"south": {"uv": [14, 14, 16, 16], "texture": "#0"},
				"west": {"uv": [14, 14, 16, 16], "texture": "#0"},
				"up": {"uv": [14, 14, 16, 16], "texture": "#0"},
				"down": {"uv": [14, 14, 16, 16], "texture": "#0"}
			}
		}
	]
}