{
	"credit": "Made with Blockbench",
	"ambientocclusion": false,
	"texture_size": [64, 64],
	"textures": {
		"0": "block/itemcrate_sheet",
		"particle": "block/itemcrate_sheet"
	},
	"elements": [
		{
			"from": [-16, 0.75, 11.5],
			"to": [4, 1.25, 12],
			"rotation": {"angle": 22.5, "axis": "y", "origin": [5, 8.25, 6]},
			"faces": {
				"north": {"uv": [15.8125, 15.6875, 15.96875, 15.84375], "rotation": 90, "texture": "#0"},
				"east": {"uv": [15.8125, 15.6875, 15.96875, 15.84375], "rotation": 90, "texture": "#0"},
				"south": {"uv": [0.03125, 10.96875, 0.21875, 15.90625], "rotation": 90, "texture": "#0"},
				"west": {"uv": [15.8125, 15.6875, 15.96875, 15.84375], "rotation": 90, "texture": "#0"},
				"up": {"uv": [9.125, 5.6875, 9.25, 10.6875], "rotation": 270, "texture": "#0"},
				"down": {"uv": [15.8125, 15.6875, 15.96875, 15.84375], "rotation": 180, "texture": "#0"}
			}
		},
		{
			"from": [3.5, 0.75, -7.5],
			"to": [4, 1.25, 11.5],
			"rotation": {"angle": 22.5, "axis": "y", "origin": [5, 8.25, 6]},
			"faces": {
				"north": {"uv": [0, 0, 5, 0.125], "texture": "#missing"},
				"east": {"uv": [8.78125, 5.65625, 8.90625, 10.5625], "rotation": 90, "texture": "#0"},
				"south": {"uv": [0, 0, 5, 0.125], "texture": "#missing"},
				"west": {"uv": [0, 0, 5, 0.125], "texture": "#missing"},
				"up": {"uv": [10.71875, 5.8125, 10.84375, 10.5625], "rotation": 180, "texture": "#0"},
				"down": {"uv": [11.0625, 10.375, 15.8125, 10.5], "rotation": 90, "texture": "#0"}
			}
		},
		{
			"from": [-15.5, 0.75, -7.5],
			"to": [3.5, 1.25, 11.5],
			"rotation": {"angle": 22.5, "axis": "y", "origin": [5, 8.25, 6]},
			"faces": {
				"north": {"uv": [0, 0, 5, 0.125], "texture": "#missing"},
				"east": {"uv": [8.78125, 5.65625, 8.90625, 10.5625], "rotation": 90, "texture": "#0"},
				"south": {"uv": [0, 0, 5, 0.125], "texture": "#missing"},
				"west": {"uv": [0, 0, 5, 0.125], "texture": "#missing"},
				"up": {"uv": [15.78125, 10.1875, 15.96875, 16], "rotation": 180, "texture": "#0"},
				"down": {"uv": [11.09375, 5.78125, 15.90625, 10.40625], "rotation": 90, "texture": "#0"}
			}
		},
		{
			"from": [-16, 0.75, -8],
			"to": [4, 1.25, -7.5],
			"rotation": {"angle": 22.5, "axis": "y", "origin": [5, 8.25, 6]},
			"faces": {
				"north": {"uv": [9.40625, 5.71875, 9.53125, 10.71875], "rotation": 90, "texture": "#0"},
				"east": {"uv": [15.8125, 10.75, 15.96875, 10.90625], "texture": "#0"},
				"south": {"uv": [0, 0, 5, 0.125], "texture": "#missing"},
				"west": {"uv": [9.40625, 10.6875, 9.53125, 10.8125], "rotation": 90, "texture": "#0"},
				"up": {"uv": [9.09375, 5.71875, 9.21875, 10.71875], "rotation": 270, "texture": "#0"},
				"down": {"uv": [15.71875, 5.625, 15.90625, 10.46875], "rotation": 90, "texture": "#0"}
			}
		},
		{
			"from": [-16, 0.75, -7.5],
			"to": [-15.5, 1.25, 11.5],
			"rotation": {"angle": 22.5, "axis": "y", "origin": [5, 8.25, 6]},
			"faces": {
				"north": {"uv": [0, 0, 5, 0.125], "texture": "#missing"},
				"east": {"uv": [0, 0, 5, 0.125], "texture": "#missing"},
				"south": {"uv": [0, 0, 5, 0.125], "texture": "#missing"},
				"west": {"uv": [9.4375, 5.625, 9.5625, 10.375], "rotation": 90, "texture": "#0"},
				"up": {"uv": [10.71875, 5.65625, 10.84375, 10.40625], "rotation": 180, "texture": "#0"},
				"down": {"uv": [11.0625, 10.375, 15.8125, 10.5], "rotation": 90, "texture": "#0"}
			}
		},
		{
			"from": [-13.5, 14.25, -8],
			"to": [1.5, 14.75, 12],
			"rotation": {"angle": 22.5, "axis": "y", "origin": [5, 8.25, 6]},
			"faces": {
				"north": {"uv": [10.0625, 5.625, 10.25, 10.6875], "rotation": 90, "texture": "#0"},
				"east": {"uv": [0, 0, 5, 0.125], "texture": "#missing"},
				"south": {"uv": [15.1875, 12.09375, 15.3125, 15.84375], "rotation": 270, "texture": "#0"},
				"west": {"uv": [0, 0, 5, 0.125], "texture": "#missing"},
				"up": {"uv": [4.125, 5.59375, 7.9375, 10.9375], "texture": "#0"},
				"down": {"uv": [0, 0.59375, 3.65625, 4.9375], "rotation": 270, "texture": "#0"}
			}
		},
		{
			"from": [-13.5, 14.75, 1.15],
			"to": [1.5, 14.95, 4],
			"rotation": {"angle": 22.5, "axis": "y", "origin": [5, 8.25, 6]},
			"faces": {
				"north": {"uv": [9, 11.09375, 9.08725, 15.875], "rotation": 90, "texture": "#0"},
				"east": {"uv": [8.375, 11.125, 9.33725, 15.90625], "texture": "#0"},
				"south": {"uv": [8.59375, 11.125, 8.681, 15.90625], "rotation": 90, "texture": "#0"},
				"west": {"uv": [8.375, 11.125, 9.33725, 15.90625], "texture": "#0"},
				"up": {"uv": [8.375, 11.125, 9.33725, 15.90625], "rotation": 270, "texture": "#0"},
				"down": {"uv": [8.375, 11.125, 9.33725, 15.90625], "rotation": 90, "texture": "#0"}
			}
		},
		{
			"from": [-16, 14.25, -8],
			"to": [-13.5, 15.2, 12],
			"rotation": {"angle": 22.5, "axis": "y", "origin": [5, 8.25, 6]},
			"faces": {
				"north": {"uv": [5.21875, 13.71875, 6.125, 14.01825], "texture": "#0"},
				"east": {"uv": [11.5, 10.65625, 11.73725, 15.65625], "rotation": 90, "texture": "#0"},
				"south": {"uv": [2.7685, 7.5625, 2.625, 8.21875], "rotation": 270, "texture": "#0"},
				"west": {"uv": [10.09375, 5.625, 10.2375, 10.90625], "rotation": 90, "texture": "#0"},
				"up": {"uv": [13.875, 10.65625, 14.65625, 15.90625], "rotation": 180, "texture": "#0"},
				"down": {"uv": [1.125, 11, 1.75, 15.9375], "rotation": 180, "texture": "#0"}
			}
		},
		{
			"from": [1.5, 14.25, -8],
			"to": [4, 15.2, 12],
			"rotation": {"angle": 22.5, "axis": "y", "origin": [5, 8.25, 6]},
			"faces": {
				"north": {"uv": [5.5, 12.96875, 6.125, 13.39975], "texture": "#0"},
				"east": {"uv": [2.53125, 11, 2.89975, 15.96875], "rotation": 90, "texture": "#0"},
				"south": {"uv": [6.28125, 13.875, 7.09375, 14.21225], "texture": "#0"},
				"west": {"uv": [10.5, 11.03125, 10.83725, 15.875], "rotation": 270, "texture": "#0"},
				"up": {"uv": [0.03125, 10.96875, 0.96875, 15.96875], "rotation": 180, "texture": "#0"},
				"down": {"uv": [11.09375, 5.90625, 15.9375, 6.59375], "rotation": 90, "texture": "#0"}
			}
		},
		{
			"from": [-16, 1.25, 9.75],
			"to": [-13.75, 14.25, 12],
			"rotation": {"angle": 22.5, "axis": "y", "origin": [5, 8.25, 6]},
			"faces": {
				"north": {"uv": [6.09375, 15.875, 5.25, 11.40625], "texture": "#0"},
				"east": {"uv": [1.09375, 11.0625, 1.6875, 15.906], "rotation": 180, "texture": "#0"},
				"south": {"uv": [2.125, 10.96875, 3.03125, 15.96875], "texture": "#0"},
				"west": {"uv": [1.0625, 10.96875, 2.03125, 15.96875], "rotation": 180, "texture": "#0"},
				"up": {"uv": [0, 0, 0.5625, 0.5625], "rotation": 270, "texture": "#missing"},
				"down": {"uv": [0, 0, 0.5625, 0.5625], "rotation": 90, "texture": "#missing"}
			}
		},
		{
			"from": [-16, 1.25, -8],
			"to": [-13.75, 14.25, -5.75],
			"rotation": {"angle": 22.5, "axis": "y", "origin": [5, 8.25, 6]},
			"faces": {
				"north": {"uv": [0.03125, 10.96875, 1, 15.9375], "rotation": 180, "texture": "#0"},
				"east": {"uv": [0.0625, 11, 0.96875, 15.65625], "rotation": 180, "texture": "#0"},
				"south": {"uv": [5.28125, 11.0625, 6.09375, 15.875], "texture": "#0"},
				"west": {"uv": [7.1875, 11.34375, 6.21875, 15.62475], "texture": "#0"},
				"up": {"uv": [0, 0, 0.5625, 0.5625], "rotation": 270, "texture": "#missing"},
				"down": {"uv": [0, 0, 0.5625, 0.5625], "rotation": 90, "texture": "#missing"}
			}
		},
		{
			"from": [1.75, 1.25, 9.75],
			"to": [4, 14.25, 12],
			"rotation": {"angle": 22.5, "axis": "y", "origin": [5, 8.25, 6]},
			"faces": {
				"north": {"uv": [2.03125, 11, 1.09375, 16], "texture": "#0"},
				"east": {"uv": [4.15625, 11, 5.125, 16], "texture": "#0"},
				"south": {"uv": [5.1875, 11, 6.15625, 16], "texture": "#0"},
				"west": {"uv": [11.03125, 10.875, 11.71875, 14.5], "texture": "#0"},
				"up": {"uv": [0, 0, 0.5625, 0.5625], "rotation": 270, "texture": "#missing"},
				"down": {"uv": [0, 0, 0.5625, 0.5625], "rotation": 90, "texture": "#missing"}
			}
		},
		{
			"from": [1.75, 1.25, -8],
			"to": [4, 14.25, -5.75],
			"rotation": {"angle": 22.5, "axis": "y", "origin": [5, 8.25, 6]},
			"faces": {
				"north": {"uv": [7.28125, 11, 8.25, 16], "rotation": 180, "texture": "#0"},
				"east": {"uv": [6.21875, 11, 7.1875, 16], "texture": "#0"},
				"south": {"uv": [3.125, 11, 4.0625, 16], "texture": "#0"},
				"west": {"uv": [3.125, 11, 4.09375, 16], "texture": "#0"},
				"up": {"uv": [0, 0, 0.5625, 0.5625], "rotation": 270, "texture": "#missing"},
				"down": {"uv": [0, 0, 0.5625, 0.5625], "rotation": 90, "texture": "#missing"}
			}
		},
		{
			"from": [-15.5, 1.25, -7.5],
			"to": [3.5, 14.25, 11.5],
			"rotation": {"angle": 22.5, "axis": "y", "origin": [5, 8.25, 6]},
			"faces": {
				"north": {"uv": [4.0625, 0.15625, 7.90625, 5.46875], "rotation": 90, "texture": "#0"},
				"east": {"uv": [12.125, 0.21875, 16, 5.46875], "rotation": 270, "texture": "#0"},
				"south": {"uv": [0, 0.15625, 3.875, 5.46875], "rotation": 270, "texture": "#0"},
				"west": {"uv": [8.0625, 0.125, 11.90625, 5.4375], "rotation": 90, "texture": "#0"},
				"up": {"uv": [0, 0, 16, 16], "rotation": 270, "texture": "#missing"},
				"down": {"uv": [0, 0, 16, 16], "rotation": 90, "texture": "#missing"}
			}
		},
		{
			"from": [0, 0, -8],
			"to": [3, 0.75, 12],
			"rotation": {"angle": 22.5, "axis": "y", "origin": [5, 8.25, 6]},
			"faces": {
				"north": {"uv": [1.28125, 5.5625, 1.53125, 6.78125], "rotation": 90, "texture": "#0"},
				"east": {"uv": [0.40625, 11, 0.65625, 15.875], "rotation": 90, "texture": "#0"},
				"south": {"uv": [0.9375, 5.59375, 1.21875, 6.78125], "rotation": 90, "texture": "#0"},
				"west": {"uv": [9.28125, 5.625, 9.09375, 10.875], "rotation": 90, "texture": "#0"},
				"up": {"uv": [0, 0, 5, 0.75], "rotation": 270, "texture": "#missing"},
				"down": {"uv": [11.09375, 5.875, 15.9375, 6.5625], "rotation": 90, "texture": "#0"}
			}
		},
		{
			"from": [-5, 0, -8],
			"to": [-2, 0.75, 12],
			"rotation": {"angle": 22.5, "axis": "y", "origin": [5, 8.25, 6]},
			"faces": {
				"north": {"uv": [1.28125, 5.59375, 1.5625, 6.78125], "rotation": 270, "texture": "#0"},
				"east": {"uv": [9.40625, 5.625, 9.59375, 10.90625], "rotation": 90, "texture": "#0"},
				"south": {"uv": [0.625, 5.59375, 0.875, 6.78125], "rotation": 90, "texture": "#0"},
				"west": {"uv": [9.40625, 5.65625, 9.5625, 10.90625], "rotation": 270, "texture": "#0"},
				"up": {"uv": [0, 0, 5, 0.75], "rotation": 270, "texture": "#missing"},
				"down": {"uv": [11.09375, 5.875, 15.9375, 6.5625], "rotation": 270, "texture": "#0"}
			}
		},
		{
			"from": [-10, 0, -8],
			"to": [-7, 0.75, 12],
			"rotation": {"angle": 22.5, "axis": "y", "origin": [5, 8.25, 6]},
			"faces": {
				"north": {"uv": [1.84375, 5.5625, 2.09375, 6.8125], "rotation": 90, "texture": "#0"},
				"east": {"uv": [9.25, 10.5, 9.0625, 5.625], "rotation": 90, "texture": "#0"},
				"south": {"uv": [0.34375, 5.59375, 0.5625, 6.78125], "rotation": 90, "texture": "#0"},
				"west": {"uv": [9.09375, 5.625, 9.25, 10.875], "rotation": 270, "texture": "#0"},
				"up": {"uv": [0, 0, 5, 0.75], "rotation": 270, "texture": "#missing"},
				"down": {"uv": [11.09375, 5.875, 15.9375, 6.5625], "rotation": 90, "texture": "#0"}
			}
		},
		{
			"from": [-15, 0, -8],
			"to": [-12, 0.75, 12],
			"rotation": {"angle": 22.5, "axis": "y", "origin": [5, 8.25, 6]},
			"faces": {
				"north": {"uv": [2.125, 5.625, 2.375, 6.78125], "rotation": 90, "texture": "#0"},
				"east": {"uv": [9.40625, 5.625, 9.59375, 10.625], "rotation": 90, "texture": "#0"},
				"south": {"uv": [0.03125, 5.59375, 0.28125, 6.78125], "rotation": 270, "texture": "#0"},
				"west": {"uv": [0.46875, 11, 0.71875, 15.84375], "rotation": 270, "texture": "#0"},
				"up": {"uv": [0, 0, 5, 0.75], "rotation": 270, "texture": "#missing"},
				"down": {"uv": [11.09375, 5.875, 15.9375, 6.5625], "rotation": 270, "texture": "#0"}
			}
		},
		{
			"from": [5, 10.75, 31.5],
			"to": [25, 11.25, 32],
			"rotation": {"angle": 22.5, "axis": "x", "origin": [5, 8.25, 6]},
			"faces": {
				"north": {"uv": [15.8125, 15.6875, 15.96875, 15.84375], "rotation": 90, "texture": "#0"},
				"east": {"uv": [15.8125, 15.6875, 15.96875, 15.84375], "rotation": 90, "texture": "#0"},
				"south": {"uv": [0.03125, 10.96875, 0.21875, 15.90625], "rotation": 90, "texture": "#0"},
				"west": {"uv": [15.8125, 15.6875, 15.96875, 15.84375], "rotation": 90, "texture": "#0"},
				"up": {"uv": [9.125, 5.6875, 9.25, 10.6875], "rotation": 270, "texture": "#0"},
				"down": {"uv": [15.8125, 15.6875, 15.96875, 15.84375], "rotation": 180, "texture": "#0"}
			}
		},
		{
			"from": [24.5, 10.75, 12.5],
			"to": [25, 11.25, 31.5],
			"rotation": {"angle": 22.5, "axis": "x", "origin": [5, 8.25, 6]},
			"faces": {
				"north": {"uv": [0, 0, 5, 0.125], "texture": "#missing"},
				"east": {"uv": [8.78125, 5.65625, 8.90625, 10.5625], "rotation": 90, "texture": "#0"},
				"south": {"uv": [0, 0, 5, 0.125], "texture": "#missing"},
				"west": {"uv": [0, 0, 5, 0.125], "texture": "#missing"},
				"up": {"uv": [10.71875, 5.8125, 10.84375, 10.5625], "rotation": 180, "texture": "#0"},
				"down": {"uv": [11.0625, 10.375, 15.8125, 10.5], "rotation": 90, "texture": "#0"}
			}
		},
		{
			"from": [5.5, 10.75, 12.5],
			"to": [24.5, 11.25, 31.5],
			"rotation": {"angle": 22.5, "axis": "x", "origin": [5, 8.25, 6]},
			"faces": {
				"north": {"uv": [0, 0, 5, 0.125], "texture": "#missing"},
				"east": {"uv": [8.78125, 5.65625, 8.90625, 10.5625], "rotation": 90, "texture": "#0"},
				"south": {"uv": [0, 0, 5, 0.125], "texture": "#missing"},
				"west": {"uv": [0, 0, 5, 0.125], "texture": "#missing"},
				"up": {"uv": [15.78125, 10.1875, 15.96875, 16], "rotation": 180, "texture": "#0"},
				"down": {"uv": [11.09375, 5.78125, 15.90625, 10.40625], "rotation": 90, "texture": "#0"}
			}
		},
		{
			"from": [5, 10.75, 12],
			"to": [25, 11.25, 12.5],
			"rotation": {"angle": 22.5, "axis": "x", "origin": [5, 8.25, 6]},
			"faces": {
				"north": {"uv": [9.40625, 5.71875, 9.53125, 10.71875], "rotation": 90, "texture": "#0"},
				"east": {"uv": [15.8125, 10.75, 15.96875, 10.90625], "texture": "#0"},
				"south": {"uv": [0, 0, 5, 0.125], "texture": "#missing"},
				"west": {"uv": [9.40625, 10.6875, 9.53125, 10.8125], "rotation": 90, "texture": "#0"},
				"up": {"uv": [9.09375, 5.71875, 9.21875, 10.71875], "rotation": 270, "texture": "#0"},
				"down": {"uv": [15.71875, 5.625, 15.90625, 10.46875], "rotation": 90, "texture": "#0"}
			}
		},
		{
			"from": [5, 10.75, 12.5],
			"to": [5.5, 11.25, 31.5],
			"rotation": {"angle": 22.5, "axis": "x", "origin": [5, 8.25, 6]},
			"faces": {
				"north": {"uv": [0, 0, 5, 0.125], "texture": "#missing"},
				"east": {"uv": [0, 0, 5, 0.125], "texture": "#missing"},
				"south": {"uv": [0, 0, 5, 0.125], "texture": "#missing"},
				"west": {"uv": [9.4375, 5.625, 9.5625, 10.375], "rotation": 90, "texture": "#0"},
				"up": {"uv": [10.71875, 5.65625, 10.84375, 10.40625], "rotation": 180, "texture": "#0"},
				"down": {"uv": [11.0625, 10.375, 15.8125, 10.5], "rotation": 90, "texture": "#0"}
			}
		},
		{
			"from": [7.5, 24.25, 12],
			"to": [22.5, 24.75, 32],
			"rotation": {"angle": 22.5, "axis": "x", "origin": [5, 8.25, 6]},
			"faces": {
				"north": {"uv": [10.0625, 5.625, 10.25, 10.6875], "rotation": 90, "texture": "#0"},
				"east": {"uv": [0, 0, 5, 0.125], "texture": "#missing"},
				"south": {"uv": [15.1875, 12.09375, 15.3125, 15.84375], "rotation": 270, "texture": "#0"},
				"west": {"uv": [0, 0, 5, 0.125], "texture": "#missing"},
				"up": {"uv": [4.125, 5.59375, 7.9375, 10.9375], "texture": "#0"},
				"down": {"uv": [0, 0.59375, 3.65625, 4.9375], "rotation": 270, "texture": "#0"}
			}
		},
		{
			"from": [7.5, 24.75, 21.15],
			"to": [22.5, 24.95, 24],
			"rotation": {"angle": 22.5, "axis": "x", "origin": [5, 8.25, 6]},
			"faces": {
				"north": {"uv": [9, 11.09375, 9.08725, 15.875], "rotation": 90, "texture": "#0"},
				"east": {"uv": [8.375, 11.125, 9.33725, 15.90625], "texture": "#0"},
				"south": {"uv": [8.59375, 11.125, 8.681, 15.90625], "rotation": 90, "texture": "#0"},
				"west": {"uv": [8.375, 11.125, 9.33725, 15.90625], "texture": "#0"},
				"up": {"uv": [8.375, 11.125, 9.33725, 15.90625], "rotation": 270, "texture": "#0"},
				"down": {"uv": [8.375, 11.125, 9.33725, 15.90625], "rotation": 90, "texture": "#0"}
			}
		},
		{
			"from": [5, 24.25, 12],
			"to": [7.5, 25.2, 32],
			"rotation": {"angle": 22.5, "axis": "x", "origin": [5, 8.25, 6]},
			"faces": {
				"north": {"uv": [5.21875, 13.71875, 6.125, 14.01825], "texture": "#0"},
				"east": {"uv": [11.5, 10.65625, 11.73725, 15.65625], "rotation": 90, "texture": "#0"},
				"south": {"uv": [2.7685, 7.5625, 2.625, 8.21875], "rotation": 270, "texture": "#0"},
				"west": {"uv": [10.09375, 5.625, 10.2375, 10.90625], "rotation": 90, "texture": "#0"},
				"up": {"uv": [13.875, 10.65625, 14.65625, 15.90625], "rotation": 180, "texture": "#0"},
				"down": {"uv": [1.125, 11, 1.75, 15.9375], "rotation": 180, "texture": "#0"}
			}
		},
		{
			"from": [22.5, 24.25, 12],
			"to": [25, 25.2, 32],
			"rotation": {"angle": 22.5, "axis": "x", "origin": [5, 8.25, 6]},
			"faces": {
				"north": {"uv": [5.5, 12.96875, 6.125, 13.39975], "texture": "#0"},
				"east": {"uv": [2.53125, 11, 2.89975, 15.96875], "rotation": 90, "texture": "#0"},
				"south": {"uv": [6.28125, 13.875, 7.09375, 14.21225], "texture": "#0"},
				"west": {"uv": [10.5, 11.03125, 10.83725, 15.875], "rotation": 270, "texture": "#0"},
				"up": {"uv": [0.03125, 10.96875, 0.96875, 15.96875], "rotation": 180, "texture": "#0"},
				"down": {"uv": [11.09375, 5.90625, 15.9375, 6.59375], "rotation": 90, "texture": "#0"}
			}
		},
		{
			"from": [5, 11.25, 29.75],
			"to": [7.25, 24.25, 32],
			"rotation": {"angle": 22.5, "axis": "x", "origin": [5, 8.25, 6]},
			"faces": {
				"north": {"uv": [6.09375, 15.875, 5.25, 11.40625], "texture": "#0"},
				"east": {"uv": [1.09375, 11.0625, 1.6875, 15.906], "rotation": 180, "texture": "#0"},
				"south": {"uv": [2.125, 10.96875, 3.03125, 15.96875], "texture": "#0"},
				"west": {"uv": [1.0625, 10.96875, 2.03125, 15.96875], "rotation": 180, "texture": "#0"},
				"up": {"uv": [0, 0, 0.5625, 0.5625], "rotation": 270, "texture": "#missing"},
				"down": {"uv": [0, 0, 0.5625, 0.5625], "rotation": 90, "texture": "#missing"}
			}
		},
		{
			"from": [5, 11.25, 12],
			"to": [7.25, 24.25, 14.25],
			"rotation": {"angle": 22.5, "axis": "x", "origin": [5, 8.25, 6]},
			"faces": {
				"north": {"uv": [0.03125, 10.96875, 1, 15.9375], "rotation": 180, "texture": "#0"},
				"east": {"uv": [0.0625, 11, 0.96875, 15.65625], "rotation": 180, "texture": "#0"},
				"south": {"uv": [5.28125, 11.0625, 6.09375, 15.875], "texture": "#0"},
				"west": {"uv": [7.1875, 11.34375, 6.21875, 15.62475], "texture": "#0"},
				"up": {"uv": [0, 0, 0.5625, 0.5625], "rotation": 270, "texture": "#missing"},
				"down": {"uv": [0, 0, 0.5625, 0.5625], "rotation": 90, "texture": "#missing"}
			}
		},
		{
			"from": [22.75, 11.25, 29.75],
			"to": [25, 24.25, 32],
			"rotation": {"angle": 22.5, "axis": "x", "origin": [5, 8.25, 6]},
			"faces": {
				"north": {"uv": [2.03125, 11, 1.09375, 16], "texture": "#0"},
				"east": {"uv": [4.15625, 11, 5.125, 16], "texture": "#0"},
				"south": {"uv": [5.1875, 11, 6.15625, 16], "texture": "#0"},
				"west": {"uv": [11.03125, 10.875, 11.71875, 14.5], "texture": "#0"},
				"up": {"uv": [0, 0, 0.5625, 0.5625], "rotation": 270, "texture": "#missing"},
				"down": {"uv": [0, 0, 0.5625, 0.5625], "rotation": 90, "texture": "#missing"}
			}
		},
		{
			"from": [22.75, 11.25, 12],
			"to": [25, 24.25, 14.25],
			"rotation": {"angle": 22.5, "axis": "x", "origin": [5, 8.25, 6]},
			"faces": {
				"north": {"uv": [7.28125, 11, 8.25, 16], "rotation": 180, "texture": "#0"},
				"east": {"uv": [6.21875, 11, 7.1875, 16], "texture": "#0"},
				"south": {"uv": [3.125, 11, 4.0625, 16], "texture": "#0"},
				"west": {"uv": [3.125, 11, 4.09375, 16], "texture": "#0"},
				"up": {"uv": [0, 0, 0.5625, 0.5625], "rotation": 270, "texture": "#missing"},
				"down": {"uv": [0, 0, 0.5625, 0.5625], "rotation": 90, "texture": "#missing"}
			}
		},
		{
			"from": [5.5, 11.25, 12.5],
			"to": [24.5, 24.25, 31.5],
			"rotation": {"angle": 22.5, "axis": "x", "origin": [5, 8.25, 6]},
			"faces": {
				"north": {"uv": [4.0625, 0.15625, 7.90625, 5.46875], "rotation": 90, "texture": "#0"},
				"east": {"uv": [12.125, 0.21875, 16, 5.46875], "rotation": 270, "texture": "#0"},
				"south": {"uv": [0, 0.15625, 3.875, 5.46875], "rotation": 270, "texture": "#0"},
				"west": {"uv": [8.0625, 0.125, 11.90625, 5.4375], "rotation": 90, "texture": "#0"},
				"up": {"uv": [0, 0, 16, 16], "rotation": 270, "texture": "#missing"},
				"down": {"uv": [0, 0, 16, 16], "rotation": 90, "texture": "#missing"}
			}
		},
		{
			"from": [21, 10, 12],
			"to": [24, 10.75, 32],
			"rotation": {"angle": 22.5, "axis": "x", "origin": [5, 8.25, 6]},
			"faces": {
				"north": {"uv": [1.28125, 5.5625, 1.53125, 6.78125], "rotation": 90, "texture": "#0"},
				"east": {"uv": [0.40625, 11, 0.65625, 15.875], "rotation": 90, "texture": "#0"},
				"south": {"uv": [0.9375, 5.59375, 1.21875, 6.78125], "rotation": 90, "texture": "#0"},
				"west": {"uv": [9.28125, 5.625, 9.09375, 10.875], "rotation": 90, "texture": "#0"},
				"up": {"uv": [0, 0, 5, 0.75], "rotation": 270, "texture": "#missing"},
				"down": {"uv": [11.09375, 5.875, 15.9375, 6.5625], "rotation": 90, "texture": "#0"}
			}
		},
		{
			"from": [16, 10, 12],
			"to": [19, 10.75, 32],
			"rotation": {"angle": 22.5, "axis": "x", "origin": [5, 8.25, 6]},
			"faces": {
				"north": {"uv": [1.28125, 5.59375, 1.5625, 6.78125], "rotation": 270, "texture": "#0"},
				"east": {"uv": [9.40625, 5.625, 9.59375, 10.90625], "rotation": 90, "texture": "#0"},
				"south": {"uv": [0.625, 5.59375, 0.875, 6.78125], "rotation": 90, "texture": "#0"},
				"west": {"uv": [9.40625, 5.65625, 9.5625, 10.90625], "rotation": 270, "texture": "#0"},
				"up": {"uv": [0, 0, 5, 0.75], "rotation": 270, "texture": "#missing"},
				"down": {"uv": [11.09375, 5.875, 15.9375, 6.5625], "rotation": 270, "texture": "#0"}
			}
		},
		{
			"from": [11, 10, 12],
			"to": [14, 10.75, 32],
			"rotation": {"angle": 22.5, "axis": "x", "origin": [5, 8.25, 6]},
			"faces": {
				"north": {"uv": [1.84375, 5.5625, 2.09375, 6.8125], "rotation": 90, "texture": "#0"},
				"east": {"uv": [9.25, 10.5, 9.0625, 5.625], "rotation": 90, "texture": "#0"},
				"south": {"uv": [0.34375, 5.59375, 0.5625, 6.78125], "rotation": 90, "texture": "#0"},
				"west": {"uv": [9.09375, 5.625, 9.25, 10.875], "rotation": 270, "texture": "#0"},
				"up": {"uv": [0, 0, 5, 0.75], "rotation": 270, "texture": "#missing"},
				"down": {"uv": [11.09375, 5.875, 15.9375, 6.5625], "rotation": 90, "texture": "#0"}
			}
		},
		{
			"from": [6, 10, 12],
			"to": [9, 10.75, 32],
			"rotation": {"angle": 22.5, "axis": "x", "origin": [5, 8.25, 6]},
			"faces": {
				"north": {"uv": [2.125, 5.625, 2.375, 6.78125], "rotation": 90, "texture": "#0"},
				"east": {"uv": [9.40625, 5.625, 9.59375, 10.625], "rotation": 90, "texture": "#0"},
				"south": {"uv": [0.03125, 5.59375, 0.28125, 6.78125], "rotation": 270, "texture": "#0"},
				"west": {"uv": [0.46875, 11, 0.71875, 15.84375], "rotation": 270, "texture": "#0"},
				"up": {"uv": [0, 0, 5, 0.75], "rotation": 270, "texture": "#missing"},
				"down": {"uv": [11.09375, 5.875, 15.9375, 6.5625], "rotation": 270, "texture": "#0"}
			}
		},
		{
			"from": [-8, 29.25, -8],
			"to": [12, 29.75, -7.5],
			"rotation": {"angle": -45, "axis": "y", "origin": [5, 39.25, 6]},
			"faces": {
				"north": {"uv": [0.03125, 10.96875, 0.21875, 15.90625], "rotation": 270, "texture": "#0"},
				"east": {"uv": [15.8125, 15.6875, 15.96875, 15.84375], "rotation": 270, "texture": "#0"},
				"west": {"uv": [15.8125, 15.6875, 15.96875, 15.84375], "rotation": 270, "texture": "#0"},
				"up": {"uv": [15.8125, 15.6875, 15.96875, 15.84375], "rotation": 180, "texture": "#0"},
				"down": {"uv": [9.125, 5.6875, 9.25, 10.6875], "rotation": 270, "texture": "#0"}
			}
		},
		{
			"from": [11.5, 29.25, -7.5],
			"to": [12, 29.75, 11.5],
			"rotation": {"angle": -45, "axis": "y", "origin": [5, 39.25, 6]},
			"faces": {
				"north": {"uv": [0, 0, 5, 0.125], "rotation": 180, "texture": "#missing"},
				"east": {"uv": [8.78125, 5.65625, 8.90625, 10.5625], "rotation": 270, "texture": "#0"},
				"south": {"uv": [0, 0, 5, 0.125], "rotation": 180, "texture": "#missing"},
				"up": {"uv": [11.0625, 10.375, 15.8125, 10.5], "rotation": 90, "texture": "#0"},
				"down": {"uv": [10.71875, 5.8125, 10.84375, 10.5625], "rotation": 180, "texture": "#0"}
			}
		},
		{
			"from": [-7.5, 29.25, -7.5],
			"to": [11.5, 29.75, 11.5],
			"rotation": {"angle": -45, "axis": "y", "origin": [5, 39.25, 6]},
			"faces": {
				"north": {"uv": [0, 0, 5, 0.125], "rotation": 180, "texture": "#missing"},
				"east": {"uv": [8.78125, 5.65625, 8.90625, 10.5625], "rotation": 270, "texture": "#0"},
				"south": {"uv": [0, 0, 5, 0.125], "rotation": 180, "texture": "#missing"},
				"west": {"uv": [0, 0, 5, 0.125], "rotation": 180, "texture": "#missing"},
				"up": {"uv": [11.09375, 5.78125, 15.90625, 10.40625], "rotation": 90, "texture": "#0"},
				"down": {"uv": [15.78125, 10.1875, 15.96875, 16], "rotation": 180, "texture": "#0"}
			}
		},
		{
			"from": [-8, 29.25, 11.5],
			"to": [12, 29.75, 12],
			"rotation": {"angle": -45, "axis": "y", "origin": [5, 39.25, 6]},
			"faces": {
				"east": {"uv": [15.8125, 10.75, 15.96875, 10.90625], "rotation": 180, "texture": "#0"},
				"south": {"uv": [9.40625, 5.71875, 9.53125, 10.71875], "rotation": 270, "texture": "#0"},
				"west": {"uv": [9.40625, 10.6875, 9.53125, 10.8125], "rotation": 270, "texture": "#0"},
				"up": {"uv": [15.71875, 5.625, 15.90625, 10.46875], "rotation": 90, "texture": "#0"},
				"down": {"uv": [9.09375, 5.71875, 9.21875, 10.71875], "rotation": 270, "texture": "#0"}
			}
		},
		{
			"from": [-8, 29.25, -7.5],
			"to": [-7.5, 29.75, 11.5],
			"rotation": {"angle": -45, "axis": "y", "origin": [5, 39.25, 6]},
			"faces": {
				"north": {"uv": [0, 0, 5, 0.125], "rotation": 180, "texture": "#missing"},
				"south": {"uv": [0, 0, 5, 0.125], "rotation": 180, "texture": "#missing"},
				"west": {"uv": [9.4375, 5.625, 9.5625, 10.375], "rotation": 270, "texture": "#0"},
				"up": {"uv": [11.0625, 10.375, 15.8125, 10.5], "rotation": 90, "texture": "#0"},
				"down": {"uv": [10.71875, 5.65625, 10.84375, 10.40625], "rotation": 180, "texture": "#0"}
			}
		},
		{
			"from": [-5.5, 15.75, -8],
			"to": [9.5, 16.25, 12],
			"rotation": {"angle": -45, "axis": "y", "origin": [5, 39.25, 6]},
			"faces": {
				"north": {"uv": [15.1875, 12.09375, 15.3125, 15.84375], "rotation": 90, "texture": "#0"},
				"east": {"uv": [0, 0, 5, 0.125], "rotation": 180, "texture": "#missing"},
				"south": {"uv": [10.0625, 5.625, 10.25, 10.6875], "rotation": 270, "texture": "#0"},
				"west": {"uv": [0, 0, 5, 0.125], "rotation": 180, "texture": "#missing"},
				"up": {"uv": [0, 0.59375, 3.65625, 4.9375], "rotation": 270, "texture": "#0"},
				"down": {"uv": [4.125, 5.59375, 7.9375, 10.9375], "texture": "#0"}
			}
		},
		{
			"from": [-5.5, 15.55, 0],
			"to": [9.5, 15.75, 2.85],
			"rotation": {"angle": -45, "axis": "y", "origin": [5, 39.25, 6]},
			"faces": {
				"north": {"uv": [8.59375, 11.125, 8.681, 15.90625], "rotation": 270, "texture": "#0"},
				"east": {"uv": [8.375, 11.125, 9.33725, 15.90625], "rotation": 180, "texture": "#0"},
				"south": {"uv": [9, 11.09375, 9.08725, 15.875], "rotation": 270, "texture": "#0"},
				"west": {"uv": [8.375, 11.125, 9.33725, 15.90625], "rotation": 180, "texture": "#0"},
				"up": {"uv": [8.375, 11.125, 9.33725, 15.90625], "rotation": 90, "texture": "#0"},
				"down": {"uv": [8.375, 11.125, 9.33725, 15.90625], "rotation": 270, "texture": "#0"}
			}
		},
		{
			"from": [-8, 15.3, -8],
			"to": [-5.5, 16.25, 12],
			"rotation": {"angle": -45, "axis": "y", "origin": [5, 39.25, 6]},
			"faces": {
				"north": {"uv": [2.7685, 7.5625, 2.625, 8.21875], "rotation": 90, "texture": "#0"},
				"east": {"uv": [11.5, 10.65625, 11.73725, 15.65625], "rotation": 270, "texture": "#0"},
				"south": {"uv": [5.21875, 13.71875, 6.125, 14.01825], "rotation": 180, "texture": "#0"},
				"west": {"uv": [10.09375, 5.625, 10.2375, 10.90625], "rotation": 270, "texture": "#0"},
				"up": {"uv": [1.125, 11, 1.75, 15.9375], "rotation": 180, "texture": "#0"},
				"down": {"uv": [13.875, 10.65625, 14.65625, 15.90625], "rotation": 180, "texture": "#0"}
			}
		},
		{
			"from": [9.5, 15.3, -8],
			"to": [12, 16.25, 12],
			"rotation": {"angle": -45, "axis": "y", "origin": [5, 39.25, 6]},
			"faces": {
				"north": {"uv": [6.28125, 13.875, 7.09375, 14.21225], "rotation": 180, "texture": "#0"},
				"east": {"uv": [2.53125, 11, 2.89975, 15.96875], "rotation": 270, "texture": "#0"},
				"south": {"uv": [5.5, 12.96875, 6.125, 13.39975], "rotation": 180, "texture": "#0"},
				"west": {"uv": [10.5, 11.03125, 10.83725, 15.875], "rotation": 90, "texture": "#0"},
				"up": {"uv": [11.09375, 5.90625, 15.9375, 6.59375], "rotation": 90, "texture": "#0"},
				"down": {"uv": [0.03125, 10.96875, 0.96875, 15.96875], "rotation": 180, "texture": "#0"}
			}
		},
		{
			"from": [-8, 16.25, -8],
			"to": [-5.75, 29.25, -5.75],
			"rotation": {"angle": -45, "axis": "y", "origin": [5, 39.25, 6]},
			"faces": {
				"north": {"uv": [2.125, 10.96875, 3.03125, 15.96875], "rotation": 180, "texture": "#0"},
				"east": {"uv": [1.09375, 11.0625, 1.6875, 15.906], "texture": "#0"},
				"south": {"uv": [6.09375, 15.875, 5.25, 11.40625], "rotation": 180, "texture": "#0"},
				"west": {"uv": [1.0625, 10.96875, 2.03125, 15.96875], "texture": "#0"},
				"down": {"uv": [0, 0, 0.5625, 0.5625], "rotation": 270, "texture": "#missing"}
			}
		},
		{
			"from": [-8, 16.25, 9.75],
			"to": [-5.75, 29.25, 12],
			"rotation": {"angle": -45, "axis": "y", "origin": [5, 39.25, 6]},
			"faces": {
				"north": {"uv": [5.28125, 11.0625, 6.09375, 15.875], "rotation": 180, "texture": "#0"},
				"east": {"uv": [0.0625, 11, 0.96875, 15.65625], "texture": "#0"},
				"south": {"uv": [0.03125, 10.96875, 1, 15.9375], "texture": "#0"},
				"west": {"uv": [7.1875, 11.34375, 6.21875, 15.62475], "rotation": 180, "texture": "#0"},
				"down": {"uv": [0, 0, 0.5625, 0.5625], "rotation": 270, "texture": "#missing"}
			}
		},
		{
			"from": [9.75, 16.25, -8],
			"to": [12, 29.25, -5.75],
			"rotation": {"angle": -45, "axis": "y", "origin": [5, 39.25, 6]},
			"faces": {
				"north": {"uv": [5.1875, 11, 6.15625, 16], "rotation": 180, "texture": "#0"},
				"east": {"uv": [4.15625, 11, 5.125, 16], "rotation": 180, "texture": "#0"},
				"south": {"uv": [2.03125, 11, 1.09375, 16], "rotation": 180, "texture": "#0"},
				"west": {"uv": [11.03125, 10.875, 11.71875, 14.5], "rotation": 180, "texture": "#0"},
				"down": {"uv": [0, 0, 0.5625, 0.5625], "rotation": 270, "texture": "#missing"}
			}
		},
		{
			"from": [9.75, 16.25, 9.75],
			"to": [12, 29.25, 12],
			"rotation": {"angle": -45, "axis": "y", "origin": [5, 39.25, 6]},
			"faces": {
				"north": {"uv": [3.125, 11, 4.0625, 16], "rotation": 180, "texture": "#0"},
				"east": {"uv": [6.21875, 11, 7.1875, 16], "rotation": 180, "texture": "#0"},
				"south": {"uv": [7.28125, 11, 8.25, 16], "texture": "#0"},
				"west": {"uv": [3.125, 11, 4.09375, 16], "rotation": 180, "texture": "#0"},
				"down": {"uv": [0, 0, 0.5625, 0.5625], "rotation": 270, "texture": "#missing"}
			}
		},
		{
			"from": [-7.5, 16.25, -7.5],
			"to": [11.5, 29.25, 11.5],
			"rotation": {"angle": -45, "axis": "y", "origin": [5, 39.25, 6]},
			"faces": {
				"north": {"uv": [0, 0.15625, 3.875, 5.46875], "rotation": 90, "texture": "#0"},
				"east": {"uv": [12.125, 0.21875, 16, 5.46875], "rotation": 90, "texture": "#0"},
				"south": {"uv": [4.0625, 0.15625, 7.90625, 5.46875], "rotation": 270, "texture": "#0"},
				"west": {"uv": [8.0625, 0.125, 11.90625, 5.4375], "rotation": 270, "texture": "#0"},
				"down": {"uv": [0, 0, 16, 16], "rotation": 270, "texture": "#missing"}
			}
		},
		{
			"from": [8, 29.75, -8],
			"to": [11, 30.5, 12],
			"rotation": {"angle": -45, "axis": "y", "origin": [5, 39.25, 6]},
			"faces": {
				"north": {"uv": [0.9375, 5.59375, 1.21875, 6.78125], "rotation": 270, "texture": "#0"},
				"east": {"uv": [0.40625, 11, 0.65625, 15.875], "rotation": 270, "texture": "#0"},
				"south": {"uv": [1.28125, 5.5625, 1.53125, 6.78125], "rotation": 270, "texture": "#0"},
				"west": {"uv": [9.28125, 5.625, 9.09375, 10.875], "rotation": 270, "texture": "#0"},
				"up": {"uv": [11.09375, 5.875, 15.9375, 6.5625], "rotation": 90, "texture": "#0"},
				"down": {"uv": [0, 0, 5, 0.75], "rotation": 270, "texture": "#missing"}
			}
		},
		{
			"from": [3, 29.75, -8],
			"to": [6, 30.5, 12],
			"rotation": {"angle": -45, "axis": "y", "origin": [5, 39.25, 6]},
			"faces": {
				"north": {"uv": [0.625, 5.59375, 0.875, 6.78125], "rotation": 270, "texture": "#0"},
				"east": {"uv": [9.40625, 5.625, 9.59375, 10.90625], "rotation": 270, "texture": "#0"},
				"south": {"uv": [1.28125, 5.59375, 1.5625, 6.78125], "rotation": 90, "texture": "#0"},
				"west": {"uv": [9.40625, 5.65625, 9.5625, 10.90625], "rotation": 90, "texture": "#0"},
				"up": {"uv": [11.09375, 5.875, 15.9375, 6.5625], "rotation": 270, "texture": "#0"},
				"down": {"uv": [0, 0, 5, 0.75], "rotation": 270, "texture": "#missing"}
			}
		},
		{
			"from": [-2, 29.75, -8],
			"to": [1, 30.5, 12],
			"rotation": {"angle": -45, "axis": "y", "origin": [5, 39.25, 6]},
			"faces": {
				"north": {"uv": [0.34375, 5.59375, 0.5625, 6.78125], "rotation": 270, "texture": "#0"},
				"east": {"uv": [9.25, 10.5, 9.0625, 5.625], "rotation": 270, "texture": "#0"},
				"south": {"uv": [1.84375, 5.5625, 2.09375, 6.8125], "rotation": 270, "texture": "#0"},
				"west": {"uv": [9.09375, 5.625, 9.25, 10.875], "rotation": 90, "texture": "#0"},
				"up": {"uv": [11.09375, 5.875, 15.9375, 6.5625], "rotation": 90, "texture": "#0"},
				"down": {"uv": [0, 0, 5, 0.75], "rotation": 270, "texture": "#missing"}
			}
		},
		{
			"from": [-7, 29.75, -8],
			"to": [-4, 30.5, 12],
			"rotation": {"angle": -45, "axis": "y", "origin": [5, 39.25, 6]},
			"faces": {
				"north": {"uv": [0.03125, 5.59375, 0.28125, 6.78125], "rotation": 90, "texture": "#0"},
				"east": {"uv": [9.40625, 5.625, 9.59375, 10.625], "rotation": 270, "texture": "#0"},
				"south": {"uv": [2.125, 5.625, 2.375, 6.78125], "rotation": 270, "texture": "#0"},
				"west": {"uv": [0.46875, 11, 0.71875, 15.84375], "rotation": 90, "texture": "#0"},
				"up": {"uv": [11.09375, 5.875, 15.9375, 6.5625], "rotation": 270, "texture": "#0"},
				"down": {"uv": [0, 0, 5, 0.75], "rotation": 270, "texture": "#missing"}
			}
		},
		{
			"from": [7, 0.75, -16],
			"to": [7.5, 1.25, 4],
			"rotation": {"angle": -22.5, "axis": "y", "origin": [5, 8.25, 6]},
			"faces": {
				"north": {"uv": [15.8125, 15.6875, 15.96875, 15.84375], "rotation": 90, "texture": "#0"},
				"east": {"uv": [15.8125, 15.6875, 15.96875, 15.84375], "rotation": 90, "texture": "#0"},
				"south": {"uv": [15.8125, 15.6875, 15.96875, 15.84375], "rotation": 90, "texture": "#0"},
				"west": {"uv": [0.03125, 10.96875, 0.21875, 15.90625], "rotation": 90, "texture": "#0"},
				"up": {"uv": [9.125, 5.6875, 9.25, 10.6875], "texture": "#0"},
				"down": {"uv": [15.8125, 15.6875, 15.96875, 15.84375], "rotation": 90, "texture": "#0"}
			}
		},
		{
			"from": [7.5, 0.75, 3.5],
			"to": [26.5, 1.25, 4],
			"rotation": {"angle": -22.5, "axis": "y", "origin": [5, 8.25, 6]},
			"faces": {
				"north": {"uv": [0, 0, 5, 0.125], "texture": "#missing"},
				"east": {"uv": [0, 0, 5, 0.125], "texture": "#missing"},
				"south": {"uv": [8.78125, 5.65625, 8.90625, 10.5625], "rotation": 90, "texture": "#0"},
				"west": {"uv": [0, 0, 5, 0.125], "texture": "#missing"},
				"up": {"uv": [10.71875, 5.8125, 10.84375, 10.5625], "rotation": 270, "texture": "#0"},
				"down": {"uv": [11.0625, 10.375, 15.8125, 10.5], "texture": "#0"}
			}
		},
		{
			"from": [7.5, 0.75, -15.5],
			"to": [26.5, 1.25, 3.5],
			"rotation": {"angle": -22.5, "axis": "y", "origin": [5, 8.25, 6]},
			"faces": {
				"north": {"uv": [0, 0, 5, 0.125], "texture": "#missing"},
				"east": {"uv": [0, 0, 5, 0.125], "texture": "#missing"},
				"south": {"uv": [8.78125, 5.65625, 8.90625, 10.5625], "rotation": 90, "texture": "#0"},
				"west": {"uv": [0, 0, 5, 0.125], "texture": "#missing"},
				"up": {"uv": [15.78125, 10.1875, 15.96875, 16], "rotation": 270, "texture": "#0"},
				"down": {"uv": [11.09375, 5.78125, 15.90625, 10.40625], "texture": "#0"}
			}
		},
		{
			"from": [26.5, 0.75, -16],
			"to": [27, 1.25, 4],
			"rotation": {"angle": -22.5, "axis": "y", "origin": [5, 8.25, 6]},
			"faces": {
				"north": {"uv": [9.40625, 10.6875, 9.53125, 10.8125], "rotation": 90, "texture": "#0"},
				"east": {"uv": [9.40625, 5.71875, 9.53125, 10.71875], "rotation": 90, "texture": "#0"},
				"south": {"uv": [15.8125, 10.75, 15.96875, 10.90625], "texture": "#0"},
				"west": {"uv": [0, 0, 5, 0.125], "texture": "#missing"},
				"up": {"uv": [9.09375, 5.71875, 9.21875, 10.71875], "texture": "#0"},
				"down": {"uv": [15.71875, 5.625, 15.90625, 10.46875], "texture": "#0"}
			}
		},
		{
			"from": [7.5, 0.75, -16],
			"to": [26.5, 1.25, -15.5],
			"rotation": {"angle": -22.5, "axis": "y", "origin": [5, 8.25, 6]},
			"faces": {
				"north": {"uv": [9.4375, 5.625, 9.5625, 10.375], "rotation": 90, "texture": "#0"},
				"east": {"uv": [0, 0, 5, 0.125], "texture": "#missing"},
				"south": {"uv": [0, 0, 5, 0.125], "texture": "#missing"},
				"west": {"uv": [0, 0, 5, 0.125], "texture": "#missing"},
				"up": {"uv": [10.71875, 5.65625, 10.84375, 10.40625], "rotation": 270, "texture": "#0"},
				"down": {"uv": [11.0625, 10.375, 15.8125, 10.5], "texture": "#0"}
			}
		},
		{
			"from": [7, 14.25, -13.5],
			"to": [27, 14.75, 1.5],
			"rotation": {"angle": -22.5, "axis": "y", "origin": [5, 8.25, 6]},
			"faces": {
				"north": {"uv": [0, 0, 5, 0.125], "texture": "#missing"},
				"east": {"uv": [10.0625, 5.625, 10.25, 10.6875], "rotation": 90, "texture": "#0"},
				"south": {"uv": [0, 0, 5, 0.125], "texture": "#missing"},
				"west": {"uv": [15.1875, 12.09375, 15.3125, 15.84375], "rotation": 270, "texture": "#0"},
				"up": {"uv": [4.125, 5.59375, 7.9375, 10.9375], "rotation": 90, "texture": "#0"},
				"down": {"uv": [0, 0.59375, 3.65625, 4.9375], "rotation": 180, "texture": "#0"}
			}
		},
		{
			"from": [15, 14.75, -13.5],
			"to": [17.85, 14.95, 1.5],
			"rotation": {"angle": -22.5, "axis": "y", "origin": [5, 8.25, 6]},
			"faces": {
				"north": {"uv": [8.375, 11.125, 9.33725, 15.90625], "texture": "#0"},
				"east": {"uv": [9, 11.09375, 9.08725, 15.875], "rotation": 90, "texture": "#0"},
				"south": {"uv": [8.375, 11.125, 9.33725, 15.90625], "texture": "#0"},
				"west": {"uv": [8.59375, 11.125, 8.681, 15.90625], "rotation": 90, "texture": "#0"},
				"up": {"uv": [8.375, 11.125, 9.33725, 15.90625], "texture": "#0"},
				"down": {"uv": [8.375, 11.125, 9.33725, 15.90625], "texture": "#0"}
			}
		},
		{
			"from": [7, 14.25, -16],
			"to": [27, 15.2, -13.5],
			"rotation": {"angle": -22.5, "axis": "y", "origin": [5, 8.25, 6]},
			"faces": {
				"north": {"uv": [10.09375, 5.625, 10.2375, 10.90625], "rotation": 90, "texture": "#0"},
				"east": {"uv": [5.21875, 13.71875, 6.125, 14.01825], "texture": "#0"},
				"south": {"uv": [11.5, 10.65625, 11.73725, 15.65625], "rotation": 90, "texture": "#0"},
				"west": {"uv": [2.7685, 7.5625, 2.625, 8.21875], "rotation": 270, "texture": "#0"},
				"up": {"uv": [13.875, 10.65625, 14.65625, 15.90625], "rotation": 270, "texture": "#0"},
				"down": {"uv": [1.125, 11, 1.75, 15.9375], "rotation": 90, "texture": "#0"}
			}
		},
		{
			"from": [7, 14.25, 1.5],
			"to": [27, 15.2, 4],
			"rotation": {"angle": -22.5, "axis": "y", "origin": [5, 8.25, 6]},
			"faces": {
				"north": {"uv": [10.5, 11.03125, 10.83725, 15.875], "rotation": 270, "texture": "#0"},
				"east": {"uv": [5.5, 12.96875, 6.125, 13.39975], "texture": "#0"},
				"south": {"uv": [2.53125, 11, 2.89975, 15.96875], "rotation": 90, "texture": "#0"},
				"west": {"uv": [6.28125, 13.875, 7.09375, 14.21225], "texture": "#0"},
				"up": {"uv": [0.03125, 10.96875, 0.96875, 15.96875], "rotation": 270, "texture": "#0"},
				"down": {"uv": [11.09375, 5.90625, 15.9375, 6.59375], "texture": "#0"}
			}
		},
		{
			"from": [7, 1.25, -16],
			"to": [9.25, 14.25, -13.75],
			"rotation": {"angle": -22.5, "axis": "y", "origin": [5, 8.25, 6]},
			"faces": {
				"north": {"uv": [1.0625, 10.96875, 2.03125, 15.96875], "rotation": 180, "texture": "#0"},
				"east": {"uv": [6.09375, 15.875, 5.25, 11.40625], "texture": "#0"},
				"south": {"uv": [1.09375, 11.0625, 1.6875, 15.906], "rotation": 180, "texture": "#0"},
				"west": {"uv": [2.125, 10.96875, 3.03125, 15.96875], "texture": "#0"},
				"up": {"uv": [0, 0, 0.5625, 0.5625], "texture": "#missing"},
				"down": {"uv": [0, 0, 0.5625, 0.5625], "texture": "#missing"}
			}
		},
		{
			"from": [24.75, 1.25, -16],
			"to": [27, 14.25, -13.75],
			"rotation": {"angle": -22.5, "axis": "y", "origin": [5, 8.25, 6]},
			"faces": {
				"north": {"uv": [7.1875, 11.34375, 6.21875, 15.62475], "texture": "#0"},
				"east": {"uv": [0.03125, 10.96875, 1, 15.9375], "rotation": 180, "texture": "#0"},
				"south": {"uv": [0.0625, 11, 0.96875, 15.65625], "rotation": 180, "texture": "#0"},
				"west": {"uv": [5.28125, 11.0625, 6.09375, 15.875], "texture": "#0"},
				"up": {"uv": [0, 0, 0.5625, 0.5625], "texture": "#missing"},
				"down": {"uv": [0, 0, 0.5625, 0.5625], "texture": "#missing"}
			}
		},
		{
			"from": [7, 1.25, 1.75],
			"to": [9.25, 14.25, 4],
			"rotation": {"angle": -22.5, "axis": "y", "origin": [5, 8.25, 6]},
			"faces": {
				"north": {"uv": [11.03125, 10.875, 11.71875, 14.5], "texture": "#0"},
				"east": {"uv": [2.03125, 11, 1.09375, 16], "texture": "#0"},
				"south": {"uv": [4.15625, 11, 5.125, 16], "texture": "#0"},
				"west": {"uv": [5.1875, 11, 6.15625, 16], "texture": "#0"},
				"up": {"uv": [0, 0, 0.5625, 0.5625], "texture": "#missing"},
				"down": {"uv": [0, 0, 0.5625, 0.5625], "texture": "#missing"}
			}
		},
		{
			"from": [24.75, 1.25, 1.75],
			"to": [27, 14.25, 4],
			"rotation": {"angle": -22.5, "axis": "y", "origin": [5, 8.25, 6]},
			"faces": {
				"north": {"uv": [3.125, 11, 4.09375, 16], "texture": "#0"},
				"east": {"uv": [7.28125, 11, 8.25, 16], "rotation": 180, "texture": "#0"},
				"south": {"uv": [6.21875, 11, 7.1875, 16], "texture": "#0"},
				"west": {"uv": [3.125, 11, 4.0625, 16], "texture": "#0"},
				"up": {"uv": [0, 0, 0.5625, 0.5625], "texture": "#missing"},
				"down": {"uv": [0, 0, 0.5625, 0.5625], "texture": "#missing"}
			}
		},
		{
			"from": [7.5, 1.25, -15.5],
			"to": [26.5, 14.25, 3.5],
			"rotation": {"angle": -22.5, "axis": "y", "origin": [5, 8.25, 6]},
			"faces": {
				"north": {"uv": [8.0625, 0.125, 11.90625, 5.4375], "rotation": 90, "texture": "#0"},
				"east": {"uv": [4.0625, 0.15625, 7.90625, 5.46875], "rotation": 90, "texture": "#0"},
				"south": {"uv": [12.125, 0.21875, 16, 5.46875], "rotation": 270, "texture": "#0"},
				"west": {"uv": [0, 0.15625, 3.875, 5.46875], "rotation": 270, "texture": "#0"},
				"up": {"uv": [0, 0, 16, 16], "texture": "#missing"},
				"down": {"uv": [0, 0, 16, 16], "texture": "#missing"}
			}
		},
		{
			"from": [7, 0, 0],
			"to": [27, 0.75, 3],
			"rotation": {"angle": -22.5, "axis": "y", "origin": [5, 8.25, 6]},
			"faces": {
				"north": {"uv": [9.28125, 5.625, 9.09375, 10.875], "rotation": 90, "texture": "#0"},
				"east": {"uv": [1.28125, 5.5625, 1.53125, 6.78125], "rotation": 90, "texture": "#0"},
				"south": {"uv": [0.40625, 11, 0.65625, 15.875], "rotation": 90, "texture": "#0"},
				"west": {"uv": [0.9375, 5.59375, 1.21875, 6.78125], "rotation": 90, "texture": "#0"},
				"up": {"uv": [0, 0, 5, 0.75], "texture": "#missing"},
				"down": {"uv": [11.09375, 5.875, 15.9375, 6.5625], "texture": "#0"}
			}
		},
		{
			"from": [7, 0, -5],
			"to": [27, 0.75, -2],
			"rotation": {"angle": -22.5, "axis": "y", "origin": [5, 8.25, 6]},
			"faces": {
				"north": {"uv": [9.40625, 5.65625, 9.5625, 10.90625], "rotation": 270, "texture": "#0"},
				"east": {"uv": [1.28125, 5.59375, 1.5625, 6.78125], "rotation": 270, "texture": "#0"},
				"south": {"uv": [9.40625, 5.625, 9.59375, 10.90625], "rotation": 90, "texture": "#0"},
				"west": {"uv": [0.625, 5.59375, 0.875, 6.78125], "rotation": 90, "texture": "#0"},
				"up": {"uv": [0, 0, 5, 0.75], "texture": "#missing"},
				"down": {"uv": [11.09375, 5.875, 15.9375, 6.5625], "rotation": 180, "texture": "#0"}
			}
		},
		{
			"from": [7, 0, -10],
			"to": [27, 0.75, -7],
			"rotation": {"angle": -22.5, "axis": "y", "origin": [5, 8.25, 6]},
			"faces": {
				"north": {"uv": [9.09375, 5.625, 9.25, 10.875], "rotation": 270, "texture": "#0"},
				"east": {"uv": [1.84375, 5.5625, 2.09375, 6.8125], "rotation": 90, "texture": "#0"},
				"south": {"uv": [9.25, 10.5, 9.0625, 5.625], "rotation": 90, "texture": "#0"},
				"west": {"uv": [0.34375, 5.59375, 0.5625, 6.78125], "rotation": 90, "texture": "#0"},
				"up": {"uv": [0, 0, 5, 0.75], "texture": "#missing"},
				"down": {"uv": [11.09375, 5.875, 15.9375, 6.5625], "texture": "#0"}
			}
		},
		{
			"from": [7, 0, -15],
			"to": [27, 0.75, -12],
			"rotation": {"angle": -22.5, "axis": "y", "origin": [5, 8.25, 6]},
			"faces": {
				"north": {"uv": [0.46875, 11, 0.71875, 15.84375], "rotation": 270, "texture": "#0"},
				"east": {"uv": [2.125, 5.625, 2.375, 6.78125], "rotation": 90, "texture": "#0"},
				"south": {"uv": [9.40625, 5.625, 9.59375, 10.625], "rotation": 90, "texture": "#0"},
				"west": {"uv": [0.03125, 5.59375, 0.28125, 6.78125], "rotation": 270, "texture": "#0"},
				"up": {"uv": [0, 0, 5, 0.75], "texture": "#missing"},
				"down": {"uv": [11.09375, 5.875, 15.9375, 6.5625], "rotation": 180, "texture": "#0"}
			}
		}
	],
	"groups": [
		{
			"name": "crate1",
			"origin": [14, 8.25, -2],
			"children": [0, 1, 2, 3, 4, 5, 6, 7, 8, 9, 10, 11, 12, 13, 14, 15, 16, 17]
		},
		{
			"name": "crate1",
			"origin": [14, 8.25, -2],
			"children": [18, 19, 20, 21, 22, 23, 24, 25, 26, 27, 28, 29, 30, 31, 32, 33, 34, 35]
		},
		{
			"name": "crate1",
			"origin": [14, 8.25, -2],
			"children": [36, 37, 38, 39, 40, 41, 42, 43, 44, 45, 46, 47, 48, 49, 50, 51, 52, 53]
		},
		{
			"name": "crate1",
			"origin": [14, 8.25, -2],
			"children": [54, 55, 56, 57, 58, 59, 60, 61, 62, 63, 64, 65, 66, 67, 68, 69, 70, 71]
		}
	]
}