{
	"credit": "Made with Blockbench",
	"ambientocclusion": false,
	"texture_size": [1024, 1024],
	"textures": {
		"0": "block/workspace/servers_sheet",
		"1": "block/workspace/servers_disp",
		"2": "block/workspace/security_sheet",
		"particle": "block/workspace/servers_sheet"
	},
	"elements": [
		{
			"from": [0, 15.5, 0],
			"to": [24, 16.25, 11.5],
			"rotation": {"angle": 0, "axis": "y", "origin": [6.5, 8, 8]},
			"faces": {
				"north": {"uv": [0.0625, 14.0625, 1.82813, 14.23438], "texture": "#0"},
				"south": {"uv": [0.0625, 14.0625, 1.82813, 14.23438], "texture": "#0"},
				"up": {"uv": [0.21875, 2.90625, 3.65625, 6.44531], "texture": "#0"},
				"down": {"uv": [0.21875, 2.90625, 3.65625, 6.44531], "texture": "#0"}
			}
		},
		{
			"from": [0, -3, 0],
			"to": [24, -2.25, 11.5],
			"rotation": {"angle": 0, "axis": "y", "origin": [6.5, 8, 8]},
			"faces": {
				"north": {"uv": [0.0625, 14.0625, 1.82813, 14.23438], "texture": "#0"},
				"south": {"uv": [0.0625, 14.0625, 1.82813, 14.23438], "texture": "#0"},
				"up": {"uv": [0.21875, 2.90625, 3.65625, 6.44531], "texture": "#0"},
				"down": {"uv": [0.21875, 2.90625, 3.65625, 6.44531], "texture": "#0"}
			}
		},
		{
			"from": [24, -16, 0],
			"to": [25, 31.9, 12],
			"rotation": {"angle": 0, "axis": "y", "origin": [6.5, 8, 6]},
			"faces": {
				"north": {"uv": [3.70313, 0, 3.9375, 7.64063], "rotation": 180, "texture": "#0"},
				"east": {"uv": [0.03125, 0, 3.95313, 7.64063], "texture": "#0"},
				"south": {"uv": [0.03125, 0, 0.39063, 7.64064], "rotation": 180, "texture": "#0"},
				"west": {"uv": [0.03125, 0, 3.95313, 7.64063], "texture": "#0"},
				"up": {"uv": [0.03125, 0.01563, 3.95313, 0.3125], "rotation": 90, "texture": "#0"},
				"down": {"uv": [0.03125, 7.32813, 3.95313, 7.64063], "rotation": 270, "texture": "#0"}
			}
		},
		{
			"from": [-12, -16, 0],
			"to": [-11, 31.9, 12],
			"rotation": {"angle": 0, "axis": "y", "origin": [6.5, 8, 6]},
			"faces": {
				"north": {"uv": [0.03125, 0, 0.39063, 7.64064], "rotation": 180, "texture": "#0"},
				"east": {"uv": [0.03125, 0, 3.95313, 7.64063], "texture": "#0"},
				"south": {"uv": [3.70313, 0, 3.9375, 7.64063], "rotation": 180, "texture": "#0"},
				"west": {"uv": [0.03125, 0, 3.95313, 7.64063], "texture": "#0"},
				"up": {"uv": [0.03125, 7.32813, 3.95313, 7.64063], "rotation": 90, "texture": "#0"},
				"down": {"uv": [0.03125, 0.01563, 3.95313, 0.3125], "rotation": 270, "texture": "#0"}
			}
		},
		{
			"from": [-11, -16, 0],
			"to": [24, -15, 12],
			"rotation": {"angle": 0, "axis": "y", "origin": [7.5, 8, 0.5]},
			"faces": {
				"north": {"uv": [3.67188, 0, 3.9375, 7.64063], "rotation": 270, "texture": "#0"},
				"south": {"uv": [3.67188, 0, 3.9375, 7.64063], "rotation": 270, "texture": "#0"},
				"up": {"uv": [3.95313, 0.3125, 0.03125, 7.32813], "rotation": 270, "texture": "#0"},
				"down": {"uv": [0.03125, 0.3125, 3.95313, 7.32813], "rotation": 270, "texture": "#0"}
			}
		},
		{
			"from": [25, 2.75, 1.75],
			"to": [25.25, 30, 10.25],
			"rotation": {"angle": 0, "axis": "y", "origin": [7, 8, 8]},
			"faces": {
				"north": {"uv": [7.8125, 0.07813, 7.92188, 8.31222], "texture": "#0"},
				"east": {"uv": [13.70313, 11.1875, 15.125, 15.48438], "texture": "#0"},
				"south": {"uv": [7.8125, 0.07813, 7.92188, 8.31222], "texture": "#0"},
				"west": {"uv": [7.8125, 0.07813, 7.92188, 8.31222], "texture": "#0"},
				"up": {"uv": [7.8125, 0.07813, 7.92188, 8.31222], "texture": "#0"},
				"down": {"uv": [7.8125, 0.07813, 7.92188, 8.31222], "texture": "#0"}
			}
		},
		{
			"from": [-11, 30.9, 0],
			"to": [24, 31.9, 12],
			"rotation": {"angle": 0, "axis": "y", "origin": [7.5, 8, 0.5]},
			"faces": {
				"north": {"uv": [3.67188, 0, 3.9375, 7.64063], "rotation": 270, "texture": "#0"},
				"south": {"uv": [3.67188, 0, 3.9375, 7.64063], "rotation": 270, "texture": "#0"},
				"up": {"uv": [0.03125, 0.3125, 3.95313, 7.32813], "rotation": 90, "texture": "#0"},
				"down": {"uv": [0.03125, 0.3125, 3.95313, 7.32813], "rotation": 90, "texture": "#0"}
			}
		},
		{
			"from": [-1, -15, 0.025],
			"to": [0, 31, 11.975],
			"rotation": {"angle": 0, "axis": "y", "origin": [7.5, 8, 0.5]},
			"faces": {
				"north": {"uv": [0.03125, 0, 0.39063, 7.64064], "rotation": 180, "texture": "#0"},
				"east": {"uv": [0.03125, 0, 3.95313, 7.64063], "rotation": 180, "texture": "#0"},
				"south": {"uv": [0.03125, 0, 0.39063, 7.64064], "rotation": 180, "texture": "#0"},
				"west": {"uv": [0.03125, 0, 3.95313, 7.64063], "rotation": 180, "texture": "#0"}
			}
		},
		{
			"from": [-11, -15, 1.5],
			"to": [-1, 24, 10.5],
			"rotation": {"angle": 0, "axis": "y", "origin": [7, 8, 8]},
			"faces": {
				"north": {"uv": [8.85938, 0.375, 11.04688, 9.26564], "texture": "#0"},
				"south": {"uv": [8.85938, 0.375, 11.04688, 9.26564], "texture": "#0"},
				"up": {"uv": [8.85938, 6.125, 11.04688, 7.375], "texture": "#0"}
			}
		},
		{
			"from": [-9.375, -1.225, 10.5],
			"to": [-2.85, 3.675, 10.525],
			"rotation": {"angle": 0, "axis": "y", "origin": [7, 8, 8]},
			"faces": {
				"east": {"uv": [0, 0, 0.0625, 0.0625], "texture": "#missing"},
				"south": {"uv": [0, 11.9375, 4.9375, 16], "texture": "#1"},
				"west": {"uv": [0, 0, 0.0625, 0.0625], "texture": "#missing"},
				"up": {"uv": [0, 0, 0.0625, 0.0625], "texture": "#missing"},
				"down": {"uv": [0, 0, 0.0625, 0.0625], "texture": "#missing"}
			}
		},
		{
			"from": [-9.375, 3.675, 10.5],
			"to": [-2.85, 5.025, 10.525],
			"rotation": {"angle": 0, "axis": "y", "origin": [7, 12.9, 6.975]},
			"faces": {
				"north": {"uv": [8.875, 0.07813, 11.03125, 0.71875], "texture": "#0"},
				"east": {"uv": [8.875, 0.07813, 11.03125, 0.71875], "texture": "#0"},
				"south": {"uv": [8.875, 0.07813, 11.03125, 0.71875], "texture": "#0"},
				"west": {"uv": [8.875, 0.07813, 11.03125, 0.71875], "texture": "#0"},
				"up": {"uv": [8.875, 0.07813, 11.03125, 0.71875], "texture": "#0"},
				"down": {"uv": [8.875, 0.07813, 11.03125, 0.71875], "texture": "#0"}
			}
		},
		{
			"from": [-9.375, 5.025, 10.5],
			"to": [-2.85, 9.925, 10.525],
			"rotation": {"angle": 0, "axis": "y", "origin": [7, 8, 8]},
			"faces": {
				"east": {"uv": [0, 0, 0.0625, 0.0625], "texture": "#missing"},
				"south": {"uv": [0, 8, 4.9375, 11.75], "texture": "#1"},
				"west": {"uv": [0, 0, 0.0625, 0.0625], "texture": "#missing"},
				"up": {"uv": [0, 0, 0.0625, 0.0625], "texture": "#missing"},
				"down": {"uv": [0, 0, 0.0625, 0.0625], "texture": "#missing"}
			}
		},
		{
			"from": [-9.375, 9.925, 10.5],
			"to": [-2.85, 11.325, 10.525],
			"rotation": {"angle": 0, "axis": "y", "origin": [7, 12.9, 8]},
			"faces": {
				"north": {"uv": [8.875, 0.07813, 11.03125, 0.71875], "texture": "#0"},
				"east": {"uv": [8.875, 0.07813, 11.03125, 0.71875], "texture": "#0"},
				"south": {"uv": [8.875, 0.07813, 11.03125, 0.71875], "texture": "#0"},
				"west": {"uv": [8.875, 0.07813, 11.03125, 0.71875], "texture": "#0"},
				"up": {"uv": [8.875, 0.07813, 11.03125, 0.71875], "texture": "#0"},
				"down": {"uv": [8.875, 0.07813, 11.03125, 0.71875], "texture": "#0"}
			}
		},
		{
			"from": [-9.375, 11.325, 10.5],
			"to": [-2.85, 16.225, 10.525],
			"rotation": {"angle": 0, "axis": "y", "origin": [7, 8, 8]},
			"faces": {
				"east": {"uv": [0, 0, 0.0625, 0.0625], "texture": "#missing"},
				"south": {"uv": [0, 4, 5, 8.0625], "texture": "#1"},
				"west": {"uv": [0, 0, 0.0625, 0.0625], "texture": "#missing"},
				"up": {"uv": [0, 0, 0.0625, 0.0625], "texture": "#missing"},
				"down": {"uv": [0, 0, 0.0625, 0.0625], "texture": "#missing"}
			}
		},
		{
			"from": [-9.375, 16.225, 10.5],
			"to": [-2.85, 17.625, 10.525],
			"rotation": {"angle": 0, "axis": "y", "origin": [7, 14.2, 8]},
			"faces": {
				"north": {"uv": [8.875, 0.07813, 11.03125, 0.71875], "texture": "#0"},
				"east": {"uv": [8.875, 0.07813, 11.03125, 0.71875], "texture": "#0"},
				"south": {"uv": [8.875, 0.07813, 11.03125, 0.71875], "texture": "#0"},
				"west": {"uv": [8.875, 0.07813, 11.03125, 0.71875], "texture": "#0"},
				"up": {"uv": [8.875, 0.07813, 11.03125, 0.71875], "texture": "#0"},
				"down": {"uv": [8.875, 0.07813, 11.03125, 0.71875], "texture": "#0"}
			}
		},
		{
			"from": [-9.375, 17.575, 10.5],
			"to": [-2.85, 22.475, 10.525],
			"rotation": {"angle": 0, "axis": "y", "origin": [7, 8, 8]},
			"faces": {
				"east": {"uv": [0, 0, 0.0625, 0.0625], "texture": "#missing"},
				"south": {"uv": [0, 0, 5, 4.0625], "texture": "#1"},
				"west": {"uv": [0, 0, 0.0625, 0.0625], "texture": "#missing"},
				"up": {"uv": [0, 0, 0.0625, 0.0625], "texture": "#missing"},
				"down": {"uv": [0, 0, 0.0625, 0.0625], "texture": "#missing"}
			}
		},
		{
			"from": [2.5, 19.03784, 7.53107],
			"to": [21.5, 29.36284, 7.53107],
			"rotation": {"angle": 22.5, "axis": "x", "origin": [12, 24.08784, 7.53107]},
			"faces": {
				"north": {"uv": [5.85938, 4.40625, 9.40236, 4.64063], "texture": "#2"},
				"east": {"uv": [0, 0, 0, 0.16406], "texture": "#missing"},
				"south": {"uv": [9.84375, 0.95313, 10.16406, 1.11719], "texture": "#0"},
				"west": {"uv": [0, 0, 0, 0.16406], "texture": "#missing"},
				"up": {"uv": [0, 0, 0.32031, 0], "texture": "#missing"},
				"down": {"uv": [0, 0, 0.32031, 0], "texture": "#missing"}
			}
		},
		{
			"from": [3.5, 16.1465, 4.74301],
			"to": [20.5, 19.1465, 5.74301],
			"rotation": {"angle": 0, "axis": "x", "origin": [12, 23.8965, 7.99301]},
			"faces": {
				"north": {"uv": [5.85938, 4.40625, 9.40236, 4.64063], "texture": "#2"},
				"east": {"uv": [5.85938, 4.40625, 9.40236, 4.64063], "texture": "#2"},
				"south": {"uv": [5.85938, 4.40625, 9.40236, 4.64063], "texture": "#2"},
				"west": {"uv": [5.85938, 4.40625, 9.40236, 4.64063], "texture": "#2"},
				"up": {"uv": [5.85938, 4.40625, 9.40236, 4.64063], "texture": "#2"},
				"down": {"uv": [5.85938, 4.40625, 9.40236, 4.64063], "texture": "#2"}
			}
		},
		{
			"from": [21.5, 17.3965, 7.49301],
			"to": [23.5, 30.3965, 8.49301],
			"rotation": {"angle": 22.5, "axis": "x", "origin": [33, 23.8965, 7.99301]},
			"faces": {
				"north": {"uv": [5.85938, 4.40625, 9.40236, 4.64063], "texture": "#2"},
				"east": {"uv": [5.85938, 4.40625, 9.40236, 4.64063], "texture": "#2"},
				"south": {"uv": [10.9375, 3.54688, 11.70313, 8.39063], "texture": "#2"},
				"west": {"uv": [5.85938, 4.40625, 9.40236, 4.64063], "texture": "#2"},
				"up": {"uv": [10.9375, 3.54688, 11.70313, 3.95313], "texture": "#2"},
				"down": {"uv": [5.85938, 4.40625, 9.40236, 4.64063], "texture": "#2"}
			}
		},
		{
			"from": [2.5, 28.72429, 9.74127],
			"to": [21.5, 29.94929, 10.74127],
			"rotation": {"angle": 22.5, "axis": "x", "origin": [12, 29.32429, 10.24127]},
			"faces": {
				"north": {"uv": [5.85938, 4.40625, 9.40236, 4.64063], "texture": "#2"},
				"east": {"uv": [0, 0, 0.01563, 0.01953], "texture": "#missing"},
				"south": {"uv": [5.28125, 3.54688, 10.9375, 4], "texture": "#2"},
				"west": {"uv": [0, 0, 0.01563, 0.01953], "texture": "#missing"},
				"up": {"uv": [5.28125, 3.54688, 10.9375, 3.95313], "texture": "#2"},
				"down": {"uv": [5.85938, 4.40625, 9.40236, 4.64063], "texture": "#2"}
			}
		},
		{
			"from": [0.5, 17.3965, 7.49301],
			"to": [2.5, 30.3965, 8.49301],
			"rotation": {"angle": 22.5, "axis": "x", "origin": [12, 23.8965, 7.99301]},
			"faces": {
				"north": {"uv": [5.85938, 4.40625, 9.40236, 4.64063], "texture": "#2"},
				"east": {"uv": [5.85938, 4.40625, 9.40236, 4.64063], "texture": "#2"},
				"south": {"uv": [4.51563, 3.54688, 5.28125, 8.39063], "texture": "#2"},
				"west": {"uv": [5.85938, 4.40625, 9.40236, 4.64063], "texture": "#2"},
				"up": {"uv": [4.51563, 3.54688, 5.28125, 3.95313], "texture": "#2"},
				"down": {"uv": [5.85938, 4.40625, 9.40236, 4.64063], "texture": "#2"}
			}
		},
		{
			"from": [2.5, 17.3965, 7.49301],
			"to": [21.5, 18.8465, 8.49301],
			"rotation": {"angle": 22.5, "axis": "x", "origin": [12, 23.8965, 7.99301]},
			"faces": {
				"north": {"uv": [5.85938, 4.40625, 9.40236, 4.64063], "texture": "#2"},
				"east": {"uv": [0, 0, 0.01563, 0.01953], "texture": "#missing"},
				"south": {"uv": [5.28125, 7.85078, 10.9375, 8.38984], "texture": "#2"},
				"west": {"uv": [0, 0, 0.01563, 0.01953], "texture": "#missing"},
				"up": {"uv": [5.85938, 4.40625, 9.40236, 4.64063], "texture": "#2"},
				"down": {"uv": [5.85938, 4.40625, 9.40236, 4.64063], "texture": "#2"}
			}
		},
		{
			"from": [3.875, 25.86008, 3.27405],
			"to": [4.975, 28.86008, 6.77405],
			"rotation": {"angle": 22.5, "axis": "x", "origin": [4.425, 23.43508, 7.39905]},
			"faces": {
				"north": {"uv": [8.4375, 9.0625, 8.95313, 9.4375], "rotation": 270, "texture": "#2"},
				"east": {"uv": [9.76563, 8.85938, 8.96875, 9.48438], "rotation": 180, "texture": "#2"},
				"south": {"uv": [8.4375, 9.0625, 8.95313, 9.4375], "rotation": 270, "texture": "#2"},
				"west": {"uv": [8.96875, 8.85938, 9.76563, 9.48438], "rotation": 180, "texture": "#2"},
				"up": {"uv": [8.4375, 9.0625, 8.95313, 9.4375], "rotation": 90, "texture": "#2"},
				"down": {"uv": [8.4375, 9.0625, 8.95313, 9.4375], "rotation": 90, "texture": "#2"}
			}
		},
		{
			"from": [3.875, 27.925, 7.85],
			"to": [4.975, 30.925, 11.35],
			"rotation": {"angle": 22.5, "axis": "x", "origin": [4.425, 28.5, 10.85]},
			"faces": {
				"north": {"uv": [8.4375, 9.0625, 8.95313, 9.4375], "rotation": 90, "texture": "#2"},
				"east": {"uv": [9.76563, 8.85938, 8.96875, 9.48438], "texture": "#2"},
				"south": {"uv": [8.4375, 9.0625, 8.95313, 9.4375], "rotation": 90, "texture": "#2"},
				"west": {"uv": [8.96875, 8.85938, 9.76563, 9.48438], "texture": "#2"},
				"up": {"uv": [8.4375, 9.0625, 8.95313, 9.4375], "rotation": 90, "texture": "#2"},
				"down": {"uv": [8.4375, 9.0625, 8.95313, 9.4375], "rotation": 90, "texture": "#2"}
			}
		},
		{
			"from": [3.875, 29.06223, 4.73274],
			"to": [4.975, 31.175, 6.88274],
			"rotation": {"angle": 22.5, "axis": "x", "origin": [4.425, 26.63723, 7.50774]},
			"faces": {
				"north": {"uv": [8.4375, 9.0625, 8.95313, 9.4375], "rotation": 270, "texture": "#2"},
				"east": {"uv": [9.76563, 8.85938, 8.96875, 9.48438], "texture": "#2"},
				"south": {"uv": [8.4375, 9.0625, 8.95313, 9.4375], "rotation": 270, "texture": "#2"},
				"west": {"uv": [8.96875, 8.85938, 9.76563, 9.48438], "texture": "#2"},
				"up": {"uv": [8.4375, 9.0625, 8.95313, 9.4375], "rotation": 90, "texture": "#2"},
				"down": {"uv": [8.4375, 9.0625, 8.95313, 9.4375], "rotation": 90, "texture": "#2"}
			}
		},
		{
			"from": [19.15, 25.86008, 3.27405],
			"to": [20.25, 28.86008, 6.77405],
			"rotation": {"angle": 22.5, "axis": "x", "origin": [4.425, 23.43508, 7.39905]},
			"faces": {
				"north": {"uv": [8.4375, 9.0625, 8.95313, 9.4375], "rotation": 270, "texture": "#2"},
				"east": {"uv": [9.76563, 8.85938, 8.96875, 9.48438], "rotation": 180, "texture": "#2"},
				"south": {"uv": [8.4375, 9.0625, 8.95313, 9.4375], "rotation": 270, "texture": "#2"},
				"west": {"uv": [8.96875, 8.85938, 9.76563, 9.48438], "rotation": 180, "texture": "#2"},
				"up": {"uv": [8.4375, 9.0625, 8.95313, 9.4375], "rotation": 90, "texture": "#2"},
				"down": {"uv": [8.4375, 9.0625, 8.95313, 9.4375], "rotation": 90, "texture": "#2"}
			}
		},
		{
			"from": [19.15, 27.925, 7.85],
			"to": [20.25, 30.925, 11.35],
			"rotation": {"angle": 22.5, "axis": "x", "origin": [4.425, 28.5, 10.85]},
			"faces": {
				"north": {"uv": [8.4375, 9.0625, 8.95313, 9.4375], "rotation": 90, "texture": "#2"},
				"east": {"uv": [9.76563, 8.85938, 8.96875, 9.48438], "texture": "#2"},
				"south": {"uv": [8.4375, 9.0625, 8.95313, 9.4375], "rotation": 90, "texture": "#2"},
				"west": {"uv": [8.96875, 8.85938, 9.76563, 9.48438], "texture": "#2"},
				"up": {"uv": [8.4375, 9.0625, 8.95313, 9.4375], "rotation": 90, "texture": "#2"},
				"down": {"uv": [8.4375, 9.0625, 8.95313, 9.4375], "rotation": 90, "texture": "#2"}
			}
		},
		{
			"from": [19.15, 29.06223, 4.73274],
			"to": [20.25, 31.175, 6.88274],
			"rotation": {"angle": 22.5, "axis": "x", "origin": [4.425, 26.63723, 7.50774]},
			"faces": {
				"north": {"uv": [8.4375, 9.0625, 8.95313, 9.4375], "rotation": 270, "texture": "#2"},
				"east": {"uv": [9.76563, 8.85938, 8.96875, 9.48438], "texture": "#2"},
				"south": {"uv": [8.4375, 9.0625, 8.95313, 9.4375], "rotation": 270, "texture": "#2"},
				"west": {"uv": [8.96875, 8.85938, 9.76563, 9.48438], "texture": "#2"},
				"up": {"uv": [8.4375, 9.0625, 8.95313, 9.4375], "rotation": 90, "texture": "#2"},
				"down": {"uv": [8.4375, 9.0625, 8.95313, 9.4375], "rotation": 90, "texture": "#2"}
			}
		},
		{
			"from": [23.35, 15.65, 11.825],
			"to": [24.85, 16.2, 12.325],
			"rotation": {"angle": 0, "axis": "z", "origin": [24.1, 15.925, 12.075]},
			"faces": {
				"north": {"uv": [8.4375, 9.0625, 8.95313, 9.4375], "rotation": 90, "texture": "#2"},
				"east": {"uv": [8.4375, 9.0625, 8.95313, 9.4375], "rotation": 90, "texture": "#2"},
				"south": {"uv": [8.4375, 9.0625, 8.95313, 9.4375], "rotation": 90, "texture": "#2"},
				"west": {"uv": [8.4375, 9.0625, 8.95313, 9.4375], "rotation": 90, "texture": "#2"},
				"up": {"uv": [8.4375, 9.0625, 8.95313, 9.4375], "rotation": 90, "texture": "#2"},
				"down": {"uv": [8.4375, 9.0625, 8.95313, 9.4375], "rotation": 90, "texture": "#2"}
			}
		},
		{
			"from": [22, 9, 12.075],
			"to": [26.5, 15.8, 12.075],
			"rotation": {"angle": 0, "axis": "z", "origin": [23.25, 12.4, 12.5]},
			"faces": {
				"north": {"uv": [0.4375, 3.4375, 0.51563, 3.8125], "texture": "#2"},
				"south": {"uv": [0.4375, 3.4375, 2, 5.95313], "texture": "#2"}
			}
		},
		{
			"from": [-7.36313, 24, 6.41761],
			"to": [-4.11313, 24.5, 9.16761],
			"rotation": {"angle": 22.5, "axis": "y", "origin": [-5.11313, 24.25, 7.41761]},
			"faces": {
				"north": {"uv": [10, 10, 10.01563, 10.01563], "texture": "#2"},
				"east": {"uv": [10, 10, 10.01563, 10.01563], "texture": "#2"},
				"south": {"uv": [10, 10, 10.01563, 10.01563], "texture": "#2"},
				"west": {"uv": [10, 10, 10.01563, 10.01563], "texture": "#2"}
			}
		},
		{
			"from": [-7.61313, 24.5, 6.16761],
			"to": [-3.86313, 28.25, 9.41761],
			"rotation": {"angle": 22.5, "axis": "y", "origin": [-5.11313, 24.25, 7.41761]},
			"faces": {
				"north": {"uv": [12.125, 13.46875, 12.29688, 13.5625], "rotation": 90, "texture": "#2"},
				"east": {"uv": [12.125, 13.46875, 12.29688, 13.5625], "rotation": 90, "texture": "#2"},
				"south": {"uv": [12.125, 12.32813, 13.39063, 13.5625], "texture": "#2"},
				"west": {"uv": [12.125, 13.46875, 12.29688, 13.5625], "rotation": 90, "texture": "#2"},
				"up": {"uv": [12.125, 13.46875, 12.29688, 13.5625], "rotation": 90, "texture": "#2"},
				"down": {"uv": [12.125, 13.46875, 12.29688, 13.5625], "rotation": 90, "texture": "#2"}
			}
		},
		{
			"from": [1.75, -2.25, 0.75],
			"to": [10, 15.5, 10.75],
			"rotation": {"angle": 0, "axis": "y", "origin": [5, 6.625, 10.25]},
			"faces": {
				"north": {"uv": [0, 2.39063, 3.9375, 6.66798], "texture": "#0"},
				"east": {"uv": [0.07813, 1.59375, 3.04688, 6.87111], "texture": "#0"},
				"south": {"uv": [13.70313, 11.1875, 15.125, 14.42188], "texture": "#0"},
				"west": {"uv": [0.07813, 1.59375, 3.04688, 6.87111], "rotation": 180, "texture": "#0"}
			}
		},
		{
			"from": [12.75, -2.25, 1.25],
			"to": [21, 14, 10],
			"rotation": {"angle": 22.5, "axis": "y", "origin": [16.875, 5.875, 5.75]},
			"faces": {
				"north": {"uv": [0, 2.39063, 3.9375, 6.66798], "rotation": 180, "texture": "#0"},
				"east": {"uv": [0.07813, 1.59375, 3.04688, 6.87111], "texture": "#0"},
				"south": {"uv": [5.51563, 9.34375, 7.04688, 12.8125], "texture": "#0"},
				"west": {"uv": [0.07813, 1.59375, 3.04688, 6.87111], "rotation": 180, "texture": "#0"},
				"up": {"uv": [0.07813, 1.59375, 3.04688, 6.87111], "rotation": 270, "texture": "#0"}
			}
		},
		{
			"from": [1.75, -15, -1.025],
			"to": [11.25, -4.25, 9.475],
			"rotation": {"angle": -22.5, "axis": "y", "origin": [5.5, -9.625, 6.725]},
			"faces": {
				"north": {"uv": [11.98438, 13.51563, 13.59375, 11.28125], "rotation": 180, "texture": "#0"},
				"east": {"uv": [11.98438, 13.51563, 13.59375, 11.28125], "rotation": 180, "texture": "#0"},
				"south": {"uv": [11.20313, 0.04688, 13.54688, 2.71875], "texture": "#0"},
				"west": {"uv": [11.98438, 11.28125, 13.59375, 13.51563], "texture": "#0"},
				"up": {"uv": [11.98438, 11.28125, 13.59375, 13.51563], "rotation": 270, "texture": "#0"},
				"down": {"uv": [11.98438, 11.28125, 13.59375, 13.51563], "texture": "#0"}
			}
		},
		{
			"from": [14.75, -15, 3],
			"to": [22, -14.25, 9],
			"faces": {
				"north": {"uv": [13.48438, 11.32813, 13.57813, 12.34375], "rotation": 270, "texture": "#0"},
				"east": {"uv": [13.48438, 11.32813, 13.57813, 12.34375], "rotation": 270, "texture": "#0"},
				"south": {"uv": [0.23438, 13.73438, 2.3125, 13.89063], "texture": "#0"},
				"west": {"uv": [13.48438, 11.32813, 13.57813, 12.34375], "rotation": 270, "texture": "#0"}
			}
		},
		{
			"from": [14, -14.25, 3],
			"to": [22.75, -6.25, 9.25],
			"faces": {
				"north": {"uv": [13.48438, 11.32813, 13.57813, 12.34375], "rotation": 270, "texture": "#0"},
				"east": {"uv": [13.48438, 11.32813, 13.57813, 12.34375], "rotation": 270, "texture": "#0"},
				"south": {"uv": [0.03125, 11.29688, 2.51563, 13.51563], "texture": "#0"},
				"west": {"uv": [13.48438, 11.32813, 13.57813, 12.34375], "rotation": 270, "texture": "#0"},
				"up": {"uv": [13.1875, 11.76563, 13.5, 12.78125], "rotation": 90, "texture": "#0"},
				"down": {"uv": [13.48438, 11.32813, 13.57813, 12.34375], "rotation": 270, "texture": "#0"}
			}
		}
	],
	"display": {
		"thirdperson_righthand": {
			"rotation": [45, 60, 0],
			"translation": [0.5, 0, -0.25],
			"scale": [0.21, 0.21, 0.21]
		},
		"thirdperson_lefthand": {
			"rotation": [45, 60, 0],
			"translation": [-0.5, 0, -0.25],
			"scale": [0.21, 0.21, 0.21]
		},
		"firstperson_righthand": {
			"rotation": [0, -66.5, 0],
			"translation": [0, -1, 0],
			"scale": [0.3, 0.3, 0.3]
		},
		"firstperson_lefthand": {
			"rotation": [0, -66.5, 0],
			"translation": [0, -1, 0],
			"scale": [0.3, 0.3, 0.3]
		},
		"ground": {
			"translation": [0, 3, 0],
			"scale": [0.25, 0.25, 0.25]
		},
		"gui": {
			"rotation": [30, 45, 0],
			"translation": [0.75, 0, 0],
			"scale": [0.29258, 0.29258, 0.29258]
		},
		"fixed": {
			"rotation": [-90, 0, 0],
			"translation": [0, 3.75, -47],
			"scale": [2, 2, 2]
		}
	},
	"groups": [
		{
			"name": "frame",
			"origin": [8.5, 8, 0.5],
			"children": [0, 1, 2, 3, 4, 5, 6, 7]
		},
		{
			"name": "orange server",
			"origin": [7, 8, 8],
			"children": [8, 9, 10, 11, 12, 13, 14, 15]
		},
		{
			"name": "monitor",
			"origin": [12, 23.8965, 7.99301],
			"children": [16, 17, 18, 19, 20, 21]
		},
		{
			"name": "monitor hooks",
			"origin": [4.425, 26.63723, 7.50774],
			"children": [22, 23, 24, 25, 26, 27]
		},
		{
			"name": "note",
			"origin": [23.25, 12.4, 12.5],
			"children": [28, 29]
		},
		{
			"name": "small screen",
			"origin": [-5.11313, 24.25, 7.41761],
			"children": [30, 31]
		},
		{
			"name": "audio equipment",
			"origin": [16.875, 5.875, 5.75],
			"children": [32, 33]
		},
		{
			"name": "bottom shelf stuff",
			"origin": [8, 8, 8],
			"children": [34, 35, 36]
		}
	]
}