{
	"credit": "Made with Blockbench",
	"ambientocclusion": false,
	"texture_size": [1024, 1024],
	"textures": {
		"0": "block/workspace/servers_sheet",
		"1": "block/workspace/security_sheet",
		"2": "block/workspace/servers_disp",
		"particle": "block/workspace/servers_sheet"
	},
	"elements": [
		{
			"from": [-1.25, -16, 8.5],
			"to": [-0.5, 29.25, 9.25],
			"rotation": {"angle": 0, "axis": "y", "origin": [-22.5, 8, 8]},
			"faces": {
				"north": {"uv": [0, 11.07813, 0.10938, 15.67188], "texture": "#1"},
				"east": {"uv": [0.09375, 11.07813, 0.20313, 15.67188], "rotation": 180, "texture": "#1"},
				"south": {"uv": [0, 11.07813, 0.10938, 15.67188], "texture": "#1"},
				"west": {"uv": [0.09375, 11.07813, 0.20313, 15.67188], "rotation": 180, "texture": "#1"},
				"up": {"uv": [1.46875, 10.40625, 1.48438, 10.42188], "texture": "#1"}
			}
		},
		{
			"from": [18.25, 27.75, 8.6],
			"to": [31, 28.25, 9.15],
			"rotation": {"angle": 0, "axis": "y", "origin": [-3.75, 8, 8]},
			"faces": {
				"north": {"uv": [2.57813, 10.23438, 5.6875, 10.59375], "texture": "#1"},
				"south": {"uv": [2.57813, 10.23438, 5.6875, 10.59375], "texture": "#1"},
				"up": {"uv": [2.57813, 10.23438, 5.6875, 10.59375], "rotation": 180, "texture": "#1"},
				"down": {"uv": [2.57813, 10.23438, 5.6875, 10.59375], "texture": "#1"}
			}
		},
		{
			"from": [18.25, 27.75, 0.1],
			"to": [31, 28.25, 0.65],
			"rotation": {"angle": 0, "axis": "y", "origin": [-3.75, 8, -0.5]},
			"faces": {
				"north": {"uv": [2.57813, 10.23438, 5.6875, 10.59375], "texture": "#1"},
				"south": {"uv": [2.57813, 10.23438, 5.6875, 10.59375], "texture": "#1"},
				"up": {"uv": [2.57813, 10.23438, 5.6875, 10.59375], "rotation": 180, "texture": "#1"},
				"down": {"uv": [2.57813, 10.23438, 5.6875, 10.59375], "texture": "#1"}
			}
		},
		{
			"from": [18.25, 19.75, 0.1],
			"to": [31, 20.25, 0.75],
			"rotation": {"angle": 0, "axis": "y", "origin": [-3.75, 9, -0.5]},
			"faces": {
				"north": {"uv": [2.57813, 10.85938, 5.6875, 11], "rotation": 180, "texture": "#1"},
				"south": {"uv": [2.57813, 10.85938, 5.6875, 11], "rotation": 180, "texture": "#1"},
				"up": {"uv": [2.57813, 10.85938, 5.6875, 11], "rotation": 180, "texture": "#1"},
				"down": {"uv": [2.57813, 10.85938, 5.6875, 11], "rotation": 180, "texture": "#1"}
			}
		},
		{
			"from": [-14, 12, -0.25],
			"to": [30.75, 12.25, 9.75],
			"rotation": {"angle": 0, "axis": "y", "origin": [26.25, 20, 16.25]},
			"faces": {
				"north": {"uv": [6.5, 13.73397, 10.59375, 13.82772], "texture": "#1"},
				"east": {"uv": [6.5, 13.73397, 10.59375, 13.82772], "texture": "#1"},
				"south": {"uv": [6.5, 13.73397, 10.59375, 13.82772], "rotation": 180, "texture": "#1"},
				"west": {"uv": [6.5, 13.73397, 10.59375, 13.82772], "texture": "#1"},
				"up": {"uv": [6.5, 13.73409, 10.59375, 15.93722], "texture": "#1"},
				"down": {"uv": [6.5, 13.73397, 8.48438, 14.79647], "texture": "#1"}
			}
		},
		{
			"from": [18.75, 28.25, -0.25],
			"to": [30.75, 28.5, 9.75],
			"rotation": {"angle": 0, "axis": "y", "origin": [26.25, 22.5, 16.25]},
			"faces": {
				"north": {"uv": [10.625, 13.85938, 12.10938, 13.89063], "texture": "#1"},
				"east": {"uv": [10.625, 13.85938, 12.10938, 13.89063], "texture": "#1"},
				"south": {"uv": [10.625, 13.85938, 12.10938, 13.89063], "texture": "#1"},
				"west": {"uv": [10.625, 13.85938, 12.10938, 13.89063], "texture": "#1"},
				"up": {"uv": [6.5, 13.73397, 8.48438, 14.79647], "texture": "#1"},
				"down": {"uv": [6.5, 13.73397, 8.48438, 14.79647], "texture": "#1"}
			}
		},
		{
			"from": [-15.5, -16, 8.5],
			"to": [-14.5, 29, 9.5],
			"rotation": {"angle": 0, "axis": "y", "origin": [-36.5, 8, 8]},
			"faces": {
				"north": {"uv": [0, 11.07813, 0.10938, 15.67188], "texture": "#1"},
				"east": {"uv": [0.09375, 11.07813, 0.20313, 15.67188], "rotation": 180, "texture": "#1"},
				"south": {"uv": [0, 11.07813, 0.10938, 15.67188], "texture": "#1"},
				"west": {"uv": [0.09375, 11.07813, 0.20313, 15.67188], "rotation": 180, "texture": "#1"},
				"up": {"uv": [1.46875, 10.40625, 1.48438, 10.42188], "texture": "#1"}
			}
		},
		{
			"from": [-14.5, 11.5, 8.6],
			"to": [31, 12, 9.15],
			"rotation": {"angle": 0, "axis": "y", "origin": [-36.5, 5.5, 8]},
			"faces": {
				"north": {"uv": [2.57813, 10.23438, 5.6875, 10.59375], "texture": "#1"},
				"south": {"uv": [2.57813, 10.23438, 5.6875, 10.59375], "texture": "#1"},
				"down": {"uv": [2.57813, 10.23438, 5.6875, 10.59375], "texture": "#1"}
			}
		},
		{
			"from": [-14.5, 27.75, 8.6],
			"to": [-1.25, 28.25, 9.15],
			"rotation": {"angle": 0, "axis": "y", "origin": [-36.5, 8, 8]},
			"faces": {
				"north": {"uv": [2.57813, 10.85938, 5.6875, 11], "rotation": 180, "texture": "#1"},
				"south": {"uv": [2.57813, 10.85938, 5.6875, 11], "rotation": 180, "texture": "#1"},
				"up": {"uv": [2.57813, 10.85938, 5.6875, 11], "rotation": 180, "texture": "#1"},
				"down": {"uv": [2.57813, 10.85938, 5.6875, 11], "rotation": 180, "texture": "#1"}
			}
		},
		{
			"from": [-14.5, 11.5, 0.1],
			"to": [31, 12, 0.65],
			"rotation": {"angle": 0, "axis": "y", "origin": [-36.5, 5.5, -0.5]},
			"faces": {
				"north": {"uv": [2.57813, 10.23438, 5.6875, 10.59375], "texture": "#1"},
				"south": {"uv": [2.57813, 10.23438, 5.6875, 10.59375], "texture": "#1"},
				"down": {"uv": [2.57813, 10.23438, 5.6875, 10.59375], "texture": "#1"}
			}
		},
		{
			"from": [-14.5, 19.75, 0.1],
			"to": [-1.25, 20.25, 0.65],
			"rotation": {"angle": 0, "axis": "y", "origin": [-36.5, 9, -0.5]},
			"faces": {
				"north": {"uv": [2.57813, 10.23438, 5.6875, 10.59375], "texture": "#1"},
				"south": {"uv": [2.57813, 10.23438, 5.6875, 10.59375], "texture": "#1"},
				"up": {"uv": [2.57813, 10.23438, 5.6875, 10.59375], "rotation": 180, "texture": "#1"},
				"down": {"uv": [2.57813, 10.23438, 5.6875, 10.59375], "texture": "#1"}
			}
		},
		{
			"from": [-14, 20.25, -0.25],
			"to": [-1.5, 20.5, 9.75],
			"rotation": {"angle": 0, "axis": "y", "origin": [-6.5, 23.5, 16.25]},
			"faces": {
				"north": {"uv": [10.625, 13.85938, 12.10938, 13.89063], "texture": "#1"},
				"east": {"uv": [10.625, 13.85938, 12.10938, 13.89063], "texture": "#1"},
				"south": {"uv": [10.625, 13.85938, 12.10938, 13.89063], "texture": "#1"},
				"west": {"uv": [10.625, 13.85938, 12.10938, 13.89063], "texture": "#1"},
				"up": {"uv": [10.625, 13.85938, 12.10938, 14.875], "texture": "#1"},
				"down": {"uv": [6.5, 13.73397, 8.48438, 14.79647], "texture": "#1"}
			}
		},
		{
			"from": [-14.5, 19.75, 8.6],
			"to": [-1.25, 20.25, 9.15],
			"rotation": {"angle": 0, "axis": "y", "origin": [-36.5, 9, -0.5]},
			"faces": {
				"north": {"uv": [2.57813, 10.23438, 5.6875, 10.59375], "texture": "#1"},
				"south": {"uv": [2.57813, 10.23438, 5.6875, 10.59375], "texture": "#1"},
				"up": {"uv": [2.57813, 10.23438, 5.6875, 10.59375], "rotation": 180, "texture": "#1"},
				"down": {"uv": [2.57813, 10.23438, 5.6875, 10.59375], "texture": "#1"}
			}
		},
		{
			"from": [-14.5, -14, 0.1],
			"to": [17.5, -13.5, 0.65],
			"rotation": {"angle": 0, "axis": "y", "origin": [-36.5, -20, -0.5]},
			"faces": {
				"north": {"uv": [2.57813, 10.23438, 5.6875, 10.59375], "texture": "#1"},
				"south": {"uv": [2.57813, 10.23438, 5.6875, 10.59375], "texture": "#1"},
				"up": {"uv": [2.57813, 10.23438, 5.6875, 10.59375], "rotation": 180, "texture": "#1"},
				"down": {"uv": [2.57813, 10.23438, 5.6875, 10.59375], "texture": "#1"}
			}
		},
		{
			"from": [-14.5, -14, 8.6],
			"to": [17.5, -13.5, 9.15],
			"rotation": {"angle": 0, "axis": "y", "origin": [-36.5, -20, 8]},
			"faces": {
				"north": {"uv": [2.57813, 10.23438, 5.6875, 10.59375], "texture": "#1"},
				"south": {"uv": [2.57813, 10.23438, 5.6875, 10.59375], "texture": "#1"},
				"up": {"uv": [2.57813, 10.23438, 5.6875, 10.59375], "rotation": 180, "texture": "#1"},
				"down": {"uv": [2.57813, 10.23438, 5.6875, 10.59375], "texture": "#1"}
			}
		},
		{
			"from": [-14.3, -13.5, -0.25],
			"to": [17.3, -13.25, 9.75],
			"rotation": {"angle": 0, "axis": "y", "origin": [26.25, 23.5, 16.25]},
			"faces": {
				"north": {"uv": [10.625, 13.85938, 12.10938, 13.89063], "texture": "#1"},
				"east": {"uv": [10.625, 13.85938, 12.10938, 13.89063], "texture": "#1"},
				"south": {"uv": [10.625, 13.85938, 12.10938, 13.89063], "texture": "#1"},
				"west": {"uv": [10.625, 13.85938, 12.10938, 13.89063], "texture": "#1"},
				"up": {"uv": [3.53125, 11.01563, 5.09375, 15.95313], "rotation": 270, "texture": "#1"},
				"down": {"uv": [6.5, 13.73397, 8.48438, 14.79647], "texture": "#1"}
			}
		},
		{
			"from": [17.5, -16, 8.5],
			"to": [18.25, 29.25, 9.25],
			"rotation": {"angle": 0, "axis": "y", "origin": [-3.75, 8, 8]},
			"faces": {
				"north": {"uv": [0, 11.07813, 0.10938, 15.67188], "texture": "#1"},
				"east": {"uv": [0.09375, 11.07813, 0.20313, 15.67188], "rotation": 180, "texture": "#1"},
				"south": {"uv": [0, 11.07813, 0.10938, 15.67188], "texture": "#1"},
				"west": {"uv": [0.09375, 11.07813, 0.20313, 15.67188], "rotation": 180, "texture": "#1"},
				"up": {"uv": [1.46875, 10.40625, 1.48438, 10.42188], "texture": "#1"}
			}
		},
		{
			"from": [17.5, -16, 0],
			"to": [18.25, 29.25, 0.75],
			"rotation": {"angle": 0, "axis": "y", "origin": [-3.75, 8, -0.5]},
			"faces": {
				"north": {"uv": [0, 11.07813, 0.10938, 15.67188], "texture": "#1"},
				"east": {"uv": [0.09375, 11.07813, 0.20313, 15.67188], "rotation": 180, "texture": "#1"},
				"south": {"uv": [0, 11.07813, 0.10938, 15.67188], "texture": "#1"},
				"west": {"uv": [0.09375, 11.07813, 0.20313, 15.67188], "rotation": 180, "texture": "#1"},
				"up": {"uv": [1.46875, 10.40625, 1.48438, 10.42188], "texture": "#1"}
			}
		},
		{
			"from": [-1.25, -16, 0],
			"to": [-0.5, 29.25, 0.75],
			"rotation": {"angle": 0, "axis": "y", "origin": [-22.5, 8, -0.5]},
			"faces": {
				"north": {"uv": [0, 11.07813, 0.10938, 15.67188], "texture": "#1"},
				"east": {"uv": [0.09375, 11.07813, 0.20313, 15.67188], "rotation": 180, "texture": "#1"},
				"south": {"uv": [0, 11.07813, 0.10938, 15.67188], "texture": "#1"},
				"west": {"uv": [0.09375, 11.07813, 0.20313, 15.67188], "rotation": 180, "texture": "#1"},
				"up": {"uv": [1.46875, 10.40625, 1.48438, 10.42188], "texture": "#1"}
			}
		},
		{
			"from": [-15.5, -16, 0],
			"to": [-14.5, 29, 1],
			"rotation": {"angle": 0, "axis": "y", "origin": [-36.5, 8, -0.5]},
			"faces": {
				"north": {"uv": [0, 11.07813, 0.10938, 15.67188], "texture": "#1"},
				"east": {"uv": [0.09375, 11.07813, 0.20313, 15.67188], "rotation": 180, "texture": "#1"},
				"south": {"uv": [0, 11.07813, 0.10938, 15.67188], "texture": "#1"},
				"west": {"uv": [0.09375, 11.07813, 0.20313, 15.67188], "rotation": 180, "texture": "#1"},
				"up": {"uv": [1.46875, 10.40625, 1.48438, 10.42188], "texture": "#1"}
			}
		},
		{
			"from": [31, -16, 8.25],
			"to": [32, 29, 9.5],
			"rotation": {"angle": 0, "axis": "y", "origin": [10, 8, 7.75]},
			"faces": {
				"north": {"uv": [1.875, 11.0625, 2, 15.67188], "texture": "#1"},
				"east": {"uv": [2, 11.0625, 1.875, 15.67188], "texture": "#1"},
				"south": {"uv": [1.875, 11.0625, 2, 15.67188], "texture": "#1"},
				"west": {"uv": [2, 11.0625, 1.875, 15.67188], "texture": "#1"},
				"up": {"uv": [1.46875, 10.40625, 1.48438, 10.42188], "texture": "#1"}
			}
		},
		{
			"from": [31, -16, -0.25],
			"to": [32, 29, 1],
			"rotation": {"angle": 0, "axis": "y", "origin": [10, 8, -0.75]},
			"faces": {
				"north": {"uv": [0, 11.07813, 0.10938, 15.67188], "texture": "#1"},
				"east": {"uv": [0.09375, 11.07813, 0.20313, 15.67188], "rotation": 180, "texture": "#1"},
				"south": {"uv": [0, 11.07813, 0.10938, 15.67188], "texture": "#1"},
				"west": {"uv": [0.09375, 11.07813, 0.20313, 15.67188], "rotation": 180, "texture": "#1"},
				"up": {"uv": [1.46875, 10.40625, 1.48438, 10.42188], "texture": "#1"}
			}
		},
		{
			"from": [-14.5, 27.75, 0.1],
			"to": [-1.25, 28.25, 0.65],
			"rotation": {"angle": 0, "axis": "y", "origin": [-36.5, 8, -0.5]},
			"faces": {
				"north": {"uv": [2.57813, 10.85938, 5.6875, 11], "rotation": 180, "texture": "#1"},
				"south": {"uv": [2.57813, 10.85938, 5.6875, 11], "rotation": 180, "texture": "#1"},
				"up": {"uv": [2.57813, 10.85938, 5.6875, 11], "rotation": 180, "texture": "#1"},
				"down": {"uv": [2.57813, 10.85938, 5.6875, 11], "rotation": 180, "texture": "#1"}
			}
		},
		{
			"from": [-13.92388, -13.25, 0],
			"to": [-13, 0.5, 10.36732],
			"faces": {
				"north": {"uv": [13.29688, 11.28125, 13.57813, 13.48438], "texture": "#0"},
				"west": {"uv": [13.59375, 11.28125, 11.98438, 13.48438], "texture": "#0"}
			}
		},
		{
			"from": [-13, -13.25, 0],
			"to": [-10, 0.5, 10.75],
			"faces": {
				"north": {"uv": [12.42188, 11.28125, 13.28125, 13.48438], "texture": "#0"},
				"south": {"uv": [0.23438, 7.65625, 0.98438, 11.25], "texture": "#0"}
			}
		},
		{
			"from": [-14, -13.25, 10.75],
			"to": [-13, 0.5, 10.749],
			"rotation": {"angle": -22.5, "axis": "y", "origin": [-13, 0.5, 10.75]},
			"faces": {
				"south": {"uv": [0.01563, 7.65625, 0.23828, 11.25], "texture": "#0"}
			}
		},
		{
			"from": [-9.6194, -13.25, 12.66342],
			"to": [-8.6194, 0.5, 12.66242],
			"rotation": {"angle": 22.5, "axis": "y", "origin": [-14.6194, 0.5, 12.66342]},
			"faces": {
				"south": {"uv": [0.98438, 7.65625, 1.20703, 11.25], "texture": "#0"}
			}
		},
		{
			"from": [-12.825, -2.525, 10.75],
			"to": [-10.05, -0.2, 10.775],
			"rotation": {"angle": 0, "axis": "y", "origin": [5, 8.5, 17.75]},
			"faces": {
				"east": {"uv": [14.625, 0.25, 14.64063, 0.26563], "texture": "#2"},
				"south": {"uv": [11.625, 0.1875, 15.9375, 3.5], "texture": "#2"},
				"west": {"uv": [14.625, 0.25, 14.64063, 0.26563], "texture": "#2"},
				"up": {"uv": [14.625, 0.25, 14.64063, 0.26563], "texture": "#2"},
				"down": {"uv": [14.625, 0.25, 14.64063, 0.26563], "texture": "#2"}
			}
		},
		{
			"from": [-12.925, -13, -0.025],
			"to": [-10.1, -9.175, 0],
			"rotation": {"angle": 0, "axis": "y", "origin": [-11.4375, -1.3625, -2.2375]},
			"faces": {
				"north": {"uv": [9.10938, 7.625, 10.09375, 9.03125], "rotation": 180, "texture": "#0"},
				"east": {"uv": [14.625, 0.25, 14.64063, 0.26563], "texture": "#2"},
				"west": {"uv": [14.625, 0.25, 14.64063, 0.26563], "texture": "#2"},
				"up": {"uv": [14.625, 0.25, 14.64063, 0.26563], "rotation": 180, "texture": "#2"},
				"down": {"uv": [14.625, 0.25, 14.64063, 0.26563], "rotation": 180, "texture": "#2"}
			}
		},
		{
			"from": [-12.925, -6.125, -0.025],
			"to": [-10.1, -3.175, 0],
			"rotation": {"angle": 0, "axis": "z", "origin": [-11.5125, -4.7125, -0.0125]},
			"faces": {
				"north": {"uv": [9.10938, 7.625, 10.09375, 8.51563], "rotation": 270, "texture": "#0"},
				"east": {"uv": [14.625, 0.25, 14.64063, 0.26563], "rotation": 90, "texture": "#2"},
				"west": {"uv": [14.625, 0.25, 14.64063, 0.26563], "rotation": 90, "texture": "#2"},
				"up": {"uv": [14.625, 0.25, 14.64063, 0.26563], "rotation": 270, "texture": "#2"},
				"down": {"uv": [14.625, 0.25, 14.64063, 0.26563], "rotation": 270, "texture": "#2"}
			}
		},
		{
			"from": [-12.925, -9.175, -0.025],
			"to": [-10.1, -7.85, 0],
			"rotation": {"angle": 0, "axis": "y", "origin": [-11.4375, -1.5375, -2.2375]},
			"faces": {
				"north": {"uv": [9.10938, 8.53125, 10.09375, 9.03125], "rotation": 180, "texture": "#0"},
				"east": {"uv": [14.625, 0.25, 14.64063, 0.26563], "texture": "#2"},
				"west": {"uv": [14.625, 0.25, 14.64063, 0.26563], "texture": "#2"},
				"up": {"uv": [14.625, 0.25, 14.64063, 0.26563], "rotation": 180, "texture": "#2"},
				"down": {"uv": [14.625, 0.25, 14.64063, 0.26563], "rotation": 180, "texture": "#2"}
			}
		},
		{
			"from": [-12.925, -2.675, -0.025],
			"to": [-10.1, -1.35, 0],
			"rotation": {"angle": 0, "axis": "y", "origin": [-11.4375, 4.9625, -2.2375]},
			"faces": {
				"north": {"uv": [9.10938, 8.53125, 10.09375, 9.03125], "rotation": 180, "texture": "#0"},
				"east": {"uv": [14.625, 0.25, 14.64063, 0.26563], "texture": "#2"},
				"west": {"uv": [14.625, 0.25, 14.64063, 0.26563], "texture": "#2"},
				"up": {"uv": [14.625, 0.25, 14.64063, 0.26563], "rotation": 180, "texture": "#2"},
				"down": {"uv": [14.625, 0.25, 14.64063, 0.26563], "rotation": 180, "texture": "#2"}
			}
		},
		{
			"from": [-12.925, -7.85, -0.025],
			"to": [-10.1, -6.525, 0],
			"rotation": {"angle": 0, "axis": "y", "origin": [-11.4375, -2.2125, -2.2375]},
			"faces": {
				"north": {"uv": [9.10938, 8.53125, 10.09375, 9.03125], "rotation": 180, "texture": "#0"},
				"east": {"uv": [14.625, 0.25, 14.64063, 0.26563], "texture": "#2"},
				"west": {"uv": [14.625, 0.25, 14.64063, 0.26563], "texture": "#2"},
				"up": {"uv": [14.625, 0.25, 14.64063, 0.26563], "rotation": 180, "texture": "#2"},
				"down": {"uv": [14.625, 0.25, 14.64063, 0.26563], "rotation": 180, "texture": "#2"}
			}
		},
		{
			"from": [-12.925, -1.35, -0.025],
			"to": [-10.1, -0.025, 0],
			"rotation": {"angle": 0, "axis": "y", "origin": [-11.4375, 4.2875, -2.2375]},
			"faces": {
				"north": {"uv": [9.10938, 8.53125, 10.09375, 9.03125], "rotation": 180, "texture": "#0"},
				"east": {"uv": [14.625, 0.25, 14.64063, 0.26563], "texture": "#2"},
				"west": {"uv": [14.625, 0.25, 14.64063, 0.26563], "texture": "#2"},
				"up": {"uv": [14.625, 0.25, 14.64063, 0.26563], "rotation": 180, "texture": "#2"},
				"down": {"uv": [14.625, 0.25, 14.64063, 0.26563], "rotation": 180, "texture": "#2"}
			}
		},
		{
			"from": [-13.92388, 0.5, 0],
			"to": [-9.07612, 0.5, 10.75],
			"rotation": {"angle": 0, "axis": "y", "origin": [-5.92388, 9.5, 8]},
			"faces": {
				"up": {"uv": [4.60938, 14.5625, 7.53125, 15.76563], "rotation": 270, "texture": "#0"}
			}
		},
		{
			"from": [-13.92388, -13.25, 0],
			"to": [-9.07612, -13.25, 10.75],
			"rotation": {"angle": 0, "axis": "y", "origin": [-5.92388, -8.25, 8]},
			"faces": {
				"down": {"uv": [4.60938, 14.5625, 7.53125, 15.76563], "rotation": 90, "texture": "#0"}
			}
		},
		{
			"from": [-10, -13.25, 0],
			"to": [-9.07612, 0.5, 10.36732],
			"rotation": {"angle": 0, "axis": "y", "origin": [8.02388, 8, 8]},
			"faces": {
				"north": {"uv": [13.57813, 11.28125, 13.29688, 13.48438], "texture": "#0"},
				"east": {"uv": [11.98438, 11.28125, 13.59375, 13.48438], "texture": "#0"}
			}
		},
		{
			"from": [-8.85, -13.25, 0],
			"to": [-1.275, -4.35, 10],
			"faces": {
				"north": {"uv": [12.29688, 13.5625, 13.65625, 15.45313], "texture": "#0"},
				"east": {"uv": [9.54688, 13.5625, 10.90625, 15.45313], "texture": "#0"},
				"south": {"uv": [13.625, 0, 15.95313, 2.34375], "texture": "#0"},
				"west": {"uv": [9.54688, 13.5625, 10.90625, 15.45313], "texture": "#0"},
				"up": {"uv": [12.29688, 13.5625, 13.65625, 15.45313], "texture": "#0"},
				"down": {"uv": [12.29688, 13.5625, 13.65625, 15.45313], "texture": "#0"}
			}
		},
		{
			"from": [-7.83138, -3.85, 4.07586],
			"to": [-1.58138, 2.2, 8.82586],
			"rotation": {"angle": 22.5, "axis": "y", "origin": [-5.00638, -1.75, 6.70086]},
			"faces": {
				"north": {"uv": [1.45313, 0, 2.17188, 1.625], "rotation": 270, "texture": "#1"},
				"east": {"uv": [2.17188, 0, 0.85938, 1.6875], "texture": "#1"},
				"south": {"uv": [9.29688, 11.57813, 11.82813, 13.70313], "texture": "#1"},
				"west": {"uv": [0.85938, 0, 2.17188, 1.6875], "texture": "#1"},
				"up": {"uv": [0.39063, 6.96875, 1.70313, 8.65625], "rotation": 90, "texture": "#1"},
				"down": {"uv": [0.39063, 6.96875, 1.70313, 8.65625], "rotation": 90, "texture": "#1"}
			}
		},
		{
			"from": [-6.2, -4.35, 4.5],
			"to": [-1.95, -3.85, 8.25],
			"rotation": {"angle": 22.5, "axis": "y", "origin": [-4.5, -4.75, 8.25]},
			"faces": {
				"north": {"uv": [5.15625, 15.15625, 7.23438, 15.28125], "rotation": 90, "texture": "#0"},
				"east": {"uv": [5.17188, 15.04688, 7.25, 15.57813], "rotation": 90, "texture": "#0"},
				"south": {"uv": [0.23438, 13.73438, 2.3125, 13.89063], "texture": "#0"},
				"west": {"uv": [5.17188, 15.04688, 7.25, 15.57813], "rotation": 270, "texture": "#0"},
				"up": {"uv": [0, 0, 0.06641, 0.05859], "texture": "#missing"},
				"down": {"uv": [0, 0, 0.06641, 0.05859], "texture": "#missing"}
			}
		},
		{
			"from": [-4.8, 0.3, 1],
			"to": [-3.85, 0.6, 2],
			"rotation": {"angle": 22.5, "axis": "z", "origin": [-12.3, 2, 8]},
			"faces": {
				"north": {"uv": [11.875, 4.75, 12, 4.90625], "texture": "#1"},
				"east": {"uv": [11.875, 4.75, 12, 4.90625], "texture": "#1"},
				"south": {"uv": [11.875, 4.75, 12, 4.90625], "texture": "#1"},
				"west": {"uv": [11.875, 4.75, 12, 4.90625], "texture": "#1"},
				"down": {"uv": [11.875, 4.75, 12, 4.90625], "texture": "#1"}
			}
		},
		{
			"from": [-12.05, 0.3, 7],
			"to": [-11.1, 0.6, 8],
			"rotation": {"angle": 22.5, "axis": "z", "origin": [-12.3, 2, 8]},
			"faces": {
				"north": {"uv": [11.875, 4.75, 12, 4.90625], "texture": "#1"},
				"east": {"uv": [11.875, 4.75, 12, 4.90625], "texture": "#1"},
				"south": {"uv": [11.875, 4.75, 12, 4.90625], "texture": "#1"},
				"west": {"uv": [11.875, 4.75, 12, 4.90625], "texture": "#1"},
				"down": {"uv": [11.875, 4.75, 12, 4.90625], "texture": "#1"}
			}
		},
		{
			"from": [-12.05, 0.3, 1],
			"to": [-11.1, 0.6, 2],
			"rotation": {"angle": 22.5, "axis": "z", "origin": [-12.3, 2, 8]},
			"faces": {
				"north": {"uv": [11.875, 4.75, 12, 4.90625], "texture": "#1"},
				"east": {"uv": [11.875, 4.75, 12, 4.90625], "texture": "#1"},
				"south": {"uv": [11.875, 4.75, 12, 4.90625], "texture": "#1"},
				"west": {"uv": [11.875, 4.75, 12, 4.90625], "texture": "#1"},
				"down": {"uv": [11.875, 4.75, 12, 4.90625], "texture": "#1"}
			}
		},
		{
			"from": [-4.8, 0.3, 7],
			"to": [-3.85, 0.6, 8],
			"rotation": {"angle": 22.5, "axis": "z", "origin": [-12.3, 2, 8]},
			"faces": {
				"north": {"uv": [11.875, 4.75, 12, 4.90625], "texture": "#1"},
				"east": {"uv": [11.875, 4.75, 12, 4.90625], "texture": "#1"},
				"south": {"uv": [11.875, 4.75, 12, 4.90625], "texture": "#1"},
				"west": {"uv": [11.875, 4.75, 12, 4.90625], "texture": "#1"},
				"down": {"uv": [11.875, 4.75, 12, 4.90625], "texture": "#1"}
			}
		},
		{
			"from": [-12.8, 0.6, 0.5],
			"to": [-3.1, 2.6, 8.5],
			"rotation": {"angle": 22.5, "axis": "z", "origin": [-12.3, 2, 8]},
			"faces": {
				"north": {"uv": [11.875, 4, 12.15625, 4.92188], "texture": "#1"},
				"east": {"uv": [11.875, 4, 12.15625, 4.92188], "rotation": 270, "texture": "#1"},
				"south": {"uv": [11.875, 4, 15.70313, 4.92188], "texture": "#1"},
				"west": {"uv": [11.875, 4, 12.15625, 4.92188], "rotation": 90, "texture": "#1"},
				"up": {"uv": [11.875, 4, 12.125, 4.92188], "rotation": 180, "texture": "#1"},
				"down": {"uv": [11.875, 4, 12.125, 4.92188], "rotation": 180, "texture": "#1"}
			}
		},
		{
			"from": [1.5, -13.25, 0],
			"to": [8.85, 0.7, 10.25],
			"rotation": {"angle": 0, "axis": "y", "origin": [9, 8, 8]},
			"faces": {
				"north": {"uv": [4.07813, 7.76563, 5.1875, 9.28125], "texture": "#0"},
				"east": {"uv": [3.98438, 7.76563, 5.1875, 9.28125], "texture": "#0"},
				"south": {"uv": [11.25, 2.78125, 13.54688, 7.14063], "texture": "#0"},
				"west": {"uv": [5.1875, 7.76563, 3.98438, 9.28125], "texture": "#0"},
				"up": {"uv": [3.98438, 9.28125, 5.1875, 7.76563], "rotation": 270, "texture": "#0"},
				"down": {"uv": [3.98438, 7.76563, 5.1875, 9.28125], "rotation": 270, "texture": "#0"}
			}
		},
		{
			"from": [2.15, -3.1, 10.25],
			"to": [5.35, -0.45, 10.275],
			"rotation": {"angle": 0, "axis": "y", "origin": [9, 8, 8]},
			"faces": {
				"east": {"uv": [2.96875, 7.76563, 3.875, 7.78125], "texture": "#0"},
				"south": {"uv": [2.96875, 7.76563, 3.875, 8.34375], "texture": "#0"},
				"west": {"uv": [2.96875, 7.76563, 3.875, 7.78125], "texture": "#0"},
				"up": {"uv": [2.96875, 7.76563, 3.875, 7.78125], "texture": "#0"},
				"down": {"uv": [2.96875, 7.76563, 3.875, 7.78125], "texture": "#0"}
			}
		},
		{
			"from": [2.15, -6.425, 10.25],
			"to": [5.35, -4.875, 10.275],
			"rotation": {"angle": 0, "axis": "y", "origin": [9, 8, 8]},
			"faces": {
				"east": {"uv": [2.96875, 7.76563, 3.875, 7.78125], "texture": "#0"},
				"south": {"uv": [2.96875, 8.32813, 3.875, 8.76563], "texture": "#0"},
				"west": {"uv": [2.96875, 7.76563, 3.875, 7.78125], "texture": "#0"},
				"up": {"uv": [2.96875, 7.76563, 3.875, 7.78125], "texture": "#0"},
				"down": {"uv": [2.96875, 7.76563, 3.875, 7.78125], "texture": "#0"}
			}
		},
		{
			"from": [5.8, 1.25, 2.225],
			"to": [9, 2.8, 2.25],
			"rotation": {"angle": 0, "axis": "y", "origin": [7.9, 1.525, 2.2375]},
			"faces": {
				"north": {"uv": [2.96875, 8.32813, 3.875, 8.76563], "texture": "#0"},
				"east": {"uv": [2.96875, 7.76563, 3.875, 7.78125], "texture": "#0"},
				"west": {"uv": [2.96875, 7.76563, 3.875, 7.78125], "texture": "#0"},
				"up": {"uv": [2.96875, 7.76563, 3.875, 7.78125], "rotation": 180, "texture": "#0"},
				"down": {"uv": [2.96875, 7.76563, 3.875, 7.78125], "rotation": 180, "texture": "#0"}
			}
		},
		{
			"from": [2.6, 1.25, 2.225],
			"to": [5.8, 2.8, 2.25],
			"rotation": {"angle": 0, "axis": "y", "origin": [7.95, 1.525, 2.2375]},
			"faces": {
				"north": {"uv": [2.96875, 8.32813, 3.875, 8.76563], "texture": "#0"},
				"east": {"uv": [2.96875, 7.76563, 3.875, 7.78125], "texture": "#0"},
				"west": {"uv": [2.96875, 7.76563, 3.875, 7.78125], "texture": "#0"},
				"up": {"uv": [2.96875, 7.76563, 3.875, 7.78125], "rotation": 180, "texture": "#0"},
				"down": {"uv": [2.96875, 7.76563, 3.875, 7.78125], "rotation": 180, "texture": "#0"}
			}
		},
		{
			"from": [2.15, -9.3, 10.25],
			"to": [5.35, -8.2, 10.275],
			"rotation": {"angle": 0, "axis": "y", "origin": [9, 8, 8]},
			"faces": {
				"east": {"uv": [2.96875, 7.76563, 3.875, 7.78125], "texture": "#0"},
				"south": {"uv": [2.96875, 8.76563, 3.875, 9.14063], "texture": "#0"},
				"west": {"uv": [2.96875, 7.76563, 3.875, 7.78125], "texture": "#0"},
				"up": {"uv": [2.96875, 7.76563, 3.875, 7.78125], "texture": "#0"},
				"down": {"uv": [2.96875, 7.76563, 3.875, 7.78125], "texture": "#0"}
			}
		},
		{
			"from": [2.1, -12.55, 10.25],
			"to": [5.4, -11.075, 10.275],
			"rotation": {"angle": 0, "axis": "y", "origin": [9, 8, 8]},
			"faces": {
				"east": {"uv": [2.96875, 7.76563, 3.875, 7.78125], "texture": "#0"},
				"south": {"uv": [2.98438, 9.17188, 3.875, 9.76563], "texture": "#0"},
				"west": {"uv": [2.96875, 7.76563, 3.875, 7.78125], "texture": "#0"},
				"up": {"uv": [2.96875, 7.76563, 3.875, 7.78125], "texture": "#0"},
				"down": {"uv": [2.96875, 7.76563, 3.875, 7.78125], "texture": "#0"}
			}
		},
		{
			"from": [2.15, -5.03661, 8.83413],
			"to": [5.35, -3.38661, 10.85913],
			"rotation": {"angle": -22.5, "axis": "x", "origin": [3.75, -4.71161, 9.84663]},
			"faces": {
				"east": {"uv": [5.1875, 0.125, 8.0625, 3.125], "texture": "#2"},
				"south": {"uv": [5.1875, 0.125, 11.5625, 3.125], "texture": "#2"},
				"west": {"uv": [5.1875, 0.125, 8.0625, 3.125], "texture": "#2"},
				"down": {"uv": [5.375, 2.5, 11.4375, 3.6875], "texture": "#2"}
			}
		},
		{
			"from": [2.15, -8.36161, 8.83413],
			"to": [5.35, -6.71161, 10.85913],
			"rotation": {"angle": -22.5, "axis": "x", "origin": [3.75, -8.03661, 9.84663]},
			"faces": {
				"east": {"uv": [5.1875, 0.125, 8.0625, 3.125], "texture": "#2"},
				"south": {"uv": [5.1875, 0.125, 11.5625, 3.125], "texture": "#2"},
				"west": {"uv": [5.1875, 0.125, 8.0625, 3.125], "texture": "#2"},
				"down": {"uv": [5.375, 2.5, 11.4375, 3.6875], "texture": "#2"}
			}
		},
		{
			"from": [2.15, -11.46497, 7.68608],
			"to": [5.35, -9.81497, 9.71108],
			"rotation": {"angle": -22.5, "axis": "x", "origin": [3.75, -8.13997, 8.69858]},
			"faces": {
				"east": {"uv": [5.1875, 0.125, 8.0625, 3.125], "texture": "#2"},
				"south": {"uv": [5.1875, 0.125, 11.5625, 3.125], "texture": "#2"},
				"west": {"uv": [5.1875, 0.125, 8.0625, 3.125], "texture": "#2"},
				"down": {"uv": [5.375, 2.5, 11.4375, 3.6875], "texture": "#2"}
			}
		},
		{
			"from": [0.75, 0.75, 2.25],
			"to": [9.5, 4.65, 9.75],
			"rotation": {"angle": 0, "axis": "y", "origin": [8.5, 8, 8]},
			"faces": {
				"north": {"uv": [8.0625, 13.21859, 9.26564, 13.6558], "rotation": 270, "texture": "#1"},
				"east": {"uv": [8.0625, 11.3125, 9.26563, 12.07813], "rotation": 270, "texture": "#1"},
				"south": {"uv": [11.875, 5.84375, 15.70313, 7.21875], "texture": "#1"},
				"west": {"uv": [8.0625, 11.3125, 9.26563, 12.07813], "texture": "#1"},
				"up": {"uv": [8.0625, 11.3125, 9.26563, 12.07813], "rotation": 90, "texture": "#1"},
				"down": {"uv": [8.0625, 13.21859, 9.26564, 13.6558], "rotation": 270, "texture": "#1"}
			}
		},
		{
			"from": [8.65, 4.65, 2.5],
			"to": [9.1, 4.95, 3.5],
			"rotation": {"angle": 0, "axis": "y", "origin": [8.5, 6.1, 1.5]},
			"faces": {
				"north": {"uv": [8.09375, 13.39063, 8.21834, 13.60938], "rotation": 90, "texture": "#1"},
				"east": {"uv": [8.09375, 13.39063, 8.21834, 13.60938], "rotation": 90, "texture": "#1"},
				"south": {"uv": [8.09375, 13.39063, 8.21834, 13.60938], "rotation": 90, "texture": "#1"},
				"west": {"uv": [8.09375, 13.39063, 8.21834, 13.60938], "rotation": 90, "texture": "#1"},
				"down": {"uv": [8.09375, 13.39063, 8.21834, 13.60938], "rotation": 90, "texture": "#1"}
			}
		},
		{
			"from": [0.65, 4.95, 2.25],
			"to": [9.6, 7.35, 10.25],
			"rotation": {"angle": 0, "axis": "y", "origin": [8.5, 8.45, 8]},
			"faces": {
				"north": {"uv": [1.8125, 9.125, 0, 9.6875], "texture": "#1"},
				"east": {"uv": [1.8125, 9.125, 0, 9.6875], "texture": "#1"},
				"south": {"uv": [11.875, 4.92188, 15.70313, 5.76563], "texture": "#1"},
				"west": {"uv": [0, 9.125, 1.8125, 9.6875], "texture": "#1"},
				"up": {"uv": [1.8125, 9.125, 0, 9.6875], "rotation": 180, "texture": "#1"},
				"down": {"uv": [8.0625, 13.21859, 9.26564, 13.6558], "rotation": 270, "texture": "#1"}
			}
		},
		{
			"from": [1.15, 4.65, 9],
			"to": [1.6, 4.95, 10],
			"rotation": {"angle": 0, "axis": "y", "origin": [8.5, 6.1, 8]},
			"faces": {
				"north": {"uv": [8.09375, 13.39063, 8.21834, 13.60938], "rotation": 90, "texture": "#1"},
				"east": {"uv": [8.09375, 13.39063, 8.21834, 13.60938], "rotation": 90, "texture": "#1"},
				"south": {"uv": [8.09375, 13.39063, 8.21834, 13.60938], "rotation": 90, "texture": "#1"},
				"west": {"uv": [8.09375, 13.39063, 8.21834, 13.60938], "rotation": 90, "texture": "#1"},
				"down": {"uv": [8.09375, 13.39063, 8.21834, 13.60938], "rotation": 90, "texture": "#1"}
			}
		},
		{
			"from": [1.15, 4.65, 2.5],
			"to": [1.6, 4.95, 3.5],
			"rotation": {"angle": 0, "axis": "y", "origin": [8.5, 6.1, 1.5]},
			"faces": {
				"north": {"uv": [8.09375, 13.39063, 8.21834, 13.60938], "rotation": 90, "texture": "#1"},
				"east": {"uv": [8.09375, 13.39063, 8.21834, 13.60938], "rotation": 90, "texture": "#1"},
				"south": {"uv": [8.09375, 13.39063, 8.21834, 13.60938], "rotation": 90, "texture": "#1"},
				"west": {"uv": [8.09375, 13.39063, 8.21834, 13.60938], "rotation": 90, "texture": "#1"},
				"down": {"uv": [8.09375, 13.39063, 8.21834, 13.60938], "rotation": 90, "texture": "#1"}
			}
		},
		{
			"from": [8.65, 4.65, 9],
			"to": [9.1, 4.95, 10],
			"rotation": {"angle": 0, "axis": "y", "origin": [8.5, 6.1, 8]},
			"faces": {
				"north": {"uv": [8.09375, 13.39063, 8.21834, 13.60938], "rotation": 90, "texture": "#1"},
				"east": {"uv": [8.09375, 13.39063, 8.21834, 13.60938], "rotation": 90, "texture": "#1"},
				"south": {"uv": [8.09375, 13.39063, 8.21834, 13.60938], "rotation": 90, "texture": "#1"},
				"west": {"uv": [8.09375, 13.39063, 8.21834, 13.60938], "rotation": 90, "texture": "#1"},
				"down": {"uv": [8.09375, 13.39063, 8.21834, 13.60938], "rotation": 90, "texture": "#1"}
			}
		},
		{
			"from": [19.75, -16, 0],
			"to": [28.5, 1, 10],
			"faces": {
				"north": {"uv": [0.5625, 2.10938, 2.90625, 5.85938], "texture": "#0"},
				"east": {"uv": [0.5625, 2.10938, 2.90627, 5.85938], "texture": "#0"},
				"south": {"uv": [13.59375, 6.73438, 15.9375, 10.96875], "texture": "#0"},
				"west": {"uv": [0.5625, 2.10938, 2.90627, 5.85938], "texture": "#0"},
				"up": {"uv": [0.5625, 2.10938, 2.90627, 5.85938], "rotation": 90, "texture": "#0"}
			}
		},
		{
			"from": [24.125, -13.225, 10],
			"to": [27.45, 0.125, 10.05],
			"faces": {
				"east": {"uv": [12.5, 3.75, 12.5625, 15.9375], "texture": "#2"},
				"south": {"uv": [12.5, 3.75, 15.875, 15.9375], "texture": "#2"},
				"west": {"uv": [12.5, 3.75, 12.5625, 15.9375], "texture": "#2"},
				"up": {"uv": [12.5, 3.75, 15.875, 3.8125], "texture": "#2"},
				"down": {"uv": [12.5, 3.75, 15.875, 3.8125], "texture": "#2"}
			}
		},
		{
			"from": [28.65, 0.7, 1.3],
			"to": [29.1, 1, 2.3],
			"rotation": {"angle": 0, "axis": "y", "origin": [28.5, 2.15, 0.3]},
			"faces": {
				"north": {"uv": [8.09375, 13.39063, 8.21834, 13.60938], "rotation": 90, "texture": "#1"},
				"east": {"uv": [8.09375, 13.39063, 8.21834, 13.60938], "rotation": 90, "texture": "#1"},
				"south": {"uv": [8.09375, 13.39063, 8.21834, 13.60938], "rotation": 90, "texture": "#1"},
				"west": {"uv": [8.09375, 13.39063, 8.21834, 13.60938], "rotation": 90, "texture": "#1"},
				"down": {"uv": [8.09375, 13.39063, 8.21834, 13.60938], "rotation": 90, "texture": "#1"}
			}
		},
		{
			"from": [18.9, 1, 1.05],
			"to": [29.35, 3.4, 9.05],
			"rotation": {"angle": 0, "axis": "y", "origin": [27.5, 4.5, 6.8]},
			"faces": {
				"north": {"uv": [1.8125, 9.125, 0, 9.6875], "texture": "#1"},
				"east": {"uv": [1.8125, 9.125, 0, 9.6875], "texture": "#1"},
				"south": {"uv": [11.875, 9.25, 15.70313, 10.15625], "texture": "#1"},
				"west": {"uv": [0, 9.125, 1.8125, 9.6875], "texture": "#1"},
				"up": {"uv": [1.8125, 9.125, 0, 9.6875], "rotation": 180, "texture": "#1"},
				"down": {"uv": [8.0625, 13.21859, 9.26564, 13.6558], "rotation": 270, "texture": "#1"}
			}
		},
		{
			"from": [19.15, 0.7, 7.8],
			"to": [19.6, 1, 8.8],
			"rotation": {"angle": 0, "axis": "y", "origin": [19.375, 0.85, 5.05]},
			"faces": {
				"north": {"uv": [8.09375, 13.39063, 8.21834, 13.60938], "rotation": 90, "texture": "#1"},
				"east": {"uv": [8.09375, 13.39063, 8.21834, 13.60938], "rotation": 90, "texture": "#1"},
				"south": {"uv": [8.09375, 13.39063, 8.21834, 13.60938], "rotation": 90, "texture": "#1"},
				"west": {"uv": [8.09375, 13.39063, 8.21834, 13.60938], "rotation": 90, "texture": "#1"},
				"down": {"uv": [8.09375, 13.39063, 8.21834, 13.60938], "rotation": 90, "texture": "#1"}
			}
		},
		{
			"from": [19.15, 0.7, 1.3],
			"to": [19.6, 1, 2.3],
			"rotation": {"angle": 0, "axis": "y", "origin": [19.375, 0.85, 5.05]},
			"faces": {
				"north": {"uv": [8.09375, 13.39063, 8.21834, 13.60938], "rotation": 90, "texture": "#1"},
				"east": {"uv": [8.09375, 13.39063, 8.21834, 13.60938], "rotation": 90, "texture": "#1"},
				"south": {"uv": [8.09375, 13.39063, 8.21834, 13.60938], "rotation": 90, "texture": "#1"},
				"west": {"uv": [8.09375, 13.39063, 8.21834, 13.60938], "rotation": 90, "texture": "#1"},
				"down": {"uv": [8.09375, 13.39063, 8.21834, 13.60938], "rotation": 90, "texture": "#1"}
			}
		},
		{
			"from": [28.65, 0.7, 7.8],
			"to": [29.1, 1, 8.8],
			"rotation": {"angle": 0, "axis": "y", "origin": [28.5, 2.15, 6.8]},
			"faces": {
				"north": {"uv": [8.09375, 13.39063, 8.21834, 13.60938], "rotation": 90, "texture": "#1"},
				"east": {"uv": [8.09375, 13.39063, 8.21834, 13.60938], "rotation": 90, "texture": "#1"},
				"south": {"uv": [8.09375, 13.39063, 8.21834, 13.60938], "rotation": 90, "texture": "#1"},
				"west": {"uv": [8.09375, 13.39063, 8.21834, 13.60938], "rotation": 90, "texture": "#1"},
				"down": {"uv": [8.09375, 13.39063, 8.21834, 13.60938], "rotation": 90, "texture": "#1"}
			}
		},
		{
			"from": [28.65, 3.4, 1.3],
			"to": [29.1, 3.7, 2.3],
			"rotation": {"angle": 0, "axis": "y", "origin": [28.5, 4.85, 0.3]},
			"faces": {
				"north": {"uv": [8.09375, 13.39063, 8.21834, 13.60938], "rotation": 90, "texture": "#1"},
				"east": {"uv": [8.09375, 13.39063, 8.21834, 13.60938], "rotation": 90, "texture": "#1"},
				"south": {"uv": [8.09375, 13.39063, 8.21834, 13.60938], "rotation": 90, "texture": "#1"},
				"west": {"uv": [8.09375, 13.39063, 8.21834, 13.60938], "rotation": 90, "texture": "#1"},
				"down": {"uv": [8.09375, 13.39063, 8.21834, 13.60938], "rotation": 90, "texture": "#1"}
			}
		},
		{
			"from": [19, 3.7, 1.05],
			"to": [29.25, 6.1, 9.05],
			"rotation": {"angle": 0, "axis": "y", "origin": [27.5, 7.2, 6.8]},
			"faces": {
				"north": {"uv": [5.25, 8.57813, 6.65625, 9.9375], "rotation": 180, "texture": "#1"},
				"east": {"uv": [5.25, 8.57813, 6.65625, 9.9375], "rotation": 180, "texture": "#1"},
				"south": {"uv": [11.875, 8.26563, 15.70313, 9.17188], "texture": "#1"},
				"west": {"uv": [5.25, 8.57813, 6.65625, 9.9375], "rotation": 180, "texture": "#1"},
				"up": {"uv": [5.25, 8.57813, 7.26563, 9.9375], "rotation": 180, "texture": "#1"},
				"down": {"uv": [5.25, 8.57813, 7.26563, 9.9375], "rotation": 180, "texture": "#1"}
			}
		},
		{
			"from": [19.15, 3.4, 7.8],
			"to": [19.6, 3.7, 8.8],
			"rotation": {"angle": 0, "axis": "y", "origin": [19.375, 3.55, 5.05]},
			"faces": {
				"north": {"uv": [8.09375, 13.39063, 8.21834, 13.60938], "rotation": 90, "texture": "#1"},
				"east": {"uv": [8.09375, 13.39063, 8.21834, 13.60938], "rotation": 90, "texture": "#1"},
				"south": {"uv": [8.09375, 13.39063, 8.21834, 13.60938], "rotation": 90, "texture": "#1"},
				"west": {"uv": [8.09375, 13.39063, 8.21834, 13.60938], "rotation": 90, "texture": "#1"},
				"down": {"uv": [8.09375, 13.39063, 8.21834, 13.60938], "rotation": 90, "texture": "#1"}
			}
		},
		{
			"from": [19.15, 3.4, 1.3],
			"to": [19.6, 3.7, 2.3],
			"rotation": {"angle": 0, "axis": "y", "origin": [19.375, 3.55, 5.05]},
			"faces": {
				"north": {"uv": [8.09375, 13.39063, 8.21834, 13.60938], "rotation": 90, "texture": "#1"},
				"east": {"uv": [8.09375, 13.39063, 8.21834, 13.60938], "rotation": 90, "texture": "#1"},
				"south": {"uv": [8.09375, 13.39063, 8.21834, 13.60938], "rotation": 90, "texture": "#1"},
				"west": {"uv": [8.09375, 13.39063, 8.21834, 13.60938], "rotation": 90, "texture": "#1"},
				"down": {"uv": [8.09375, 13.39063, 8.21834, 13.60938], "rotation": 90, "texture": "#1"}
			}
		},
		{
			"from": [28.65, 3.4, 7.8],
			"to": [29.1, 3.7, 8.8],
			"rotation": {"angle": 0, "axis": "y", "origin": [28.5, 4.85, 6.8]},
			"faces": {
				"north": {"uv": [8.09375, 13.39063, 8.21834, 13.60938], "rotation": 90, "texture": "#1"},
				"east": {"uv": [8.09375, 13.39063, 8.21834, 13.60938], "rotation": 90, "texture": "#1"},
				"south": {"uv": [8.09375, 13.39063, 8.21834, 13.60938], "rotation": 90, "texture": "#1"},
				"west": {"uv": [8.09375, 13.39063, 8.21834, 13.60938], "rotation": 90, "texture": "#1"},
				"down": {"uv": [8.09375, 13.39063, 8.21834, 13.60938], "rotation": 90, "texture": "#1"}
			}
		},
		{
			"from": [28.65, 6.1, 1.3],
			"to": [29.1, 6.4, 2.3],
			"rotation": {"angle": 0, "axis": "y", "origin": [28.5, 7.55, 0.3]},
			"faces": {
				"north": {"uv": [8.09375, 13.39063, 8.21834, 13.60938], "rotation": 90, "texture": "#1"},
				"east": {"uv": [8.09375, 13.39063, 8.21834, 13.60938], "rotation": 90, "texture": "#1"},
				"south": {"uv": [8.09375, 13.39063, 8.21834, 13.60938], "rotation": 90, "texture": "#1"},
				"west": {"uv": [8.09375, 13.39063, 8.21834, 13.60938], "rotation": 90, "texture": "#1"},
				"down": {"uv": [8.09375, 13.39063, 8.21834, 13.60938], "rotation": 90, "texture": "#1"}
			}
		},
		{
			"from": [19, 6.4, 1.05],
			"to": [29.25, 8.8, 9.05],
			"rotation": {"angle": 0, "axis": "y", "origin": [27.5, 9.9, 6.8]},
			"faces": {
				"north": {"uv": [5.25, 8.57813, 6.65625, 9.9375], "rotation": 180, "texture": "#1"},
				"east": {"uv": [0.0625, 6.35938, 0.85938, 6.84375], "rotation": 90, "texture": "#1"},
				"south": {"uv": [11.8125, 7.25, 15.64063, 8.15625], "texture": "#1"},
				"west": {"uv": [0.0625, 6.35938, 0.85938, 6.84375], "rotation": 180, "texture": "#1"},
				"up": {"uv": [0.0625, 6.35938, 0.85938, 6.84375], "rotation": 180, "texture": "#1"},
				"down": {"uv": [5.25, 8.57813, 7.26563, 9.9375], "rotation": 180, "texture": "#1"}
			}
		},
		{
			"from": [19.15, 6.1, 7.8],
			"to": [19.6, 6.4, 8.8],
			"rotation": {"angle": 0, "axis": "y", "origin": [19.375, 6.25, 5.05]},
			"faces": {
				"north": {"uv": [8.09375, 13.39063, 8.21834, 13.60938], "rotation": 90, "texture": "#1"},
				"east": {"uv": [8.09375, 13.39063, 8.21834, 13.60938], "rotation": 90, "texture": "#1"},
				"south": {"uv": [8.09375, 13.39063, 8.21834, 13.60938], "rotation": 90, "texture": "#1"},
				"west": {"uv": [8.09375, 13.39063, 8.21834, 13.60938], "rotation": 90, "texture": "#1"},
				"down": {"uv": [8.09375, 13.39063, 8.21834, 13.60938], "rotation": 90, "texture": "#1"}
			}
		},
		{
			"from": [19.15, 6.1, 1.3],
			"to": [19.6, 6.4, 2.3],
			"rotation": {"angle": 0, "axis": "y", "origin": [19.375, 6.25, 5.05]},
			"faces": {
				"north": {"uv": [8.09375, 13.39063, 8.21834, 13.60938], "rotation": 90, "texture": "#1"},
				"east": {"uv": [8.09375, 13.39063, 8.21834, 13.60938], "rotation": 90, "texture": "#1"},
				"south": {"uv": [8.09375, 13.39063, 8.21834, 13.60938], "rotation": 90, "texture": "#1"},
				"west": {"uv": [8.09375, 13.39063, 8.21834, 13.60938], "rotation": 90, "texture": "#1"},
				"down": {"uv": [8.09375, 13.39063, 8.21834, 13.60938], "rotation": 90, "texture": "#1"}
			}
		},
		{
			"from": [28.65, 6.1, 7.8],
			"to": [29.1, 6.4, 8.8],
			"rotation": {"angle": 0, "axis": "y", "origin": [28.5, 7.55, 6.8]},
			"faces": {
				"north": {"uv": [8.09375, 13.39063, 8.21834, 13.60938], "rotation": 90, "texture": "#1"},
				"east": {"uv": [8.09375, 13.39063, 8.21834, 13.60938], "rotation": 90, "texture": "#1"},
				"south": {"uv": [8.09375, 13.39063, 8.21834, 13.60938], "rotation": 90, "texture": "#1"},
				"west": {"uv": [8.09375, 13.39063, 8.21834, 13.60938], "rotation": 90, "texture": "#1"},
				"down": {"uv": [8.09375, 13.39063, 8.21834, 13.60938], "rotation": 90, "texture": "#1"}
			}
		},
		{
			"name": "hexadecagon",
			"from": [20.0656, 7.15, 9.05],
			"to": [20.2844, 8.25, 9.575],
			"rotation": {"angle": 22.5, "axis": "z", "origin": [20.175, 7.7, 9.31111]},
			"faces": {
				"south": {"uv": [5.625, 4.76563, 5.64063, 4.78125], "texture": "#1"},
				"up": {"uv": [5.625, 4.76563, 5.64063, 4.78125], "texture": "#1"},
				"down": {"uv": [5.625, 4.76563, 5.64063, 4.78125], "texture": "#1"}
			}
		},
		{
			"name": "hexadecagon",
			"from": [19.625, 7.5906, 9.05],
			"to": [20.725, 7.8094, 9.575],
			"rotation": {"angle": 22.5, "axis": "z", "origin": [20.175, 7.7, 9.31111]},
			"faces": {
				"east": {"uv": [5.625, 4.76563, 5.64063, 4.78125], "rotation": 90, "texture": "#1"},
				"south": {"uv": [5.625, 4.76563, 5.64063, 4.78125], "rotation": 90, "texture": "#1"},
				"west": {"uv": [5.625, 4.76563, 5.64063, 4.78125], "rotation": 90, "texture": "#1"}
			}
		},
		{
			"name": "hexadecagon",
			"from": [20.0656, 7.15, 9.05],
			"to": [20.2844, 8.25, 9.575],
			"rotation": {"angle": -22.5, "axis": "z", "origin": [20.175, 7.7, 9.31111]},
			"faces": {
				"south": {"uv": [5.625, 4.76563, 5.64063, 4.78125], "texture": "#1"},
				"up": {"uv": [5.625, 4.76563, 5.64063, 4.78125], "texture": "#1"},
				"down": {"uv": [5.625, 4.76563, 5.64063, 4.78125], "texture": "#1"}
			}
		},
		{
			"name": "hexadecagon",
			"from": [19.625, 7.5906, 9.05],
			"to": [20.725, 7.8094, 9.575],
			"rotation": {"angle": -22.5, "axis": "z", "origin": [20.175, 7.7, 9.31111]},
			"faces": {
				"east": {"uv": [5.625, 4.76563, 5.64063, 4.78125], "rotation": 90, "texture": "#1"},
				"south": {"uv": [5.625, 4.76563, 5.64063, 4.78125], "rotation": 90, "texture": "#1"},
				"west": {"uv": [5.625, 4.76563, 5.64063, 4.78125], "rotation": 90, "texture": "#1"}
			}
		},
		{
			"name": "hexadecagon",
			"from": [20.0656, 7.15, 9.05],
			"to": [20.2844, 8.25, 9.575],
			"rotation": {"angle": 0, "axis": "z", "origin": [20.175, 7.7, 9.31111]},
			"faces": {
				"south": {"uv": [5.625, 4.76563, 5.64063, 4.78125], "texture": "#1"},
				"up": {"uv": [5.625, 4.76563, 5.64063, 4.78125], "texture": "#1"},
				"down": {"uv": [5.625, 4.76563, 5.64063, 4.78125], "texture": "#1"}
			}
		},
		{
			"name": "hexadecagon",
			"from": [19.625, 7.5906, 9.05],
			"to": [20.725, 7.8094, 9.575],
			"rotation": {"angle": 0, "axis": "z", "origin": [20.175, 7.7, 9.31111]},
			"faces": {
				"east": {"uv": [5.625, 4.76563, 5.64063, 4.78125], "rotation": 90, "texture": "#1"},
				"south": {"uv": [5.625, 4.76563, 5.64063, 4.78125], "rotation": 90, "texture": "#1"},
				"west": {"uv": [5.625, 4.76563, 5.64063, 4.78125], "rotation": 90, "texture": "#1"}
			}
		},
		{
			"name": "hexadecagon",
			"from": [20.0656, 7.15, 9.05],
			"to": [20.2844, 8.25, 9.575],
			"rotation": {"angle": -45, "axis": "z", "origin": [20.175, 7.7, 9.31111]},
			"faces": {
				"south": {"uv": [5.625, 4.76563, 5.64063, 4.78125], "texture": "#1"},
				"up": {"uv": [5.625, 4.76563, 5.64063, 4.78125], "texture": "#1"},
				"down": {"uv": [5.625, 4.76563, 5.64063, 4.78125], "texture": "#1"}
			}
		},
		{
			"name": "hexadecagon",
			"from": [20.175, 7.5906, 9.05],
			"to": [20.725, 7.8094, 9.575],
			"rotation": {"angle": -45, "axis": "z", "origin": [20.175, 7.7, 9.31111]},
			"faces": {
				"east": {"uv": [5.625, 4.76563, 5.64063, 4.78125], "rotation": 90, "texture": "#1"},
				"south": {"uv": [5.625, 4.76563, 5.64063, 4.78125], "rotation": 90, "texture": "#1"}
			}
		},
		{
			"name": "hexadecagon",
			"from": [19.625, 7.5906, 9.05],
			"to": [20.175, 7.8094, 9.55],
			"rotation": {"angle": -45, "axis": "z", "origin": [20.175, 7.7, 9.31111]},
			"faces": {
				"south": {"uv": [5.35938, 4.90625, 5.375, 4.92188], "rotation": 90, "texture": "#1"},
				"west": {"uv": [5.35938, 4.90625, 5.375, 4.92188], "rotation": 90, "texture": "#1"}
			}
		},
		{
			"from": [1, 12.25, 0],
			"to": [7, 25.5, 10.25],
			"faces": {
				"north": {"uv": [12.10938, 11.28125, 13.5625, 13.48438], "texture": "#0"},
				"east": {"uv": [11.98438, 11.28125, 13.59375, 13.48438], "texture": "#0"},
				"south": {"uv": [13.54688, 0.04688, 11.20313, 2.71875], "texture": "#0"},
				"west": {"uv": [13.59375, 11.28125, 11.98438, 13.48438], "texture": "#0"},
				"up": {"uv": [13.59375, 11.28125, 11.98438, 13.48438], "rotation": 90, "texture": "#0"},
				"down": {"uv": [0, 0, 0.09375, 0.16016], "texture": "#missing"}
			}
		},
		{
			"from": [3.05, 13, -0.025],
			"to": [6.25, 14.55, 0],
			"rotation": {"angle": 0, "axis": "y", "origin": [6.65, 0.775, -0.0125]},
			"faces": {
				"north": {"uv": [2.96875, 8.32813, 3.875, 8.76563], "texture": "#0"},
				"east": {"uv": [2.96875, 7.76563, 3.875, 7.78125], "texture": "#0"},
				"west": {"uv": [2.96875, 7.76563, 3.875, 7.78125], "texture": "#0"},
				"up": {"uv": [2.96875, 7.76563, 3.875, 7.78125], "rotation": 180, "texture": "#0"},
				"down": {"uv": [2.96875, 7.76563, 3.875, 7.78125], "rotation": 180, "texture": "#0"}
			}
		},
		{
			"from": [3.425, 21.975, -0.025],
			"to": [6.25, 23.3, 0],
			"rotation": {"angle": 0, "axis": "y", "origin": [-13.0875, 2.8625, -2.2375]},
			"faces": {
				"north": {"uv": [9.10938, 8.53125, 10.09375, 9.03125], "rotation": 180, "texture": "#0"},
				"east": {"uv": [14.625, 0.25, 14.64063, 0.26563], "texture": "#2"},
				"west": {"uv": [14.625, 0.25, 14.64063, 0.26563], "texture": "#2"},
				"up": {"uv": [14.625, 0.25, 14.64063, 0.26563], "rotation": 180, "texture": "#2"},
				"down": {"uv": [14.625, 0.25, 14.64063, 0.26563], "rotation": 180, "texture": "#2"}
			}
		},
		{
			"from": [3.425, 23.3, -0.025],
			"to": [6.25, 24.625, 0],
			"rotation": {"angle": 0, "axis": "y", "origin": [-13.0875, 2.1875, -2.2375]},
			"faces": {
				"north": {"uv": [9.10938, 8.53125, 10.09375, 9.03125], "rotation": 180, "texture": "#0"},
				"east": {"uv": [14.625, 0.25, 14.64063, 0.26563], "texture": "#2"},
				"west": {"uv": [14.625, 0.25, 14.64063, 0.26563], "texture": "#2"},
				"up": {"uv": [14.625, 0.25, 14.64063, 0.26563], "rotation": 180, "texture": "#2"},
				"down": {"uv": [14.625, 0.25, 14.64063, 0.26563], "rotation": 180, "texture": "#2"}
			}
		},
		{
			"from": [8.25, 12.25, 1.25],
			"to": [15.825, 18.15, 9.25],
			"rotation": {"angle": 22.5, "axis": "y", "origin": [12.7875, 16.7, 5.25]},
			"faces": {
				"north": {"uv": [0, 14.25, 1.25, 16], "rotation": 90, "texture": "#0"},
				"east": {"uv": [0, 14.25, 1.25, 16], "rotation": 90, "texture": "#0"},
				"south": {"uv": [13.59375, 2.34375, 15.9375, 4], "texture": "#0"},
				"west": {"uv": [0, 14.25, 1.25, 16], "rotation": 90, "texture": "#0"},
				"down": {"uv": [12.29688, 13.5625, 13.65625, 15.45313], "texture": "#0"}
			}
		},
		{
			"from": [8.25, 18.15, 1.25],
			"to": [15.825, 27.05, 9.25],
			"rotation": {"angle": 22.5, "axis": "y", "origin": [12.7875, 12.6, 5.25]},
			"faces": {
				"north": {"uv": [12.29688, 13.5625, 13.65625, 15.45313], "texture": "#0"},
				"east": {"uv": [9.54688, 13.5625, 10.90625, 15.45313], "texture": "#0"},
				"south": {"uv": [13.625, 0, 15.95313, 2.34375], "texture": "#0"},
				"west": {"uv": [9.54688, 13.5625, 10.90625, 15.45313], "texture": "#0"},
				"up": {"uv": [12.29688, 13.5625, 13.65625, 15.45313], "texture": "#0"}
			}
		},
		{
			"from": [19.75, 12.25, 0.25],
			"to": [29, 15.75, 8.5],
			"faces": {
				"north": {"uv": [1.8125, 9.125, 0, 9.6875], "texture": "#1"},
				"east": {"uv": [1.8125, 9.125, 0, 9.6875], "texture": "#1"},
				"south": {"uv": [11.23438, 7.20313, 13.54688, 7.98438], "texture": "#0"},
				"west": {"uv": [1.8125, 9.125, 0, 9.6875], "texture": "#1"},
				"up": {"uv": [1.8125, 9.125, 0, 9.6875], "rotation": 180, "texture": "#1"}
			}
		},
		{
			"from": [22, 15.75, 2.4],
			"to": [27, 16, 7.4],
			"rotation": {"angle": -22.5, "axis": "y", "origin": [24.49, 17.96, 5.4025]},
			"faces": {
				"north": {"uv": [5.17188, 15.04688, 7.25, 15.57813], "rotation": 270, "texture": "#0"},
				"east": {"uv": [5.17188, 15.04688, 7.25, 15.57813], "rotation": 270, "texture": "#0"},
				"south": {"uv": [5.17188, 15.04688, 7.25, 15.57813], "rotation": 270, "texture": "#0"},
				"west": {"uv": [5.17188, 15.04688, 7.25, 15.57813], "rotation": 270, "texture": "#0"},
				"up": {"uv": [5.17188, 15.04688, 7.25, 15.57813], "rotation": 270, "texture": "#0"}
			}
		},
		{
			"from": [23, 16, 2.9],
			"to": [26, 16.25, 6.4],
			"rotation": {"angle": -22.5, "axis": "y", "origin": [24.49, 17.96, 5.4025]},
			"faces": {
				"north": {"uv": [5.17188, 15.04688, 7.25, 15.57813], "rotation": 270, "texture": "#0"},
				"east": {"uv": [5.17188, 15.04688, 7.25, 15.57813], "rotation": 270, "texture": "#0"},
				"south": {"uv": [5.17188, 15.04688, 7.25, 15.57813], "rotation": 270, "texture": "#0"},
				"west": {"uv": [5.17188, 15.04688, 7.25, 15.57813], "rotation": 270, "texture": "#0"}
			}
		},
		{
			"from": [21.8, 16.25, 2.65],
			"to": [27.2, 16.8, 6.9],
			"rotation": {"angle": -22.5, "axis": "y", "origin": [24.49, 17.96, 5.4025]},
			"faces": {
				"north": {"uv": [5.17188, 15.04688, 7.25, 15.57813], "rotation": 270, "texture": "#0"},
				"east": {"uv": [5.17188, 15.04688, 7.25, 15.57813], "rotation": 270, "texture": "#0"},
				"south": {"uv": [0.23438, 13.73438, 2.3125, 13.89063], "texture": "#0"},
				"west": {"uv": [5.17188, 15.04688, 7.25, 15.57813], "rotation": 270, "texture": "#0"},
				"down": {"uv": [5.17188, 15.04688, 7.25, 15.57813], "rotation": 270, "texture": "#0"}
			}
		},
		{
			"from": [20.55, 16.8, 2.15],
			"to": [28.45, 24.4, 7.4],
			"rotation": {"angle": -22.5, "axis": "y", "origin": [24.49, 17.96, 5.4025]},
			"faces": {
				"north": {"uv": [1.45313, 0, 2.17188, 1.625], "rotation": 270, "texture": "#1"},
				"east": {"uv": [2.17188, 0, 0.85938, 1.6875], "texture": "#1"},
				"south": {"uv": [9.29688, 11.57813, 11.82813, 13.70313], "texture": "#1"},
				"west": {"uv": [0.85938, 0, 2.17188, 1.6875], "texture": "#1"},
				"up": {"uv": [0.39063, 6.96875, 1.70313, 8.65625], "rotation": 90, "texture": "#1"},
				"down": {"uv": [0.39063, 6.96875, 1.70313, 8.65625], "rotation": 90, "texture": "#1"}
			}
		},
		{
			"from": [21.325, 17.7, 7.4],
			"to": [27.575, 23.65, 7.425],
			"rotation": {"angle": -22.5, "axis": "y", "origin": [24.49, 17.96, 5.4025]},
			"faces": {
				"east": {"uv": [11.5625, 10.75, 11.625, 10.8125], "texture": "#2"},
				"south": {"uv": [5, 9.6875, 12.25, 16], "texture": "#2"},
				"west": {"uv": [11.5625, 10.75, 11.625, 10.8125], "texture": "#2"},
				"up": {"uv": [11.5625, 10.75, 11.625, 10.8125], "texture": "#2"},
				"down": {"uv": [11.5625, 10.75, 11.625, 10.8125], "texture": "#2"}
			}
		},
		{
			"from": [-7, 20.5, 4.5],
			"to": [-3.75, 21, 7.25],
			"rotation": {"angle": 0, "axis": "y", "origin": [-7.02368, 16.3125, 6.46771]},
			"faces": {
				"north": {"uv": [10, 10, 10.01563, 10.01563], "texture": "#1"},
				"east": {"uv": [10, 10, 10.01563, 10.01563], "texture": "#1"},
				"south": {"uv": [10, 10, 10.01563, 10.01563], "texture": "#1"},
				"west": {"uv": [10, 10, 10.01563, 10.01563], "texture": "#1"}
			}
		},
		{
			"from": [-6.39868, 12.25, 4.92604],
			"to": [-3.14868, 12.75, 7.67604],
			"rotation": {"angle": 22.5, "axis": "y", "origin": [-7.02368, 16.3125, 6.46771]},
			"faces": {
				"north": {"uv": [10, 10, 10.01563, 10.01563], "texture": "#1"},
				"east": {"uv": [10, 10, 10.01563, 10.01563], "texture": "#1"},
				"south": {"uv": [10, 10, 10.01563, 10.01563], "texture": "#1"},
				"west": {"uv": [10, 10, 10.01563, 10.01563], "texture": "#1"}
			}
		},
		{
			"from": [-12.64868, 12.25, 5.17604],
			"to": [-9.39868, 12.75, 7.92604],
			"rotation": {"angle": 22.5, "axis": "y", "origin": [-7.02368, 16.3125, 6.46771]},
			"faces": {
				"north": {"uv": [10, 10, 10.01563, 10.01563], "texture": "#1"},
				"east": {"uv": [10, 10, 10.01563, 10.01563], "texture": "#1"},
				"south": {"uv": [10, 10, 10.01563, 10.01563], "texture": "#1"},
				"west": {"uv": [10, 10, 10.01563, 10.01563], "texture": "#1"}
			}
		},
		{
			"from": [-7.25, 21, 4.25],
			"to": [-3.5, 24.75, 7.5],
			"rotation": {"angle": 0, "axis": "y", "origin": [-7.02368, 16.3125, 6.46771]},
			"faces": {
				"north": {"uv": [12.125, 13.46875, 12.29688, 13.5625], "texture": "#1"},
				"east": {"uv": [12.125, 13.46875, 12.29688, 13.5625], "texture": "#1"},
				"south": {"uv": [12.125, 12.32813, 13.39063, 13.5625], "texture": "#1"},
				"west": {"uv": [12.125, 13.46875, 12.29688, 13.5625], "texture": "#1"},
				"up": {"uv": [12.125, 13.46875, 12.29688, 13.5625], "texture": "#1"},
				"down": {"uv": [12.125, 13.46875, 12.29688, 13.5625], "texture": "#1"}
			}
		},
		{
			"from": [-6.64868, 12.75, 4.67604],
			"to": [-2.89868, 16.5, 7.92604],
			"rotation": {"angle": 22.5, "axis": "y", "origin": [-7.02368, 16.3125, 6.46771]},
			"faces": {
				"north": {"uv": [12.125, 13.46875, 12.29688, 13.5625], "texture": "#1"},
				"east": {"uv": [12.125, 13.46875, 12.29688, 13.5625], "texture": "#1"},
				"south": {"uv": [12.125, 12.32813, 13.39063, 13.5625], "texture": "#1"},
				"west": {"uv": [12.125, 13.46875, 12.29688, 13.5625], "texture": "#1"},
				"up": {"uv": [12.125, 13.46875, 12.29688, 13.5625], "texture": "#1"},
				"down": {"uv": [12.125, 13.46875, 12.29688, 13.5625], "texture": "#1"}
			}
		},
		{
			"from": [-12.89868, 12.75, 4.92604],
			"to": [-9.14868, 16.5, 8.17604],
			"rotation": {"angle": 22.5, "axis": "y", "origin": [-7.02368, 16.3125, 6.46771]},
			"faces": {
				"north": {"uv": [12.125, 13.46875, 12.29688, 13.5625], "texture": "#1"},
				"east": {"uv": [12.125, 13.46875, 12.29688, 13.5625], "texture": "#1"},
				"south": {"uv": [12.125, 12.32813, 13.39063, 13.5625], "texture": "#1"},
				"west": {"uv": [12.125, 13.46875, 12.29688, 13.5625], "texture": "#1"},
				"up": {"uv": [12.125, 13.46875, 12.29688, 13.5625], "texture": "#1"},
				"down": {"uv": [12.125, 13.46875, 12.29688, 13.5625], "texture": "#1"}
			}
		},
		{
			"from": [-8, -8.5, 10.025],
			"to": [-5.16, -4.59, 10.025],
			"rotation": {"angle": 22.5, "axis": "z", "origin": [-5.83, -7.045, 10]},
			"faces": {
				"north": {"uv": [7.0625, 4.8125, 5.23438, 7.28125], "texture": "#0"},
				"south": {"uv": [5.23438, 4.8125, 7.0625, 7.28125], "texture": "#0"}
			}
		}
	],
	"display": {
		"thirdperson_righthand": {
			"rotation": [45, 60, 0],
			"translation": [0.5, 0, -0.25],
			"scale": [0.21, 0.21, 0.21]
		},
		"thirdperson_lefthand": {
			"rotation": [45, 60, 0],
			"translation": [-0.5, 0, -0.25],
			"scale": [0.21, 0.21, 0.21]
		},
		"firstperson_righthand": {
			"rotation": [0, -66.5, 0],
			"translation": [0, -1, 0],
			"scale": [0.3, 0.3, 0.3]
		},
		"firstperson_lefthand": {
			"rotation": [0, -66.5, 0],
			"translation": [0, -1, 0],
			"scale": [0.3, 0.3, 0.3]
		},
		"ground": {
			"translation": [0, 3, 0],
			"scale": [0.25, 0.25, 0.25]
		},
		"gui": {
			"rotation": [30, 45, 0],
			"translation": [0.75, 0, 0],
			"scale": [0.29258, 0.29258, 0.29258]
		},
		"fixed": {
			"rotation": [-90, 0, 0],
			"translation": [0, 0, -47],
			"scale": [2, 2, 2]
		}
	},
	"groups": [
		{
			"name": "shelf",
			"origin": [-36.5, 8, -0.5],
			"children": [0, 1, 2, 3, 4, 5, 6, 7, 8, 9, 10, 11, 12, 13, 14, 15, 16, 17, 18, 19, 20, 21, 22]
		},
		{
			"name": "pc",
			"origin": [-5.92388, -8.25, 8],
			"children": [23, 24, 25, 26, 27, 28, 29, 30, 31, 32, 33, 34, 35, 36]
		},
		{
			"name": "radio equipment",
			"origin": [8, 8, 8],
			"children": [37]
		},
		{
			"name": "monitor",
			"origin": [-4.5, -4.75, 8.25],
			"children": [38, 39]
		},
		{
			"name": "vcr",
			"origin": [-12, 1, 8],
			"children": [40, 41, 42, 43, 44]
		},
		{
			"name": "server",
			"origin": [2.75, -8.13997, 8.69858],
			"children": [45, 46, 47, 48, 49, 50, 51, 52, 53, 54]
		},
		{
			"name": "cd player",
			"origin": [8, 8, 8],
			"children": [55]
		},
		{
			"name": "audio equipment",
			"origin": [8, 6.1, 8],
			"children": [56, 57, 58, 59, 60]
		},
		{
			"name": "server 2",
			"origin": [8, 8, 8],
			"children": [61, 62]
		},
		{
			"name": "radio equipment 2",
			"origin": [8, 6.1, 8],
			"children": [63, 64, 65, 66, 67]
		},
		{
			"name": "cd player 2",
			"origin": [8, 6.1, 8],
			"children": [68, 69, 70, 71, 72]
		},
		{
			"name": "audio equipment 2",
			"origin": [8, 6.1, 8],
			"children": [73, 74, 75, 76, 77,
				{
					"name": "knob",
					"origin": [8, 8, 8],
					"children": [78, 79, 80, 81, 82, 83, 84, 85, 86]
				}
			]
		},
		{
			"name": "pc 2",
			"origin": [-13.0875, 2.1875, -2.2375],
			"children": [87, 88, 89, 90]
		},
		{
			"name": "radio stack",
			"origin": [12.7875, 12.6, 5.25],
			"children": [91, 92]
		},
		{
			"name": "server tray",
			"origin": [8, 8, 8],
			"children": [93]
		},
		{
			"name": "blue monitor",
			"origin": [8, 8, 8],
			"children": [94, 95, 96, 97, 98]
		},
		{
			"name": "small screens",
			"origin": [-7.02368, 16.3125, 6.46771],
			"children": [99, 100, 101, 102, 103, 104]
		}, 105]
}