{
	"credit": "Made with Blockbench",
	"textures": {
		"0": "models/texture_0",
		"1": "models/texture_1",
		"3": "models/texture_3",
		"4": "models/texture_4",
		"5": "models/texture_5",
		"6": "models/texture_2",
		"particle": "models/texture_0"
	},
	"elements": [
		{
			"from": [7.25, 2, 0],
			"to": [8.25, 5, 1],
			"rotation": {"angle": 0, "axis": "y", "origin": [17.25, 11, 8]},
			"faces": {
				"north": {"uv": [14.78125, 0, 16, 2.875], "texture": "#0"},
				"east": {"uv": [2.46875, 8.90625, 4.09375, 11.25], "texture": "#0"},
				"south": {"uv": [2.65625, 8.875, 3.96875, 11.21875], "texture": "#0"},
				"west": {"uv": [2.4375, 9, 4.0625, 11.34375], "texture": "#0"},
				"up": {"uv": [2.46875, 8.90625, 4.15625, 11.09375], "texture": "#0"},
				"down": {"uv": [0.09375, 3.4375, 0.65625, 4.4375], "texture": "#0"}
			}
		},
		{
			"from": [7.5, 2.75, 4.25],
			"to": [8.25, 3.15, 4.35],
			"rotation": {"angle": 0, "axis": "y", "origin": [17.25, 9.5, 12.25]},
			"faces": {
				"north": {"uv": [13.5625, 3, 15.84375, 3.8125], "texture": "#0"},
				"east": {"uv": [11.3125, 3, 12.625, 3.8125], "texture": "#0"},
				"south": {"uv": [13.5625, 3, 15.84375, 3.8125], "texture": "#0"},
				"west": {"uv": [11.1875, 3.03125, 12.5, 3.84375], "texture": "#0"},
				"up": {"uv": [11.46875, 3.09375, 13.75, 3.90625], "texture": "#0"},
				"down": {"uv": [11.5, 3.0625, 13.78125, 3.875], "texture": "#0"}
			}
		},
		{
			"from": [7.5, 3.75, 4.25],
			"to": [8.25, 4.15, 4.35],
			"rotation": {"angle": 0, "axis": "y", "origin": [17.25, 10.5, 12.25]},
			"faces": {
				"north": {"uv": [13.5625, 3, 15.84375, 3.8125], "texture": "#0"},
				"east": {"uv": [11.3125, 3, 12.625, 3.8125], "texture": "#0"},
				"south": {"uv": [13.5625, 3, 15.84375, 3.8125], "texture": "#0"},
				"west": {"uv": [11.1875, 3.03125, 12.5, 3.84375], "texture": "#0"},
				"up": {"uv": [11.46875, 3.09375, 13.75, 3.90625], "texture": "#0"},
				"down": {"uv": [11.5, 3.0625, 13.78125, 3.875], "texture": "#0"}
			}
		},
		{
			"from": [7.75, 3.8, 1],
			"to": [8, 4.1, 4.25],
			"rotation": {"angle": 0, "axis": "y", "origin": [17.25, 10.25, 9]},
			"faces": {
				"north": {"uv": [5.84375, 10.28125, 10.46875, 10.90625], "texture": "#0"},
				"east": {"uv": [5.84375, 10.28125, 10.46875, 10.90625], "texture": "#0"},
				"south": {"uv": [5.84375, 10.28125, 10.46875, 10.90625], "texture": "#0"},
				"west": {"uv": [5.84375, 10.28125, 10.46875, 10.90625], "texture": "#0"},
				"up": {"uv": [5.84375, 10.28125, 10.46875, 10.90625], "rotation": 90, "texture": "#0"},
				"down": {"uv": [5.84375, 10.28125, 10.46875, 10.90625], "rotation": 90, "texture": "#0"}
			}
		},
		{
			"from": [7.75, 2.8, 1],
			"to": [8, 3.1, 4.25],
			"rotation": {"angle": 0, "axis": "y", "origin": [17.25, 9.25, 9]},
			"faces": {
				"north": {"uv": [10.90625, 4, 15.90625, 5.1875], "texture": "#0"},
				"east": {"uv": [10.90625, 4, 15.90625, 5.1875], "texture": "#0"},
				"south": {"uv": [10.90625, 4, 15.90625, 5.1875], "texture": "#0"},
				"west": {"uv": [10.90625, 4, 15.90625, 5.1875], "texture": "#0"},
				"up": {"uv": [10.90625, 4, 15.90625, 5.1875], "rotation": 90, "texture": "#0"},
				"down": {"uv": [10.90625, 4, 15.90625, 5.1875], "rotation": 90, "texture": "#0"}
			}
		},
		{
			"from": [7.5, 3.5, 5.75],
			"to": [8.25, 4.25, 8.25],
			"rotation": {"angle": 0, "axis": "y", "origin": [15.75, 11.5, 13.75]},
			"faces": {
				"north": {"uv": [2.59375, 9.09375, 3.90625, 10.09375], "texture": "#0"},
				"east": {"uv": [0.3125, 8.8125, 2.25, 9.5625], "rotation": 180, "texture": "#0"},
				"south": {"uv": [6.90625, 11.1875, 7.4375, 11.65625], "texture": "#0"},
				"west": {"uv": [2.375, 9.84375, 0, 10.90625], "texture": "#0"},
				"up": {"uv": [0, 8.875, 1.21875, 9.78125], "rotation": 180, "texture": "#0"},
				"down": {"uv": [0, 0, 1.75, 3], "texture": "#missing"}
			}
		},
		{
			"from": [7.56, 4.55, 7.88],
			"to": [8.19, 5.18, 7.88],
			"rotation": {"angle": 0, "axis": "y", "origin": [15.82574, 12.48926, 15.899]},
			"faces": {
				"north": {"uv": [0, 0, 16, 16], "texture": "#5"},
				"east": {"uv": [0.3125, 8.8125, 2.25, 9.5625], "rotation": 180, "texture": "#0"},
				"south": {"uv": [0, 0, 16, 16], "texture": "#5"},
				"west": {"uv": [2.375, 9.84375, 0, 10.90625], "texture": "#0"},
				"up": {"uv": [0, 8.875, 1.21875, 9.78125], "rotation": 180, "texture": "#0"},
				"down": {"uv": [0, 0, 1.75, 3], "texture": "#missing"}
			}
		},
		{
			"from": [7.56, 4.55, 5.87],
			"to": [8.19, 5.18, 5.87],
			"rotation": {"angle": 0, "axis": "y", "origin": [15.82574, 13.48926, 13.899]},
			"faces": {
				"north": {"uv": [0, 0, 16, 16], "texture": "#5"},
				"east": {"uv": [0.3125, 8.8125, 2.25, 9.5625], "rotation": 180, "texture": "#0"},
				"south": {"uv": [0, 0, 16, 16], "texture": "#5"},
				"west": {"uv": [2.375, 9.84375, 0, 10.90625], "texture": "#0"},
				"up": {"uv": [0, 8.875, 1.21875, 9.78125], "rotation": 180, "texture": "#0"},
				"down": {"uv": [0, 0, 1.75, 3], "texture": "#missing"}
			}
		},
		{
			"from": [7.5, 2.75, 5.75],
			"to": [8.25, 3.5, 13.75],
			"rotation": {"angle": 0, "axis": "y", "origin": [15.75, 10.25, 13.75]},
			"faces": {
				"north": {"uv": [6.40625, 6.875, 16, 7.9375], "texture": "#0"},
				"east": {"uv": [6.375, 6.875, 15.53125, 7.8125], "rotation": 180, "texture": "#0"},
				"south": {"uv": [6.875, 11.1875, 7.46875, 11.6875], "texture": "#0"},
				"west": {"uv": [15.25, 6.875, 6.40625, 7.8125], "rotation": 180, "texture": "#0"},
				"up": {"uv": [6.3125, 5.3125, 16, 6.34375], "rotation": 90, "texture": "#0"},
				"down": {"uv": [10.90625, 4.15625, 16, 5.09375], "rotation": 90, "texture": "#0"}
			}
		},
		{
			"from": [7.5, 2, 9.5],
			"to": [8.25, 2.75, 12],
			"rotation": {"angle": 0, "axis": "y", "origin": [15.75, 9.5, 12]},
			"faces": {
				"north": {"uv": [3.625, 15.96875, 5.34375, 14.0625], "rotation": 180, "texture": "#0"},
				"east": {"uv": [0, 16, 3.625, 15], "texture": "#0"},
				"south": {"uv": [3.75, 15.875, 5.25, 14.125], "rotation": 180, "texture": "#0"},
				"west": {"uv": [0, 16, 3.625, 15], "rotation": 180, "texture": "#0"},
				"up": {"uv": [0, 16, 3.625, 15], "rotation": 180, "texture": "#0"},
				"down": {"uv": [0, 16, 3.65625, 15], "rotation": 90, "texture": "#0"}
			}
		},
		{
			"name": "octagon",
			"from": [7.8, 3.6, 8.25],
			"to": [7.92426, 3.9, 14.75],
			"rotation": {"angle": 0, "axis": "y", "origin": [7.7, 3.75, 12.5]},
			"faces": {
				"north": {"uv": [6.6875, 15.03125, 16, 16], "texture": "#0"},
				"east": {"uv": [6.6875, 15.4375, 16, 16], "texture": "#0"},
				"south": {"uv": [6.6875, 15.03125, 7.125, 16], "texture": "#0"},
				"west": {"uv": [6.6875, 15.03125, 16, 16], "texture": "#0"},
				"up": {"uv": [6.6875, 15.84375, 16, 16], "rotation": 90, "texture": "#0"},
				"down": {"uv": [6.6875, 15.03125, 16, 16], "texture": "#0"}
			}
		},
		{
			"name": "octagon",
			"from": [7.7, 3.68787, 8.25],
			"to": [8, 3.81213, 14.5],
			"rotation": {"angle": 0, "axis": "y", "origin": [7.7, 3.75, 12.5]},
			"faces": {
				"north": {"uv": [6.6875, 15.03125, 16, 16], "texture": "#0"},
				"east": {"uv": [6.6875, 15.03125, 16, 16], "texture": "#0"},
				"south": {"uv": [6.6875, 15.03125, 7.5, 16], "texture": "#0"},
				"west": {"uv": [6.6875, 15.4375, 16, 16], "texture": "#0"},
				"up": {"uv": [6.6875, 15.03125, 16, 16], "rotation": 90, "texture": "#0"},
				"down": {"uv": [6.6875, 15.03125, 16, 16], "texture": "#0"}
			}
		},
		{
			"from": [7.6, -2.25, 9],
			"to": [8.1, 0, 10],
			"rotation": {"angle": 22.5, "axis": "x", "origin": [15, 7, 17]},
			"faces": {
				"north": {"uv": [14.5625, 0.125, 15.8125, 2.84375], "texture": "#0"},
				"east": {"uv": [14.46875, 0, 16, 2.8125], "texture": "#0"},
				"south": {"uv": [14.4375, 0.1875, 15.875, 2.78125], "texture": "#0"},
				"west": {"uv": [14.5, 0, 16, 2.875], "rotation": 180, "texture": "#0"},
				"up": {"uv": [0, 0, 0.5, 1], "texture": "#missing"},
				"down": {"uv": [2.4375, 9.25, 2.9375, 10.25], "texture": "#0"}
			}
		},
		{
			"from": [7.75, 2, 7],
			"to": [8, 2.1, 8],
			"rotation": {"angle": 0, "axis": "y", "origin": [15.5, 10, 15]},
			"faces": {
				"north": {"uv": [6.84375, 10.46875, 7.84375, 10.5625], "texture": "#0"},
				"east": {"uv": [6.84375, 10.46875, 7.84375, 10.5625], "texture": "#0"},
				"south": {"uv": [6.84375, 10.46875, 7.84375, 10.5625], "texture": "#0"},
				"west": {"uv": [6.84375, 10.46875, 7.84375, 10.5625], "texture": "#0"},
				"up": {"uv": [6.84375, 10.46875, 7.84375, 10.5625], "texture": "#0"},
				"down": {"uv": [6.84375, 10.46875, 7.84375, 10.5625], "texture": "#0"}
			}
		},
		{
			"from": [7.75, 2.49497, 8.39497],
			"to": [8, 3.09497, 8.49497],
			"rotation": {"angle": 0, "axis": "y", "origin": [15.5, 10.49497, 15.89497]},
			"faces": {
				"north": {"uv": [5.875, 10.3125, 5.96875, 10.90625], "texture": "#0"},
				"east": {"uv": [5.875, 10.3125, 5.96875, 10.90625], "texture": "#0"},
				"south": {"uv": [5.875, 10.3125, 5.96875, 10.90625], "texture": "#0"},
				"west": {"uv": [5.875, 10.3125, 5.96875, 10.90625], "texture": "#0"},
				"up": {"uv": [5.875, 10.3125, 5.96875, 10.90625], "texture": "#0"},
				"down": {"uv": [5.875, 10.3125, 5.96875, 10.90625], "texture": "#0"}
			}
		},
		{
			"from": [7.5, 2.645, 8.3],
			"to": [8.25, 2.745, 8.65],
			"rotation": {"angle": 0, "axis": "y", "origin": [7.875, 2.795, 8.475]},
			"faces": {
				"north": {"uv": [6.5625, 11.1875, 7.90625, 11.6875], "texture": "#0"},
				"east": {"uv": [6.5625, 11.1875, 7.90625, 11.6875], "texture": "#0"},
				"south": {"uv": [6.5625, 11.1875, 7.90625, 11.6875], "texture": "#0"},
				"west": {"uv": [6.5625, 11.1875, 7.90625, 11.6875], "texture": "#0"},
				"up": {"uv": [6.5625, 11.1875, 7.90625, 11.6875], "texture": "#0"},
				"down": {"uv": [6.5625, 11.1875, 7.90625, 11.6875], "texture": "#0"}
			}
		},
		{
			"from": [7.5, 4.35, 6.05],
			"to": [8.25, 4.45, 6.45],
			"rotation": {"angle": 0, "axis": "y", "origin": [7.875, 4.5, 6.225]},
			"faces": {
				"north": {"uv": [7.875, 10.5, 9.40625, 10.90625], "texture": "#0"},
				"east": {"uv": [7.875, 10.5, 9.40625, 10.90625], "texture": "#0"},
				"south": {"uv": [7.875, 10.5, 9.40625, 10.90625], "texture": "#0"},
				"west": {"uv": [7.875, 10.5, 9.40625, 10.90625], "texture": "#0"},
				"up": {"uv": [7.40625, 10.3125, 8.1875, 10.90625], "texture": "#0"},
				"down": {"uv": [7.875, 10.5, 9.40625, 10.90625], "texture": "#0"}
			}
		},
		{
			"from": [7.5, 4.35, 7.3],
			"to": [8.25, 4.45, 7.7],
			"rotation": {"angle": 0, "axis": "y", "origin": [7.875, 4.5, 7.475]},
			"faces": {
				"north": {"uv": [7.875, 10.5, 9.40625, 10.90625], "texture": "#0"},
				"east": {"uv": [7.875, 10.5, 9.40625, 10.90625], "texture": "#0"},
				"south": {"uv": [7.875, 10.5, 9.40625, 10.90625], "texture": "#0"},
				"west": {"uv": [7.875, 10.5, 9.40625, 10.90625], "texture": "#0"},
				"up": {"uv": [6.9375, 10.3125, 7.46875, 10.71875], "texture": "#0"},
				"down": {"uv": [7.875, 10.5, 9.40625, 10.90625], "texture": "#0"}
			}
		},
		{
			"from": [7.75, 4.45, 7.4],
			"to": [8, 4.65, 7.6],
			"rotation": {"angle": 0, "axis": "y", "origin": [7.875, 4.6, 7.475]},
			"faces": {
				"north": {"uv": [2.5625, 10.03125, 4.09375, 10.4375], "texture": "#0"},
				"east": {"uv": [2.5625, 10.03125, 4.09375, 10.4375], "texture": "#0"},
				"south": {"uv": [2.5625, 10.03125, 4.09375, 10.4375], "texture": "#0"},
				"west": {"uv": [2.5625, 10.03125, 4.09375, 10.4375], "texture": "#0"},
				"up": {"uv": [2.5625, 10.03125, 4.09375, 10.4375], "texture": "#0"},
				"down": {"uv": [2.5625, 10.03125, 4.09375, 10.4375], "texture": "#0"}
			}
		},
		{
			"from": [7.57322, 4.74178, 5.9],
			"to": [8.17322, 4.99178, 7.85],
			"rotation": {"angle": 0, "axis": "y", "origin": [7.88822, 4.86678, 6.875]},
			"faces": {
				"north": {"uv": [2.5625, 10.03125, 4.09375, 10.4375], "texture": "#0"},
				"east": {"uv": [2.5625, 9.9375, 4.09375, 10.4375], "rotation": 180, "texture": "#0"},
				"south": {"uv": [2.5625, 10.03125, 4.09375, 10.4375], "rotation": 180, "texture": "#0"},
				"west": {"uv": [2.5625, 10.03125, 4.09375, 10.4375], "texture": "#0"},
				"up": {"uv": [2.5625, 10.03125, 4.09375, 10.4375], "rotation": 90, "texture": "#0"},
				"down": {"uv": [2.6875, 9.125, 3.125, 10.84375], "rotation": 180, "texture": "#0"}
			}
		},
		{
			"from": [7.56935, 4.75113, 5.9],
			"to": [8.16935, 5.00113, 7.85],
			"rotation": {"angle": 45, "axis": "z", "origin": [7.88435, 4.87613, 6.875]},
			"faces": {
				"north": {"uv": [2.5625, 10.03125, 4.09375, 10.4375], "texture": "#0"},
				"east": {"uv": [2.5625, 10.03125, 4.09375, 10.4375], "rotation": 180, "texture": "#0"},
				"south": {"uv": [2.5625, 10.03125, 4.09375, 10.4375], "rotation": 180, "texture": "#0"},
				"west": {"uv": [2.5625, 10.03125, 4.09375, 10.4375], "texture": "#0"},
				"up": {"uv": [2.5625, 10.03125, 4.09375, 10.4375], "rotation": 90, "texture": "#0"},
				"down": {"uv": [2.6875, 9.125, 3.125, 10.84375], "rotation": 180, "texture": "#0"}
			}
		},
		{
			"from": [7.74065, 4.56113, 5.9],
			"to": [7.99065, 5.16113, 7.85],
			"rotation": {"angle": 45, "axis": "z", "origin": [7.86565, 4.87613, 6.875]},
			"faces": {
				"north": {"uv": [2.5625, 10.03125, 4.09375, 10.4375], "rotation": 90, "texture": "#0"},
				"east": {"uv": [2.6875, 9.125, 3.125, 10.84375], "rotation": 90, "texture": "#0"},
				"south": {"uv": [2.5625, 10.03125, 4.09375, 10.4375], "rotation": 90, "texture": "#0"},
				"west": {"uv": [2.5625, 10.03125, 4.09375, 10.4375], "texture": "#0"},
				"up": {"uv": [2.5625, 10.03125, 4.09375, 10.4375], "rotation": 90, "texture": "#0"},
				"down": {"uv": [2.5625, 10.03125, 4.09375, 10.4375], "rotation": 270, "texture": "#0"}
			}
		},
		{
			"from": [7.75, 4.565, 5.9],
			"to": [8, 5.165, 7.85],
			"rotation": {"angle": 0, "axis": "y", "origin": [7.875, 4.85, 6.875]},
			"faces": {
				"north": {"uv": [2.5625, 10.03125, 4.09375, 10.4375], "rotation": 270, "texture": "#0"},
				"east": {"uv": [2.5625, 10.03125, 4.09375, 10.4375], "rotation": 180, "texture": "#0"},
				"south": {"uv": [2.5625, 10.03125, 4.09375, 10.4375], "rotation": 90, "texture": "#0"},
				"west": {"uv": [2.6875, 9.125, 3.125, 10.84375], "rotation": 270, "texture": "#0"},
				"up": {"uv": [2.5625, 10.03125, 4.09375, 10.4375], "rotation": 90, "texture": "#0"},
				"down": {"uv": [2.5625, 10.03125, 4.09375, 10.4375], "rotation": 270, "texture": "#0"}
			}
		},
		{
			"from": [7.75, 4.45, 6.15],
			"to": [8, 4.65, 6.35],
			"rotation": {"angle": 0, "axis": "y", "origin": [7.875, 4.6, 6.225]},
			"faces": {
				"north": {"uv": [2.5625, 9.78125, 4.09375, 10.1875], "texture": "#0"},
				"east": {"uv": [2.5625, 9.78125, 4.09375, 10.1875], "texture": "#0"},
				"south": {"uv": [2.5625, 9.78125, 4.09375, 10.1875], "texture": "#0"},
				"west": {"uv": [2.5625, 9.78125, 4.09375, 10.1875], "texture": "#0"},
				"up": {"uv": [2.5625, 9.78125, 4.09375, 10.1875], "texture": "#0"},
				"down": {"uv": [2.5625, 9.78125, 4.09375, 10.1875], "texture": "#0"}
			}
		},
		{
			"from": [8.25, 2.645, 8.3],
			"to": [8.35, 3.645, 8.65],
			"rotation": {"angle": 0, "axis": "y", "origin": [8.3, 3.02, 8.475]},
			"faces": {
				"north": {"uv": [5.4375, 5.78125, 5.71875, 6.78125], "texture": "#0"},
				"east": {"uv": [5.4375, 5.78125, 5.71875, 6.78125], "texture": "#0"},
				"south": {"uv": [5.4375, 5.78125, 5.71875, 6.78125], "texture": "#0"},
				"west": {"uv": [5.4375, 5.78125, 5.71875, 6.78125], "texture": "#0"},
				"up": {"uv": [5.4375, 5.78125, 5.71875, 6.78125], "texture": "#0"},
				"down": {"uv": [5.4375, 5.78125, 5.71875, 6.78125], "texture": "#0"}
			}
		},
		{
			"from": [7.4, 2.645, 8.3],
			"to": [7.5, 3.645, 8.65],
			"rotation": {"angle": 0, "axis": "y", "origin": [7.45, 3.02, 8.475]},
			"faces": {
				"north": {"uv": [6.375, 10.46875, 7.625, 10.78125], "rotation": 270, "texture": "#0"},
				"east": {"uv": [6.375, 10.46875, 7.625, 10.78125], "rotation": 270, "texture": "#0"},
				"south": {"uv": [6.375, 10.46875, 7.625, 10.78125], "rotation": 270, "texture": "#0"},
				"west": {"uv": [6.375, 10.46875, 7.625, 10.78125], "rotation": 270, "texture": "#0"},
				"up": {"uv": [6.375, 10.46875, 7.625, 10.78125], "rotation": 270, "texture": "#0"},
				"down": {"uv": [6.375, 10.46875, 7.625, 10.78125], "rotation": 270, "texture": "#0"}
			}
		},
		{
			"from": [7.75, 5.31371, 0],
			"to": [8, 5.41371, 0.7],
			"rotation": {"angle": -45, "axis": "x", "origin": [15.5, 13.31371, 8]},
			"faces": {
				"north": {"uv": [6.375, 9.4375, 7.0625, 9.53125], "texture": "#0"},
				"east": {"uv": [6.375, 9.4375, 7.0625, 9.53125], "texture": "#0"},
				"south": {"uv": [6.375, 9.4375, 7.0625, 9.53125], "texture": "#0"},
				"west": {"uv": [6.375, 9.4375, 7.0625, 9.53125], "texture": "#0"},
				"up": {"uv": [6.375, 9.4375, 7.0625, 9.53125], "texture": "#0"},
				"down": {"uv": [6.375, 9.4375, 7.0625, 9.53125], "texture": "#0"}
			}
		},
		{
			"from": [7.75, 2.3, 7.66213],
			"to": [8, 3, 7.76213],
			"rotation": {"angle": -22.5, "axis": "x", "origin": [7.875, 2.78284, 7.71213]},
			"faces": {
				"north": {"uv": [12.8125, 4.40625, 13.5, 4.5], "rotation": 270, "texture": "#0"},
				"east": {"uv": [12.8125, 4.40625, 13.5, 4.5], "rotation": 270, "texture": "#0"},
				"south": {"uv": [12.8125, 4.40625, 13.5, 4.5], "rotation": 270, "texture": "#0"},
				"west": {"uv": [12.8125, 4.40625, 13.5, 4.5], "rotation": 270, "texture": "#0"},
				"up": {"uv": [12.8125, 4.40625, 13.5, 4.5], "rotation": 270, "texture": "#0"},
				"down": {"uv": [12.8125, 4.40625, 13.5, 4.5], "rotation": 270, "texture": "#0"}
			}
		},
		{
			"from": [8.25, 2.75, 4.25],
			"to": [8.35, 3.15, 6.25],
			"rotation": {"angle": 0, "axis": "y", "origin": [16.25, 10.25, 12.25]},
			"faces": {
				"north": {"uv": [11.125, 4.09375, 16, 5.21875], "texture": "#0"},
				"east": {"uv": [5.3125, 3.71875, 5.96875, 7], "rotation": 270, "texture": "#0"},
				"south": {"uv": [11.125, 4.09375, 16, 5.21875], "texture": "#0"},
				"west": {"uv": [5.3125, 3.625, 5.96875, 6.75], "rotation": 90, "texture": "#0"},
				"up": {"uv": [11.125, 4.09375, 16, 5.21875], "texture": "#0"},
				"down": {"uv": [11.125, 4.09375, 16, 5.21875], "texture": "#0"}
			}
		},
		{
			"from": [8.25, 3.75, 4.25],
			"to": [8.35, 4.15, 6.25],
			"rotation": {"angle": 0, "axis": "y", "origin": [8.3, 3.95, 5.25]},
			"faces": {
				"north": {"uv": [11.125, 4.09375, 16, 5.21875], "texture": "#0"},
				"east": {"uv": [5.3125, 3.71875, 5.96875, 7], "rotation": 270, "texture": "#0"},
				"south": {"uv": [11.125, 4.09375, 16, 5.21875], "texture": "#0"},
				"west": {"uv": [5.3125, 3.625, 5.96875, 6.75], "rotation": 90, "texture": "#0"},
				"up": {"uv": [11.125, 4.09375, 16, 5.21875], "texture": "#0"},
				"down": {"uv": [11.125, 4.09375, 16, 5.21875], "texture": "#0"}
			}
		},
		{
			"from": [8.25, 3.7, 6.05],
			"to": [8.34, 4.45, 6.45],
			"rotation": {"angle": 0, "axis": "y", "origin": [8.3, 4.7, 6.25]},
			"faces": {
				"north": {"uv": [11.125, 4.09375, 16, 5.21875], "rotation": 180, "texture": "#0"},
				"east": {"uv": [5.4375, 3.75, 6.09375, 5.0625], "rotation": 180, "texture": "#0"},
				"south": {"uv": [11.125, 4.09375, 16, 5.21875], "texture": "#0"},
				"west": {"uv": [5.3125, 3.625, 5.96875, 6.75], "rotation": 180, "texture": "#0"},
				"up": {"uv": [11.125, 4.09375, 16, 5.21875], "rotation": 180, "texture": "#0"},
				"down": {"uv": [11.125, 4.09375, 16, 5.21875], "texture": "#0"}
			}
		},
		{
			"from": [8.25, 3.7, 7.3],
			"to": [8.34, 4.45, 7.7],
			"rotation": {"angle": 0, "axis": "y", "origin": [8.3, 4.7, 7.5]},
			"faces": {
				"north": {"uv": [11.125, 4.09375, 16, 5.21875], "rotation": 180, "texture": "#0"},
				"east": {"uv": [5.3125, 3.71875, 5.96875, 5.1875], "rotation": 180, "texture": "#0"},
				"south": {"uv": [11.125, 4.09375, 16, 5.21875], "texture": "#0"},
				"west": {"uv": [5.3125, 3.625, 5.96875, 6.75], "rotation": 180, "texture": "#0"},
				"up": {"uv": [11.125, 4.09375, 16, 5.21875], "rotation": 180, "texture": "#0"},
				"down": {"uv": [11.125, 4.09375, 16, 5.21875], "texture": "#0"}
			}
		},
		{
			"from": [7.41, 3.7, 6.05],
			"to": [7.51, 4.45, 6.45],
			"rotation": {"angle": 0, "axis": "y", "origin": [7.3, 4.7, 6.25]},
			"faces": {
				"north": {"uv": [11.125, 4.09375, 16, 5.21875], "rotation": 180, "texture": "#0"},
				"east": {"uv": [5.3125, 3.71875, 5.96875, 7], "rotation": 180, "texture": "#0"},
				"south": {"uv": [11.125, 4.09375, 16, 5.21875], "texture": "#0"},
				"west": {"uv": [5.3125, 3.625, 5.96875, 5.09375], "rotation": 180, "texture": "#0"},
				"up": {"uv": [11.125, 4.09375, 16, 5.21875], "rotation": 180, "texture": "#0"},
				"down": {"uv": [11.125, 4.09375, 16, 5.21875], "texture": "#0"}
			}
		},
		{
			"from": [7.41, 3.7, 7.3],
			"to": [7.51, 4.45, 7.7],
			"rotation": {"angle": 0, "axis": "y", "origin": [7.3, 4.7, 7.5]},
			"faces": {
				"north": {"uv": [11.125, 4.09375, 16, 5.21875], "rotation": 180, "texture": "#0"},
				"east": {"uv": [5.3125, 3.71875, 5.96875, 7], "rotation": 180, "texture": "#0"},
				"south": {"uv": [11.125, 4.09375, 16, 5.21875], "texture": "#0"},
				"west": {"uv": [5.375, 14.90625, 5.71875, 15.96875], "texture": "#0"},
				"up": {"uv": [11.125, 4.09375, 16, 5.21875], "rotation": 180, "texture": "#0"},
				"down": {"uv": [11.125, 4.09375, 16, 5.21875], "texture": "#0"}
			}
		},
		{
			"from": [7.4, 2.75, 4.25],
			"to": [7.5, 3.15, 6.25],
			"rotation": {"angle": 0, "axis": "y", "origin": [15.4, 10.25, 12.25]},
			"faces": {
				"north": {"uv": [11.125, 4.09375, 16, 5.21875], "texture": "#0"},
				"east": {"uv": [5.3125, 3.71875, 5.96875, 7], "rotation": 270, "texture": "#0"},
				"south": {"uv": [11.125, 4.09375, 16, 5.21875], "texture": "#0"},
				"west": {"uv": [5.3125, 3.625, 5.96875, 6.75], "rotation": 90, "texture": "#0"},
				"up": {"uv": [11.125, 4.09375, 16, 5.21875], "texture": "#0"},
				"down": {"uv": [11.125, 4.09375, 16, 5.21875], "texture": "#0"}
			}
		},
		{
			"from": [7.4, 3.75, 4.25],
			"to": [7.5, 4.15, 6.25],
			"rotation": {"angle": 0, "axis": "y", "origin": [15.4, 11.25, 12.25]},
			"faces": {
				"north": {"uv": [11.125, 4.09375, 16, 5.21875], "texture": "#0"},
				"east": {"uv": [5.3125, 3.71875, 5.96875, 7], "rotation": 270, "texture": "#0"},
				"south": {"uv": [11.125, 4.09375, 16, 5.21875], "texture": "#0"},
				"west": {"uv": [5.3125, 3.625, 5.96875, 6.75], "rotation": 90, "texture": "#0"},
				"up": {"uv": [11.125, 4.09375, 16, 5.21875], "texture": "#0"},
				"down": {"uv": [11.125, 4.09375, 16, 5.21875], "texture": "#0"}
			}
		},
		{
			"name": "octagon",
			"from": [7.68254, 3, 4.9432],
			"to": [7.93107, 4, 5.5432],
			"rotation": {"angle": -22.5, "axis": "y", "origin": [7.8068, 3.5, 5.2432]},
			"faces": {
				"north": {"uv": [0.96875, 0.9375, 1.75, 2.84375], "texture": "#0"},
				"east": {"uv": [0.96875, 0.9375, 1.75, 2.84375], "texture": "#0"},
				"south": {"uv": [0.96875, 0.9375, 1.75, 2.84375], "texture": "#0"},
				"west": {"uv": [0.96875, 0.9375, 1.75, 2.84375], "texture": "#0"},
				"up": {"uv": [0.96875, 0.9375, 1.75, 2.84375], "texture": "#0"},
				"down": {"uv": [0.96875, 0.9375, 1.75, 2.84375], "texture": "#0"}
			}
		},
		{
			"name": "octagon",
			"from": [7.68254, 3, 4.9432],
			"to": [7.93107, 4, 5.5432],
			"rotation": {"angle": 22.5, "axis": "y", "origin": [7.8068, 3.5, 5.2432]},
			"faces": {
				"north": {"uv": [1.75, 0.875, 2.53125, 2.84375], "texture": "#0"},
				"east": {"uv": [1.75, 0.875, 2.53125, 2.84375], "texture": "#0"},
				"south": {"uv": [1.75, 0.875, 2.53125, 2.84375], "texture": "#0"},
				"west": {"uv": [1.75, 0.875, 2.53125, 2.84375], "texture": "#0"},
				"up": {"uv": [1.75, 0.875, 2.53125, 2.84375], "texture": "#0"},
				"down": {"uv": [1.75, 0.875, 2.53125, 2.84375], "texture": "#0"}
			}
		},
		{
			"name": "octagon",
			"from": [7.5068, 3, 5.11893],
			"to": [8.1068, 4, 5.36746],
			"rotation": {"angle": -22.5, "axis": "y", "origin": [7.8068, 3.5, 5.2432]},
			"faces": {
				"north": {"uv": [2, 1, 2.71875, 2.8125], "texture": "#0"},
				"east": {"uv": [2, 1, 2.71875, 2.8125], "texture": "#0"},
				"south": {"uv": [2, 1, 2.71875, 2.8125], "texture": "#0"},
				"west": {"uv": [2, 1, 2.71875, 2.8125], "texture": "#0"},
				"up": {"uv": [2, 1, 2.71875, 2.8125], "texture": "#0"},
				"down": {"uv": [2, 1, 2.71875, 2.8125], "texture": "#0"}
			}
		},
		{
			"name": "octagon",
			"from": [7.5068, 3, 5.11893],
			"to": [8.1068, 4, 5.36746],
			"rotation": {"angle": 22.5, "axis": "y", "origin": [7.8068, 3.5, 5.2432]},
			"faces": {
				"north": {"uv": [1.71875, 0.875, 2.5625, 2.84375], "texture": "#0"},
				"east": {"uv": [1.71875, 0.875, 2.5625, 2.84375], "texture": "#0"},
				"south": {"uv": [1.71875, 0.875, 2.5625, 2.84375], "texture": "#0"},
				"west": {"uv": [1.71875, 0.875, 2.5625, 2.84375], "texture": "#0"},
				"up": {"uv": [1.71875, 0.875, 2.5625, 2.84375], "texture": "#0"},
				"down": {"uv": [1.71875, 0.875, 2.5625, 2.84375], "texture": "#0"}
			}
		},
		{
			"from": [7.45, 2.98, 4.9],
			"to": [8.15, 2.98, 5.6],
			"rotation": {"angle": 0, "axis": "y", "origin": [15.25, 11, 12.75]},
			"faces": {
				"north": {"uv": [0, 0, 16, 16], "texture": "#1"},
				"east": {"uv": [0, 0, 16, 16], "texture": "#1"},
				"south": {"uv": [0, 0, 16, 16], "texture": "#1"},
				"west": {"uv": [0, 0, 16, 16], "texture": "#1"},
				"up": {"uv": [0, 0, 16, 16], "texture": "#1"},
				"down": {"uv": [0, 0, 16, 16], "texture": "#1"}
			}
		},
		{
			"from": [7.45, 4.02, 4.9],
			"to": [8.15, 4.02, 5.6],
			"rotation": {"angle": 0, "axis": "y", "origin": [15.25, 12, 12.75]},
			"faces": {
				"north": {"uv": [0, 0, 16, 16], "texture": "#1"},
				"east": {"uv": [0, 0, 16, 16], "texture": "#1"},
				"south": {"uv": [0, 0, 16, 16], "texture": "#1"},
				"west": {"uv": [0, 0, 16, 16], "texture": "#1"},
				"up": {"uv": [0, 0, 16, 16], "texture": "#1"},
				"down": {"uv": [0, 0, 16, 16], "texture": "#1"}
			}
		},
		{
			"from": [8.25, 3.25, 13.5],
			"to": [8.75, 3.75, 13.75],
			"rotation": {"angle": 0, "axis": "y", "origin": [16, 10.75, 20.75]},
			"faces": {
				"north": {"uv": [14.09375, 4.125, 15.4375, 5.21875], "texture": "#0"},
				"east": {"uv": [14.09375, 4.125, 15.4375, 5.21875], "texture": "#0"},
				"south": {"uv": [14.09375, 4.125, 15.4375, 5.21875], "texture": "#0"},
				"west": {"uv": [14.09375, 4.125, 15.4375, 5.21875], "texture": "#0"},
				"up": {"uv": [14.09375, 4.125, 15.4375, 5.21875], "texture": "#0"},
				"down": {"uv": [14.09375, 4.125, 15.4375, 5.21875], "texture": "#0"}
			}
		},
		{
			"from": [7.25, 3.75, 13.75],
			"to": [8.5, 3.75, 14.25],
			"rotation": {"angle": 0, "axis": "y", "origin": [15.25, 10.75, 21]},
			"faces": {
				"north": {"uv": [0, 0, 16, 16], "texture": "#6"},
				"east": {"uv": [0, 0, 16, 16], "texture": "#6"},
				"south": {"uv": [0, 0, 16, 16], "texture": "#6"},
				"west": {"uv": [0, 0, 16, 16], "texture": "#6"},
				"up": {"uv": [0, 0, 16, 16], "texture": "#6"},
				"down": {"uv": [0, 0, 16, 16], "texture": "#6"}
			}
		},
		{
			"from": [7, 3.25, 13.5],
			"to": [7.5, 3.75, 13.75],
			"rotation": {"angle": 0, "axis": "y", "origin": [14.25, 10.75, 20.75]},
			"faces": {
				"north": {"uv": [11.59375, 3.96875, 13.71875, 5.21875], "texture": "#0"},
				"east": {"uv": [11.59375, 3.96875, 13.71875, 5.21875], "texture": "#0"},
				"south": {"uv": [11.59375, 3.96875, 13.71875, 5.21875], "texture": "#0"},
				"west": {"uv": [11.59375, 3.96875, 13.71875, 5.21875], "texture": "#0"},
				"up": {"uv": [11.59375, 3.96875, 13.71875, 5.21875], "texture": "#0"},
				"down": {"uv": [11.59375, 3.96875, 13.71875, 5.21875], "texture": "#0"}
			}
		},
		{
			"from": [8.75, 3.25, 13.55],
			"to": [10, 3.45, 13.75],
			"rotation": {"angle": 0, "axis": "y", "origin": [9.375, 3.35, 13.65]},
			"faces": {
				"north": {"uv": [13.15625, 12.75, 15.84375, 13.09375], "texture": "#0"},
				"east": {"uv": [13.15625, 12.75, 15.84375, 13.09375], "texture": "#0"},
				"south": {"uv": [13.15625, 12.75, 15.84375, 13.09375], "texture": "#0"},
				"west": {"uv": [13.15625, 12.75, 15.84375, 13.09375], "texture": "#0"},
				"up": {"uv": [13.15625, 12.75, 15.84375, 13.09375], "texture": "#0"},
				"down": {"uv": [13.15625, 12.75, 15.84375, 13.09375], "texture": "#0"}
			}
		},
		{
			"from": [9.91416, 3.25, 13.31843],
			"to": [11.16416, 3.45, 13.51843],
			"rotation": {"angle": 22.5, "axis": "y", "origin": [10.53916, 3.35, 13.41843]},
			"faces": {
				"north": {"uv": [13.15625, 12.75, 15.84375, 13.09375], "texture": "#0"},
				"east": {"uv": [13.15625, 12.75, 15.84375, 13.09375], "texture": "#0"},
				"south": {"uv": [13.15625, 12.75, 15.84375, 13.09375], "texture": "#0"},
				"west": {"uv": [13.15625, 12.75, 15.84375, 13.09375], "texture": "#0"},
				"up": {"uv": [13.15625, 12.75, 15.84375, 13.09375], "texture": "#0"},
				"down": {"uv": [13.15625, 12.75, 15.84375, 13.09375], "texture": "#0"}
			}
		},
		{
			"from": [10.90108, 3.25, 12.65899],
			"to": [12.15108, 3.45, 12.85899],
			"rotation": {"angle": 45, "axis": "y", "origin": [11.52608, 3.35, 12.75899]},
			"faces": {
				"north": {"uv": [13.15625, 12.75, 15.84375, 13.09375], "texture": "#0"},
				"east": {"uv": [13.15625, 12.75, 15.84375, 13.09375], "texture": "#0"},
				"south": {"uv": [13.15625, 12.75, 15.84375, 13.09375], "texture": "#0"},
				"west": {"uv": [13.15625, 12.75, 15.84375, 13.09375], "texture": "#0"},
				"up": {"uv": [13.15625, 12.75, 15.84375, 13.09375], "texture": "#0"},
				"down": {"uv": [13.15625, 12.75, 15.84375, 13.09375], "texture": "#0"}
			}
		},
		{
			"from": [12.08552, 3.25, 11.14707],
			"to": [12.28552, 3.35, 12.39707],
			"rotation": {"angle": -22.5, "axis": "y", "origin": [12.18552, 3.35, 11.77207]},
			"faces": {
				"north": {"uv": [13.15625, 12.75, 15.84375, 13.09375], "texture": "#0"},
				"east": {"uv": [13.15625, 12.75, 15.84375, 13.09375], "texture": "#0"},
				"south": {"uv": [13.15625, 12.75, 15.84375, 13.09375], "texture": "#0"},
				"west": {"uv": [13.15625, 12.75, 15.84375, 13.09375], "texture": "#0"},
				"up": {"uv": [13.15625, 12.75, 15.84375, 13.09375], "rotation": 270, "texture": "#0"},
				"down": {"uv": [13.15625, 12.75, 15.84375, 13.09375], "rotation": 90, "texture": "#0"}
			}
		},
		{
			"from": [8.75, 3.55, 13.55],
			"to": [10, 3.75, 13.75],
			"rotation": {"angle": 0, "axis": "y", "origin": [9.375, 3.65, 13.65]},
			"faces": {
				"north": {"uv": [13.15625, 12.75, 15.84375, 13.09375], "texture": "#0"},
				"east": {"uv": [13.15625, 12.75, 15.84375, 13.09375], "texture": "#0"},
				"south": {"uv": [13.15625, 12.75, 15.84375, 13.09375], "texture": "#0"},
				"west": {"uv": [13.15625, 12.75, 15.84375, 13.09375], "texture": "#0"},
				"up": {"uv": [13.15625, 12.75, 15.84375, 13.09375], "texture": "#0"},
				"down": {"uv": [13.15625, 12.75, 15.84375, 13.09375], "texture": "#0"}
			}
		},
		{
			"from": [9.91416, 3.55, 13.31843],
			"to": [11.16416, 3.75, 13.51843],
			"rotation": {"angle": 22.5, "axis": "y", "origin": [10.53916, 3.65, 13.41843]},
			"faces": {
				"north": {"uv": [13.15625, 12.75, 15.84375, 13.09375], "texture": "#0"},
				"east": {"uv": [13.15625, 12.75, 15.84375, 13.09375], "texture": "#0"},
				"south": {"uv": [13.15625, 12.75, 15.84375, 13.09375], "texture": "#0"},
				"west": {"uv": [13.15625, 12.75, 15.84375, 13.09375], "texture": "#0"},
				"up": {"uv": [13.15625, 12.75, 15.84375, 13.09375], "texture": "#0"},
				"down": {"uv": [13.15625, 12.75, 15.84375, 13.09375], "texture": "#0"}
			}
		},
		{
			"from": [10.90108, 3.55, 12.65899],
			"to": [12.15108, 3.75, 12.85899],
			"rotation": {"angle": 45, "axis": "y", "origin": [11.52608, 3.65, 12.75899]},
			"faces": {
				"north": {"uv": [13.15625, 12.75, 15.84375, 13.09375], "texture": "#0"},
				"east": {"uv": [13.15625, 12.75, 15.84375, 13.09375], "texture": "#0"},
				"south": {"uv": [13.15625, 12.75, 15.84375, 13.09375], "texture": "#0"},
				"west": {"uv": [13.15625, 12.75, 15.84375, 13.09375], "texture": "#0"},
				"up": {"uv": [13.15625, 12.75, 15.84375, 13.09375], "texture": "#0"},
				"down": {"uv": [13.15625, 12.75, 15.84375, 13.09375], "texture": "#0"}
			}
		},
		{
			"from": [12.08552, 3.55, 11.14707],
			"to": [12.28552, 3.75, 12.39707],
			"rotation": {"angle": -22.5, "axis": "y", "origin": [12.18552, 3.65, 11.77207]},
			"faces": {
				"north": {"uv": [13.15625, 12.75, 15.84375, 13.09375], "texture": "#0"},
				"east": {"uv": [13.15625, 12.75, 15.84375, 13.09375], "texture": "#0"},
				"south": {"uv": [13.15625, 12.75, 15.84375, 13.09375], "texture": "#0"},
				"west": {"uv": [13.15625, 12.75, 15.84375, 13.09375], "texture": "#0"},
				"up": {"uv": [13.15625, 12.75, 15.84375, 13.09375], "rotation": 270, "texture": "#0"},
				"down": {"uv": [13.15625, 12.75, 15.84375, 13.09375], "rotation": 90, "texture": "#0"}
			}
		},
		{
			"from": [4.05631, 3.65, 10.74343],
			"to": [4.25631, 3.75, 11.99343],
			"rotation": {"angle": 22.5, "axis": "y", "origin": [4.90644, 3.65, 12.89987]},
			"faces": {
				"north": {"uv": [13.15625, 12.75, 15.84375, 13.09375], "texture": "#0"},
				"east": {"uv": [13.15625, 12.75, 15.84375, 13.09375], "texture": "#0"},
				"south": {"uv": [13.15625, 12.75, 15.84375, 13.09375], "texture": "#0"},
				"west": {"uv": [13.15625, 12.75, 15.84375, 13.09375], "texture": "#0"},
				"up": {"uv": [13.15625, 12.75, 15.84375, 13.09375], "rotation": 90, "texture": "#0"},
				"down": {"uv": [13.15625, 12.75, 15.84375, 13.09375], "rotation": 270, "texture": "#0"}
			}
		},
		{
			"from": [3.74367, 3.55, 13.13841],
			"to": [4.99367, 3.75, 13.33841],
			"rotation": {"angle": -45, "axis": "y", "origin": [4.90644, 3.65, 12.89987]},
			"faces": {
				"north": {"uv": [13.15625, 12.75, 15.84375, 13.09375], "texture": "#0"},
				"east": {"uv": [13.15625, 12.75, 15.84375, 13.09375], "texture": "#0"},
				"south": {"uv": [13.15625, 12.75, 15.84375, 13.09375], "texture": "#0"},
				"west": {"uv": [13.15625, 12.75, 15.84375, 13.09375], "texture": "#0"},
				"up": {"uv": [13.15625, 12.75, 15.84375, 13.09375], "texture": "#0"},
				"down": {"uv": [13.15625, 12.75, 15.84375, 13.09375], "texture": "#0"}
			}
		},
		{
			"from": [4.81921, 3.55, 13.13841],
			"to": [6.06921, 3.75, 13.33841],
			"rotation": {"angle": -22.5, "axis": "y", "origin": [4.90644, 3.65, 12.89987]},
			"faces": {
				"north": {"uv": [13.15625, 12.75, 15.84375, 13.09375], "texture": "#0"},
				"east": {"uv": [13.15625, 12.75, 15.84375, 13.09375], "texture": "#0"},
				"south": {"uv": [13.15625, 12.75, 15.84375, 13.09375], "texture": "#0"},
				"west": {"uv": [13.15625, 12.75, 15.84375, 13.09375], "texture": "#0"},
				"up": {"uv": [13.15625, 12.75, 15.84375, 13.09375], "texture": "#0"},
				"down": {"uv": [13.15625, 12.75, 15.84375, 13.09375], "texture": "#0"}
			}
		},
		{
			"from": [5.75, 3.55, 13.55],
			"to": [7, 3.75, 13.75],
			"rotation": {"angle": 0, "axis": "y", "origin": [4.84356, 3.65, 12.89987]},
			"faces": {
				"north": {"uv": [13.15625, 12.75, 15.84375, 13.09375], "texture": "#0"},
				"east": {"uv": [13.15625, 12.75, 15.84375, 13.09375], "texture": "#0"},
				"south": {"uv": [13.15625, 12.75, 15.84375, 13.09375], "texture": "#0"},
				"west": {"uv": [13.15625, 12.75, 15.84375, 13.09375], "texture": "#0"},
				"up": {"uv": [13.15625, 12.75, 15.84375, 13.09375], "texture": "#0"},
				"down": {"uv": [13.15625, 12.75, 15.84375, 13.09375], "texture": "#0"}
			}
		},
		{
			"from": [3.99343, 3.25, 10.74343],
			"to": [4.19343, 3.35, 11.99343],
			"rotation": {"angle": 22.5, "axis": "y", "origin": [4.84356, 3.35, 12.89987]},
			"faces": {
				"north": {"uv": [13.15625, 12.75, 15.84375, 13.09375], "texture": "#0"},
				"east": {"uv": [13.15625, 12.75, 15.84375, 13.09375], "texture": "#0"},
				"south": {"uv": [13.15625, 12.75, 15.84375, 13.09375], "texture": "#0"},
				"west": {"uv": [13.15625, 12.75, 15.84375, 13.09375], "texture": "#0"},
				"up": {"uv": [13.15625, 12.75, 15.84375, 13.09375], "rotation": 90, "texture": "#0"},
				"down": {"uv": [13.15625, 12.75, 15.84375, 13.09375], "rotation": 270, "texture": "#0"}
			}
		},
		{
			"from": [3.68079, 3.25, 13.13841],
			"to": [4.93079, 3.45, 13.33841],
			"rotation": {"angle": -45, "axis": "y", "origin": [4.84356, 3.35, 12.89987]},
			"faces": {
				"north": {"uv": [13.15625, 12.75, 15.84375, 13.09375], "texture": "#0"},
				"east": {"uv": [13.15625, 12.75, 15.84375, 13.09375], "texture": "#0"},
				"south": {"uv": [13.15625, 12.75, 15.84375, 13.09375], "texture": "#0"},
				"west": {"uv": [13.15625, 12.75, 15.84375, 13.09375], "texture": "#0"},
				"up": {"uv": [13.15625, 12.75, 15.84375, 13.09375], "texture": "#0"},
				"down": {"uv": [13.15625, 12.75, 15.84375, 13.09375], "texture": "#0"}
			}
		},
		{
			"from": [4.75633, 3.25, 13.13841],
			"to": [6.00633, 3.45, 13.33841],
			"rotation": {"angle": -22.5, "axis": "y", "origin": [4.84356, 3.35, 12.89987]},
			"faces": {
				"north": {"uv": [13.15625, 12.75, 15.84375, 13.09375], "texture": "#0"},
				"east": {"uv": [13.15625, 12.75, 15.84375, 13.09375], "texture": "#0"},
				"south": {"uv": [13.15625, 12.75, 15.84375, 13.09375], "texture": "#0"},
				"west": {"uv": [13.15625, 12.75, 15.84375, 13.09375], "texture": "#0"},
				"up": {"uv": [13.15625, 12.75, 15.84375, 13.09375], "texture": "#0"},
				"down": {"uv": [13.15625, 12.75, 15.84375, 13.09375], "texture": "#0"}
			}
		},
		{
			"from": [5.75, 3.25, 13.55],
			"to": [7, 3.45, 13.75],
			"rotation": {"angle": 0, "axis": "y", "origin": [4.84356, 3.35, 12.89987]},
			"faces": {
				"north": {"uv": [13.15625, 12.75, 15.84375, 13.09375], "texture": "#0"},
				"east": {"uv": [13.15625, 12.75, 15.84375, 13.09375], "texture": "#0"},
				"south": {"uv": [13.15625, 12.75, 15.84375, 13.09375], "texture": "#0"},
				"west": {"uv": [13.15625, 12.75, 15.84375, 13.09375], "texture": "#0"},
				"up": {"uv": [13.15625, 12.75, 15.84375, 13.09375], "texture": "#0"},
				"down": {"uv": [13.15625, 12.75, 15.84375, 13.09375], "texture": "#0"}
			}
		},
		{
			"from": [3, 3.4, 11],
			"to": [4, 3.4, 12],
			"rotation": {"angle": -22.5, "axis": "y", "origin": [3.5, 3.5, 11.5]},
			"faces": {
				"north": {"uv": [0, 0, 16, 16], "texture": "#3"},
				"east": {"uv": [0, 0, 16, 16], "texture": "#3"},
				"south": {"uv": [0, 0, 16, 16], "texture": "#3"},
				"west": {"uv": [0, 0, 16, 16], "texture": "#3"},
				"up": {"uv": [0, 0, 16, 16], "rotation": 90, "texture": "#3"},
				"down": {"uv": [0, 0, 16, 16], "rotation": 90, "texture": "#3"}
			}
		},
		{
			"from": [3, 3.6, 11],
			"to": [4, 3.6, 12],
			"rotation": {"angle": -22.5, "axis": "y", "origin": [3.5, 3.75, 11.5]},
			"faces": {
				"north": {"uv": [0, 0, 16, 16], "texture": "#3"},
				"east": {"uv": [0, 0, 16, 16], "texture": "#3"},
				"south": {"uv": [0, 0, 16, 16], "texture": "#3"},
				"west": {"uv": [0, 0, 16, 16], "texture": "#3"},
				"up": {"uv": [0, 0, 16, 16], "rotation": 90, "texture": "#3"},
				"down": {"uv": [0, 0, 16, 16], "rotation": 90, "texture": "#3"}
			}
		},
		{
			"from": [11.75, 3.38, 11],
			"to": [12.75, 3.38, 12],
			"rotation": {"angle": 22.5, "axis": "y", "origin": [12.25, 3.5, 11.5]},
			"faces": {
				"north": {"uv": [0, 0, 16, 16], "texture": "#3"},
				"east": {"uv": [0, 0, 16, 16], "texture": "#3"},
				"south": {"uv": [0, 0, 16, 16], "texture": "#3"},
				"west": {"uv": [0, 0, 16, 16], "texture": "#3"},
				"up": {"uv": [0, 0, 16, 16], "rotation": 270, "texture": "#3"},
				"down": {"uv": [0, 0, 16, 16], "rotation": 180, "texture": "#3"}
			}
		},
		{
			"from": [11.75, 3.6, 11],
			"to": [12.75, 3.6, 12],
			"rotation": {"angle": 22.5, "axis": "y", "origin": [12.25, 3.75, 11.5]},
			"faces": {
				"north": {"uv": [0, 0, 16, 16], "texture": "#3"},
				"east": {"uv": [0, 0, 16, 16], "texture": "#3"},
				"south": {"uv": [0, 0, 16, 16], "texture": "#3"},
				"west": {"uv": [0, 0, 16, 16], "texture": "#3"},
				"up": {"uv": [0, 0, 16, 16], "rotation": 270, "texture": "#3"},
				"down": {"uv": [0, 0, 16, 16], "rotation": 180, "texture": "#3"}
			}
		},
		{
			"from": [11.25, 3.33, 11.25],
			"to": [12, 3.33, 11.75],
			"rotation": {"angle": 0, "axis": "y", "origin": [11.625, 3.35, 11.5]},
			"faces": {
				"north": {"uv": [0, 0, 16, 16], "rotation": 90, "texture": "#4"},
				"east": {"uv": [0, 0, 16, 16], "rotation": 90, "texture": "#4"},
				"south": {"uv": [0, 0, 16, 16], "rotation": 90, "texture": "#4"},
				"west": {"uv": [0, 0, 16, 16], "rotation": 90, "texture": "#4"},
				"up": {"uv": [0, 0, 16, 16], "rotation": 90, "texture": "#4"},
				"down": {"uv": [0, 0, 16, 16], "rotation": 90, "texture": "#4"}
			}
		},
		{
			"from": [12.26884, 3.58, 8.89384],
			"to": [13.01884, 3.58, 9.39384],
			"rotation": {"angle": -45, "axis": "y", "origin": [10.01884, 3.59913, 9.14384]},
			"faces": {
				"north": {"uv": [0, 0, 16, 16], "rotation": 90, "texture": "#4"},
				"east": {"uv": [0, 0, 16, 16], "rotation": 90, "texture": "#4"},
				"south": {"uv": [0, 0, 16, 16], "rotation": 90, "texture": "#4"},
				"west": {"uv": [0, 0, 16, 16], "rotation": 90, "texture": "#4"},
				"up": {"uv": [0, 0, 16, 16], "rotation": 90, "texture": "#4"},
				"down": {"uv": [0, 0, 16, 16], "rotation": 90, "texture": "#4"}
			}
		},
		{
			"from": [8.26884, 3.6, 8.89384],
			"to": [9.01884, 3.6, 9.39384],
			"rotation": {"angle": 45, "axis": "y", "origin": [6.01884, 3.59913, 9.14384]},
			"faces": {
				"north": {"uv": [0, 0, 16, 16], "rotation": 90, "texture": "#4"},
				"east": {"uv": [0, 0, 16, 16], "rotation": 90, "texture": "#4"},
				"south": {"uv": [0, 0, 16, 16], "rotation": 90, "texture": "#4"},
				"west": {"uv": [0, 0, 16, 16], "rotation": 90, "texture": "#4"},
				"up": {"uv": [0, 0, 16, 16], "rotation": 90, "texture": "#4"},
				"down": {"uv": [0, 0, 16, 16], "rotation": 90, "texture": "#4"}
			}
		},
		{
			"from": [10.76884, 3.599, 8.89384],
			"to": [11.51884, 3.599, 9.39384],
			"rotation": {"angle": -45, "axis": "y", "origin": [10.01884, 3.59913, 9.14384]},
			"faces": {
				"north": {"uv": [0, 0, 16, 16], "rotation": 90, "texture": "#4"},
				"east": {"uv": [0, 0, 16, 16], "rotation": 90, "texture": "#4"},
				"south": {"uv": [0, 0, 16, 16], "rotation": 90, "texture": "#4"},
				"west": {"uv": [0, 0, 16, 16], "rotation": 90, "texture": "#4"},
				"up": {"uv": [0, 0, 16, 16], "rotation": 90, "texture": "#4"},
				"down": {"uv": [0, 0, 16, 16], "rotation": 90, "texture": "#4"}
			}
		},
		{
			"from": [6.76884, 3.599, 8.89384],
			"to": [7.51884, 3.599, 9.39384],
			"rotation": {"angle": 45, "axis": "y", "origin": [6.01884, 3.59913, 9.14384]},
			"faces": {
				"north": {"uv": [0, 0, 16, 16], "rotation": 90, "texture": "#4"},
				"east": {"uv": [0, 0, 16, 16], "rotation": 90, "texture": "#4"},
				"south": {"uv": [0, 0, 16, 16], "rotation": 90, "texture": "#4"},
				"west": {"uv": [0, 0, 16, 16], "rotation": 90, "texture": "#4"},
				"up": {"uv": [0, 0, 16, 16], "rotation": 90, "texture": "#4"},
				"down": {"uv": [0, 0, 16, 16], "rotation": 90, "texture": "#4"}
			}
		},
		{
			"from": [11.51884, 3.6, 8.89384],
			"to": [12.26884, 3.6, 9.39384],
			"rotation": {"angle": -45, "axis": "y", "origin": [10.01884, 3.59913, 9.14384]},
			"faces": {
				"north": {"uv": [0, 0, 16, 16], "rotation": 90, "texture": "#4"},
				"east": {"uv": [0, 0, 16, 16], "rotation": 90, "texture": "#4"},
				"south": {"uv": [0, 0, 16, 16], "rotation": 90, "texture": "#4"},
				"west": {"uv": [0, 0, 16, 16], "rotation": 90, "texture": "#4"},
				"up": {"uv": [0, 0, 16, 16], "rotation": 90, "texture": "#4"},
				"down": {"uv": [0, 0, 16, 16], "rotation": 90, "texture": "#4"}
			}
		},
		{
			"from": [7.51884, 3.6, 8.89384],
			"to": [8.26884, 3.6, 9.39384],
			"rotation": {"angle": 45, "axis": "y", "origin": [6.01884, 3.59913, 9.14384]},
			"faces": {
				"north": {"uv": [0, 0, 16, 16], "rotation": 90, "texture": "#4"},
				"east": {"uv": [0, 0, 16, 16], "rotation": 90, "texture": "#4"},
				"south": {"uv": [0, 0, 16, 16], "rotation": 90, "texture": "#4"},
				"west": {"uv": [0, 0, 16, 16], "rotation": 90, "texture": "#4"},
				"up": {"uv": [0, 0, 16, 16], "rotation": 90, "texture": "#4"},
				"down": {"uv": [0, 0, 16, 16], "rotation": 90, "texture": "#4"}
			}
		},
		{
			"from": [10.01884, 3.598, 8.89384],
			"to": [10.76884, 3.598, 9.39384],
			"rotation": {"angle": -45, "axis": "y", "origin": [10.01884, 3.59913, 9.14384]},
			"faces": {
				"north": {"uv": [0, 0, 16, 16], "rotation": 90, "texture": "#4"},
				"east": {"uv": [0, 0, 16, 16], "rotation": 90, "texture": "#4"},
				"south": {"uv": [0, 0, 16, 16], "rotation": 90, "texture": "#4"},
				"west": {"uv": [0, 0, 16, 16], "rotation": 90, "texture": "#4"},
				"up": {"uv": [0, 0, 16, 16], "rotation": 90, "texture": "#4"},
				"down": {"uv": [0, 0, 16, 16], "rotation": 90, "texture": "#4"}
			}
		},
		{
			"from": [6.01884, 3.598, 8.89384],
			"to": [6.76884, 3.598, 9.39384],
			"rotation": {"angle": 45, "axis": "y", "origin": [6.01884, 3.59913, 9.14384]},
			"faces": {
				"north": {"uv": [0, 0, 16, 16], "rotation": 90, "texture": "#4"},
				"east": {"uv": [0, 0, 16, 16], "rotation": 90, "texture": "#4"},
				"south": {"uv": [0, 0, 16, 16], "rotation": 90, "texture": "#4"},
				"west": {"uv": [0, 0, 16, 16], "rotation": 90, "texture": "#4"},
				"up": {"uv": [0, 0, 16, 16], "rotation": 90, "texture": "#4"},
				"down": {"uv": [0, 0, 16, 16], "rotation": 90, "texture": "#4"}
			}
		},
		{
			"from": [7.76884, 3.599, 8.89384],
			"to": [8.51884, 3.599, 9.39384],
			"rotation": {"angle": -45, "axis": "y", "origin": [10.01884, 3.59913, 9.14384]},
			"faces": {
				"north": {"uv": [0, 0, 16, 16], "rotation": 90, "texture": "#4"},
				"east": {"uv": [0, 0, 16, 16], "rotation": 90, "texture": "#4"},
				"south": {"uv": [0, 0, 16, 16], "rotation": 90, "texture": "#4"},
				"west": {"uv": [0, 0, 16, 16], "rotation": 90, "texture": "#4"},
				"up": {"uv": [0, 0, 16, 16], "rotation": 90, "texture": "#4"},
				"down": {"uv": [0, 0, 16, 16], "rotation": 90, "texture": "#4"}
			}
		},
		{
			"from": [3.76884, 3.599, 8.89384],
			"to": [4.51884, 3.599, 9.39384],
			"rotation": {"angle": 45, "axis": "y", "origin": [6.01884, 3.59913, 9.14384]},
			"faces": {
				"north": {"uv": [0, 0, 16, 16], "rotation": 90, "texture": "#4"},
				"east": {"uv": [0, 0, 16, 16], "rotation": 90, "texture": "#4"},
				"south": {"uv": [0, 0, 16, 16], "rotation": 90, "texture": "#4"},
				"west": {"uv": [0, 0, 16, 16], "rotation": 90, "texture": "#4"},
				"up": {"uv": [0, 0, 16, 16], "rotation": 90, "texture": "#4"},
				"down": {"uv": [0, 0, 16, 16], "rotation": 90, "texture": "#4"}
			}
		},
		{
			"from": [7.01884, 3.599, 8.89384],
			"to": [7.76884, 3.599, 9.39384],
			"rotation": {"angle": -45, "axis": "y", "origin": [10.01884, 3.59913, 9.14384]},
			"faces": {
				"north": {"uv": [0, 0, 16, 16], "rotation": 90, "texture": "#4"},
				"east": {"uv": [0, 0, 16, 16], "rotation": 90, "texture": "#4"},
				"south": {"uv": [0, 0, 16, 16], "rotation": 90, "texture": "#4"},
				"west": {"uv": [0, 0, 16, 16], "rotation": 90, "texture": "#4"},
				"up": {"uv": [0, 0, 16, 16], "rotation": 90, "texture": "#4"},
				"down": {"uv": [0, 0, 16, 16], "rotation": 90, "texture": "#4"}
			}
		},
		{
			"from": [3.01884, 3.58, 8.89384],
			"to": [3.76884, 3.58, 9.39384],
			"rotation": {"angle": 45, "axis": "y", "origin": [6.01884, 3.59913, 9.14384]},
			"faces": {
				"north": {"uv": [0, 0, 16, 16], "rotation": 90, "texture": "#4"},
				"east": {"uv": [0, 0, 16, 16], "rotation": 90, "texture": "#4"},
				"south": {"uv": [0, 0, 16, 16], "rotation": 90, "texture": "#4"},
				"west": {"uv": [0, 0, 16, 16], "rotation": 90, "texture": "#4"},
				"up": {"uv": [0, 0, 16, 16], "rotation": 90, "texture": "#4"},
				"down": {"uv": [0, 0, 16, 16], "rotation": 90, "texture": "#4"}
			}
		},
		{
			"from": [8.51884, 3.599, 8.89384],
			"to": [9.26884, 3.599, 9.39384],
			"rotation": {"angle": -45, "axis": "y", "origin": [10.01884, 3.59913, 9.14384]},
			"faces": {
				"north": {"uv": [0, 0, 16, 16], "rotation": 90, "texture": "#4"},
				"east": {"uv": [0, 0, 16, 16], "rotation": 90, "texture": "#4"},
				"south": {"uv": [0, 0, 16, 16], "rotation": 90, "texture": "#4"},
				"west": {"uv": [0, 0, 16, 16], "rotation": 90, "texture": "#4"},
				"up": {"uv": [0, 0, 16, 16], "rotation": 90, "texture": "#4"},
				"down": {"uv": [0, 0, 16, 16], "rotation": 90, "texture": "#4"}
			}
		},
		{
			"from": [4.51884, 3.599, 8.89384],
			"to": [5.26884, 3.599, 9.39384],
			"rotation": {"angle": 45, "axis": "y", "origin": [6.01884, 3.59913, 9.14384]},
			"faces": {
				"north": {"uv": [0, 0, 16, 16], "rotation": 90, "texture": "#4"},
				"east": {"uv": [0, 0, 16, 16], "rotation": 90, "texture": "#4"},
				"south": {"uv": [0, 0, 16, 16], "rotation": 90, "texture": "#4"},
				"west": {"uv": [0, 0, 16, 16], "rotation": 90, "texture": "#4"},
				"up": {"uv": [0, 0, 16, 16], "rotation": 90, "texture": "#4"},
				"down": {"uv": [0, 0, 16, 16], "rotation": 90, "texture": "#4"}
			}
		},
		{
			"from": [9.26884, 3.599, 8.89384],
			"to": [10.01884, 3.599, 9.39384],
			"rotation": {"angle": -45, "axis": "y", "origin": [10.01884, 3.59913, 9.14384]},
			"faces": {
				"north": {"uv": [0, 0, 16, 16], "rotation": 90, "texture": "#4"},
				"east": {"uv": [0, 0, 16, 16], "rotation": 90, "texture": "#4"},
				"south": {"uv": [0, 0, 16, 16], "rotation": 90, "texture": "#4"},
				"west": {"uv": [0, 0, 16, 16], "rotation": 90, "texture": "#4"},
				"up": {"uv": [0, 0, 16, 16], "rotation": 90, "texture": "#4"},
				"down": {"uv": [0, 0, 16, 16], "rotation": 90, "texture": "#4"}
			}
		},
		{
			"from": [5.26884, 3.599, 8.89384],
			"to": [6.01884, 3.599, 9.39384],
			"rotation": {"angle": 45, "axis": "y", "origin": [6.01884, 3.59913, 9.14384]},
			"faces": {
				"north": {"uv": [0, 0, 16, 16], "rotation": 90, "texture": "#4"},
				"east": {"uv": [0, 0, 16, 16], "rotation": 90, "texture": "#4"},
				"south": {"uv": [0, 0, 16, 16], "rotation": 90, "texture": "#4"},
				"west": {"uv": [0, 0, 16, 16], "rotation": 90, "texture": "#4"},
				"up": {"uv": [0, 0, 16, 16], "rotation": 90, "texture": "#4"},
				"down": {"uv": [0, 0, 16, 16], "rotation": 90, "texture": "#4"}
			}
		},
		{
			"from": [10.5, 3.35, 11.25],
			"to": [11.25, 3.35, 11.75],
			"rotation": {"angle": 0, "axis": "y", "origin": [18.25, 11.25, 19]},
			"faces": {
				"north": {"uv": [0, 0, 16, 16], "rotation": 90, "texture": "#4"},
				"east": {"uv": [0, 0, 16, 16], "rotation": 90, "texture": "#4"},
				"south": {"uv": [0, 0, 16, 16], "rotation": 90, "texture": "#4"},
				"west": {"uv": [0, 0, 16, 16], "rotation": 90, "texture": "#4"},
				"up": {"uv": [0, 0, 16, 16], "rotation": 90, "texture": "#4"},
				"down": {"uv": [0, 0, 16, 16], "rotation": 90, "texture": "#4"}
			}
		},
		{
			"from": [9.75, 3.35, 11.25],
			"to": [10.5, 3.35, 11.75],
			"rotation": {"angle": 0, "axis": "y", "origin": [17.5, 11.25, 19]},
			"faces": {
				"north": {"uv": [0, 0, 16, 16], "rotation": 90, "texture": "#4"},
				"east": {"uv": [0, 0, 16, 16], "rotation": 90, "texture": "#4"},
				"south": {"uv": [0, 0, 16, 16], "rotation": 90, "texture": "#4"},
				"west": {"uv": [0, 0, 16, 16], "rotation": 90, "texture": "#4"},
				"up": {"uv": [0, 0, 16, 16], "rotation": 90, "texture": "#4"},
				"down": {"uv": [0, 0, 16, 16], "rotation": 90, "texture": "#4"}
			}
		},
		{
			"from": [9, 3.35, 11.25],
			"to": [9.75, 3.35, 11.75],
			"rotation": {"angle": 0, "axis": "y", "origin": [16.75, 11.25, 19]},
			"faces": {
				"north": {"uv": [0, 0, 16, 16], "rotation": 90, "texture": "#4"},
				"east": {"uv": [0, 0, 16, 16], "rotation": 90, "texture": "#4"},
				"south": {"uv": [0, 0, 16, 16], "rotation": 90, "texture": "#4"},
				"west": {"uv": [0, 0, 16, 16], "rotation": 90, "texture": "#4"},
				"up": {"uv": [0, 0, 16, 16], "rotation": 90, "texture": "#4"},
				"down": {"uv": [0, 0, 16, 16], "rotation": 90, "texture": "#4"}
			}
		},
		{
			"from": [6.75, 3.35, 11.25],
			"to": [7.5, 3.35, 11.75],
			"rotation": {"angle": 0, "axis": "y", "origin": [14.5, 11.25, 19]},
			"faces": {
				"north": {"uv": [0, 0, 16, 16], "rotation": 90, "texture": "#4"},
				"east": {"uv": [0, 0, 16, 16], "rotation": 90, "texture": "#4"},
				"south": {"uv": [0, 0, 16, 16], "rotation": 90, "texture": "#4"},
				"west": {"uv": [0, 0, 16, 16], "rotation": 90, "texture": "#4"},
				"up": {"uv": [0, 0, 16, 16], "rotation": 90, "texture": "#4"},
				"down": {"uv": [0, 0, 16, 16], "rotation": 90, "texture": "#4"}
			}
		},
		{
			"from": [5.25, 3.35, 11.25],
			"to": [6, 3.35, 11.75],
			"rotation": {"angle": 0, "axis": "y", "origin": [13, 11.25, 19]},
			"faces": {
				"north": {"uv": [0, 0, 16, 16], "rotation": 90, "texture": "#4"},
				"east": {"uv": [0, 0, 16, 16], "rotation": 90, "texture": "#4"},
				"south": {"uv": [0, 0, 16, 16], "rotation": 90, "texture": "#4"},
				"west": {"uv": [0, 0, 16, 16], "rotation": 90, "texture": "#4"},
				"up": {"uv": [0, 0, 16, 16], "rotation": 90, "texture": "#4"},
				"down": {"uv": [0, 0, 16, 16], "rotation": 90, "texture": "#4"}
			}
		},
		{
			"from": [8.25, 3.35, 11.25],
			"to": [9, 3.35, 11.75],
			"rotation": {"angle": 0, "axis": "y", "origin": [16, 11.25, 19]},
			"faces": {
				"north": {"uv": [0, 0, 16, 16], "rotation": 90, "texture": "#4"},
				"east": {"uv": [0, 0, 16, 16], "rotation": 90, "texture": "#4"},
				"south": {"uv": [0, 0, 16, 16], "rotation": 90, "texture": "#4"},
				"west": {"uv": [0, 0, 16, 16], "rotation": 90, "texture": "#4"},
				"up": {"uv": [0, 0, 16, 16], "rotation": 90, "texture": "#4"},
				"down": {"uv": [0, 0, 16, 16], "rotation": 90, "texture": "#4"}
			}
		},
		{
			"from": [6, 3.35, 11.25],
			"to": [6.75, 3.35, 11.75],
			"rotation": {"angle": 0, "axis": "y", "origin": [13.75, 11.25, 19]},
			"faces": {
				"north": {"uv": [0, 0, 16, 16], "rotation": 90, "texture": "#4"},
				"east": {"uv": [0, 0, 16, 16], "rotation": 90, "texture": "#4"},
				"south": {"uv": [0, 0, 16, 16], "rotation": 90, "texture": "#4"},
				"west": {"uv": [0, 0, 16, 16], "rotation": 90, "texture": "#4"},
				"up": {"uv": [0, 0, 16, 16], "rotation": 90, "texture": "#4"},
				"down": {"uv": [0, 0, 16, 16], "rotation": 90, "texture": "#4"}
			}
		},
		{
			"from": [4.5, 3.35, 11.25],
			"to": [5.25, 3.35, 11.75],
			"rotation": {"angle": 0, "axis": "y", "origin": [12.25, 11.25, 19]},
			"faces": {
				"north": {"uv": [0, 0, 16, 16], "rotation": 90, "texture": "#4"},
				"east": {"uv": [0, 0, 16, 16], "rotation": 90, "texture": "#4"},
				"south": {"uv": [0, 0, 16, 16], "rotation": 90, "texture": "#4"},
				"west": {"uv": [0, 0, 16, 16], "rotation": 90, "texture": "#4"},
				"up": {"uv": [0, 0, 16, 16], "rotation": 90, "texture": "#4"},
				"down": {"uv": [0, 0, 16, 16], "rotation": 90, "texture": "#4"}
			}
		},
		{
			"from": [3.75, 3.35, 11.25],
			"to": [4.5, 3.35, 11.75],
			"rotation": {"angle": 0, "axis": "y", "origin": [11.5, 11.25, 19]},
			"faces": {
				"north": {"uv": [0, 0, 16, 16], "rotation": 90, "texture": "#4"},
				"east": {"uv": [0, 0, 16, 16], "rotation": 90, "texture": "#4"},
				"south": {"uv": [0, 0, 16, 16], "rotation": 90, "texture": "#4"},
				"west": {"uv": [0, 0, 16, 16], "rotation": 90, "texture": "#4"},
				"up": {"uv": [0, 0, 16, 16], "rotation": 90, "texture": "#4"},
				"down": {"uv": [0, 0, 16, 16], "rotation": 90, "texture": "#4"}
			}
		},
		{
			"from": [8.25, 2, 9.6],
			"to": [8.35, 3, 10],
			"rotation": {"angle": 0, "axis": "y", "origin": [16.25, 10, 17.5]},
			"faces": {
				"north": {"uv": [2.9375, 15, 3.375, 16], "texture": "#0"},
				"east": {"uv": [2.9375, 15, 3.375, 16], "texture": "#0"},
				"south": {"uv": [2.9375, 15, 3.375, 16], "texture": "#0"},
				"west": {"uv": [2.9375, 15, 3.375, 16], "texture": "#0"},
				"up": {"uv": [2.9375, 15, 3.375, 16], "texture": "#0"},
				"down": {"uv": [2.9375, 15, 3.375, 16], "texture": "#0"}
			}
		},
		{
			"from": [7.4, 1.9, 9.6],
			"to": [8.35, 2, 10],
			"rotation": {"angle": 0, "axis": "z", "origin": [7.85, 1.95, 9.8]},
			"faces": {
				"north": {"uv": [3, 15.09375, 3.34375, 15.9375], "rotation": 90, "texture": "#0"},
				"east": {"uv": [3, 15.09375, 3.34375, 15.9375], "rotation": 90, "texture": "#0"},
				"south": {"uv": [3, 15.09375, 3.34375, 15.9375], "rotation": 90, "texture": "#0"},
				"west": {"uv": [3, 15.09375, 3.34375, 15.9375], "rotation": 90, "texture": "#0"},
				"up": {"uv": [3, 15.09375, 3.34375, 15.9375], "rotation": 90, "texture": "#0"},
				"down": {"uv": [3, 15.09375, 3.34375, 15.9375], "rotation": 90, "texture": "#0"}
			}
		},
		{
			"from": [7.4, 1.9, 11.6],
			"to": [8.35, 2, 12],
			"rotation": {"angle": 0, "axis": "z", "origin": [7.85, 1.95, 11.8]},
			"faces": {
				"north": {"uv": [3.03125, 15.03125, 3.34375, 15.96875], "rotation": 270, "texture": "#0"},
				"east": {"uv": [3.03125, 15.03125, 3.34375, 15.96875], "rotation": 270, "texture": "#0"},
				"south": {"uv": [3.03125, 15.03125, 3.34375, 15.96875], "rotation": 270, "texture": "#0"},
				"west": {"uv": [3.03125, 15.03125, 3.34375, 15.96875], "rotation": 270, "texture": "#0"},
				"up": {"uv": [3.03125, 15.03125, 3.34375, 15.96875], "rotation": 270, "texture": "#0"},
				"down": {"uv": [3.03125, 15.03125, 3.34375, 15.96875], "rotation": 270, "texture": "#0"}
			}
		},
		{
			"from": [8.25, 2, 11.6],
			"to": [8.35, 3, 12],
			"rotation": {"angle": 0, "axis": "y", "origin": [16.25, 10, 19.5]},
			"faces": {
				"north": {"uv": [2.90625, 15.03125, 3.3125, 15.90625], "texture": "#0"},
				"east": {"uv": [2.90625, 15.03125, 3.3125, 15.90625], "texture": "#0"},
				"south": {"uv": [2.90625, 15.03125, 3.3125, 15.90625], "texture": "#0"},
				"west": {"uv": [2.90625, 15.03125, 3.3125, 15.90625], "texture": "#0"},
				"up": {"uv": [2.90625, 15.03125, 3.3125, 15.90625], "texture": "#0"},
				"down": {"uv": [2.90625, 15.03125, 3.3125, 15.90625], "texture": "#0"}
			}
		},
		{
			"from": [7.4, 2, 11.6],
			"to": [7.5, 3, 12],
			"rotation": {"angle": 0, "axis": "y", "origin": [15.25, 10, 19.5]},
			"faces": {
				"north": {"uv": [3, 15, 3.375, 15.875], "texture": "#0"},
				"east": {"uv": [3, 15, 3.375, 15.875], "texture": "#0"},
				"south": {"uv": [3, 15, 3.375, 15.875], "texture": "#0"},
				"west": {"uv": [3, 15, 3.375, 15.875], "texture": "#0"},
				"up": {"uv": [3, 15, 3.375, 15.875], "texture": "#0"},
				"down": {"uv": [3, 15, 3.375, 15.875], "texture": "#0"}
			}
		},
		{
			"from": [7.4, 2, 9.6],
			"to": [7.5, 3, 10],
			"rotation": {"angle": 0, "axis": "y", "origin": [15.25, 10, 17.5]},
			"faces": {
				"north": {"uv": [2.9375, 15, 3.34375, 15.9375], "texture": "#0"},
				"east": {"uv": [2.9375, 15, 3.34375, 15.9375], "texture": "#0"},
				"south": {"uv": [2.9375, 15, 3.34375, 15.9375], "texture": "#0"},
				"west": {"uv": [2.9375, 15, 3.34375, 15.9375], "texture": "#0"},
				"up": {"uv": [2.9375, 15, 3.34375, 15.9375], "texture": "#0"},
				"down": {"uv": [2.9375, 15, 3.34375, 15.9375], "texture": "#0"}
			}
		}
	],
	"display": {
		"thirdperson_righthand": {
			"rotation": [-180, 0, -180],
			"translation": [0, 7.75, 0.5],
			"scale": [1.5, 1.5, 1.5]
		},
		"thirdperson_lefthand": {
			"rotation": [-180, 0, -180],
			"translation": [0, 7.75, 0.5],
			"scale": [1.5, 1.5, 1.5]
		},
		"firstperson_righthand": {
			"rotation": [-180, -2, -180],
			"translation": [4.5, 9.5, 4]
		},
		"firstperson_lefthand": {
			"rotation": [-3, 170, 0],
			"translation": [5.5, 9.25, 3.75]
		},
		"gui": {
			"rotation": [10.75, -37, 0],
			"translation": [0, 7.5, 0],
			"scale": [2, 2, 2]
		},
		"head": {
			"rotation": [-3, -180, 0],
			"translation": [0.25, 17, 0],
			"scale": [1.89, 1.96, 1.61]
		},
		"fixed": {
			"rotation": [0, -89, 83],
			"translation": [-0.25, 0, -16.25],
			"scale": [3, 3, 3]
		}
	},
	"groups": [0, 1, 2, 3, 4, 5, 6, 7, 8, 9,
		{
			"name": "octagon",
			"origin": [8, 8, 8],
			"children": [10, 11]
		}, 12, 13, 14, 15, 16, 17, 18, 19, 20, 21, 22, 23, 24, 25, 26, 27, 28, 29, 30, 31, 32, 33, 34, 35,
		{
			"name": "octagon",
			"origin": [8, 8, 8],
			"children": [36, 37, 38, 39, 40, 41]
		}, 42, 43, 44,
		{
			"name": "group",
			"origin": [11.52608, 3.5, 12.70899],
			"children": []
		},
		{
			"name": "group",
			"origin": [11.52608, 3.5, 12.70899],
			"children": [45, 46, 47, 48]
		},
		{
			"name": "group",
			"origin": [11.52608, 3.5, 12.70899],
			"children": [49, 50, 51, 52]
		},
		{
			"name": "group",
			"origin": [11.52608, 3.5, 12.70899],
			"children": [53, 54, 55, 56]
		},
		{
			"name": "group",
			"origin": [11.52608, 3.5, 12.70899],
			"children": [57, 58, 59, 60]
		}, 61, 62, 63, 64, 65, 66, 67, 68, 69, 70, 71, 72, 73, 74, 75, 76, 77, 78, 79, 80, 81, 82, 83, 84, 85, 86, 87, 88, 89, 90, 91, 92, 93, 94, 95, 96]
}