{
	"__comment": "Designed by Smuthy with Cubik Studio - https://cubik.studio",
	"parent": "block/door_bottom",
	"textures": {
		"bottom": "block/acacia_door_bottom",
		"top": "block/acacia_door_top"
	},
	"elements": [ 	 
		{
			"__comment": "Box1",
			"from": [ 0, 14, 0 ],
			"to": [ 3, 16, 16 ],
			"faces": {
				"down": { "uv": [ 1, 1, 16, 2 ], "texture": "#bottom", "rotation": 90 },
				"up": { "uv": [ 1, 0, 16, 1 ], "texture": "#bottom", "rotation": 270 },
				"north": { "uv": [ 13, 0, 16, 2 ], "texture": "#bottom" },
				"south": { "uv": [ 0, 0, 3, 2 ], "texture": "#bottom" },
				"west": { "uv": [ 16, 0, 0, 2 ], "texture": "#bottom" },
				"east": { "uv": [ 1, 0, 16, 2 ], "texture": "#bottom" }
			}
		},
		{
			"__comment": "Box2",
			"from": [ 0, 4, 13 ],
			"to": [ 3, 14, 16 ],
			"faces": {
				"down": { "uv": [ 0, 2, 3, 5 ], "texture": "#bottom", "rotation": 90 },
				"up": { "uv": [ 0, 2, 3, 5 ], "texture": "#bottom", "rotation": 270 },
				"north": { "uv": [ 13, 2, 16, 12 ], "texture": "#bottom" },
				"south": { "uv": [ 0, 2, 3, 12 ], "texture": "#bottom" },
				"west": { "uv": [ 3, 2, 0, 12 ], "texture": "#bottom" },
				"east": { "uv": [ 16, 2, 13, 12 ], "texture": "#bottom" }
			}
		},
		{
			"__comment": "Box1",
			"from": [ 0, 0, 0 ],
			"to": [ 3, 4, 16 ],
			"faces": {
				"down": { "uv": [ 0, 12, 16, 13 ], "texture": "#bottom", "rotation": 90 },
				"up": { "uv": [ 0, 12, 16, 13 ], "texture": "#bottom", "rotation": 270 },
				"north": { "uv": [ 0, 12, 3, 16 ], "texture": "#bottom" },
				"south": { "uv": [ 13, 12, 16, 16 ], "texture": "#bottom" },
				"west": { "uv": [ 0, 12, 16, 16 ], "texture": "#bottom" },
				"east": { "uv": [ 0, 12, 16, 16 ], "texture": "#bottom" }
			}
		},
		{
			"__comment": "Box2",
			"from": [ 0, 4, 0 ],
			"to": [ 3, 14, 3 ],
			"faces": {
				"down": { "uv": [ 13, 2, 16, 5 ], "texture": "#bottom", "rotation": 90 },
				"up": { "uv": [ 13, 2, 16, 5 ], "texture": "#bottom", "rotation": 270 },
				"north": { "uv": [ 16, 4, 13, 14 ], "texture": "#top" },
				"south": { "uv": [ 16, 2, 13, 12 ], "texture": "#bottom" },
				"west": { "uv": [ 13, 4, 16, 14 ], "texture": "#top" },
				"east": { "uv": [ 13, 2, 16, 12 ], "texture": "#bottom" }
			}
		},
		{
			"__comment": "Box5",
			"from": [ 0, 4, 9 ],
			"to": [ 3, 14, 11 ],
			"faces": {
				"down": { "uv": [ 5, 2, 7, 5 ], "texture": "#bottom", "rotation": 90 },
				"up": { "uv": [ 5, 2, 7, 5 ], "texture": "#bottom", "rotation": 270 },
				"north": { "uv": [ 6, 2, 7, 12 ], "texture": "#bottom" },
				"south": { "uv": [ 5, 2, 6, 12 ], "texture": "#bottom" },
				"west": { "uv": [ 5, 2, 7, 12 ], "texture": "#bottom" },
				"east": { "uv": [ 5, 2, 7, 12 ], "texture": "#bottom" }
			}
		},
		{
			"__comment": "Box5",
			"from": [ 0, 4, 5 ],
			"to": [ 3, 14, 7 ],
			"faces": {
				"down": { "uv": [ 5, 2, 7, 5 ], "texture": "#bottom", "rotation": 90 },
				"up": { "uv": [ 5, 2, 7, 5 ], "texture": "#bottom", "rotation": 270 },
				"north": { "uv": [ 6, 2, 7, 12 ], "texture": "#bottom" },
				"south": { "uv": [ 5, 2, 6, 12 ], "texture": "#bottom" },
				"west": { "uv": [ 5, 2, 7, 12 ], "texture": "#bottom" },
				"east": { "uv": [ 5, 2, 7, 12 ], "texture": "#bottom" }
			}
		}
	]
}