{
	"__comment": "Designed by Smuthy with Cubik Studio - https://cubik.studio",
	"parent": "block/template_orientable_trapdoor_top",
	"textures": {
		"texture": "block/acacia_trapdoor"
	},
	"elements": [ 	 
		{
			"__comment": "Box1",
			"from": [ 0.0002, 0, 13.0002 ],
			"to": [ 16.0002, 3, 16.0002 ],
			"faces": {
				"down": { "uv": [ 0, 0, 16, 3 ], "texture": "#texture", "rotation": 180 },
				"up": { "uv": [ 0, 0, 16, 3 ], "texture": "#texture", "rotation": 180 },
				"north": { "uv": [ 0, 0, 16, 1 ], "texture": "#texture" },
				"south": { "uv": [ 0, 0, 16, 3 ], "texture": "#texture" },
				"west": { "uv": [ 13, 0, 16, 3 ], "texture": "#texture" },
				"east": { "uv": [ 0, 0, 3, 3 ], "texture": "#texture" }
			}
		},
		{
			"__comment": "Box1",
			"from": [ 0.0003, 0, -0.0001 ],
			"to": [ 16.0003, 3, 2.9999 ],
			"faces": {
				"down": { "uv": [ 0, 13, 16, 16 ], "texture": "#texture", "rotation": 180 },
				"up": { "uv": [ 0, 13, 16, 16 ], "texture": "#texture", "rotation": 180 },
				"north": { "uv": [ 0, 0, 16, 3 ], "texture": "#texture" },
				"south": { "uv": [ 0, 0, 16, 1 ], "texture": "#texture" },
				"west": { "uv": [ 0, 0, 3, 3 ], "texture": "#texture" },
				"east": { "uv": [ 13, 0, 16, 3 ], "texture": "#texture" }
			}
		},
		{
			"__comment": "Box4",
			"from": [ 13.0001, 0, 3.0002 ],
			"to": [ 16.0001, 3, 13.0002 ],
			"faces": {
				"down": { "uv": [ 0, 13, 3, 3 ], "texture": "#texture", "rotation": 180 },
				"up": { "uv": [ 0, 3, 3, 13 ], "texture": "#texture", "rotation": 180 },
				"north": { "uv": [ 0, 10, 3, 13 ], "texture": "#texture" },
				"south": { "uv": [ 0, 10, 3, 13 ], "texture": "#texture" },
				"west": { "uv": [ 2, 3, 3, 13 ], "texture": "#texture" },
				"east": { "uv": [ 3, 0, 13, 3 ], "texture": "#texture" }
			}
		},
		{
			"__comment": "Box4",
			"from": [ 0, 0, 2.9999 ],
			"to": [ 3, 3, 12.9999 ],
			"faces": {
				"down": { "uv": [ 0, 3, 3, 13 ], "texture": "#texture", "rotation": 180 },
				"up": { "uv": [ 0, 13, 3, 3 ], "texture": "#texture", "rotation": 180 },
				"north": { "uv": [ 0, 10, 3, 13 ], "texture": "#texture" },
				"south": { "uv": [ 0, 10, 3, 13 ], "texture": "#texture" },
				"west": { "uv": [ 3, 0, 13, 3 ], "texture": "#texture" },
				"east": { "uv": [ 0, 3, 2, 13 ], "texture": "#texture", "rotation": 90 }
			}
		},
		{
			"__comment": "Box6",
			"from": [ 9, 0, 3.0001 ],
			"to": [ 11, 3, 13.0001 ],
			"faces": {
				"down": { "uv": [ 5, 3, 7, 13 ], "texture": "#texture", "rotation": 180 },
				"up": { "uv": [ 5, 3, 7, 13 ], "texture": "#texture", "rotation": 180 },
				"north": { "uv": [ 5, 10, 7, 13 ], "texture": "#texture" },
				"south": { "uv": [ 5, 3, 7, 6 ], "texture": "#texture" },
				"west": { "uv": [ 6, 3, 7, 13 ], "texture": "#texture" },
				"east": { "uv": [ 5, 3, 6, 13 ], "texture": "#texture" }
			}
		},
		{
			"__comment": "Box6",
			"from": [ 5, 0, 3 ],
			"to": [ 7, 3, 13 ],
			"faces": {
				"down": { "uv": [ 5, 3, 7, 13 ], "texture": "#texture", "rotation": 180 },
				"up": { "uv": [ 5, 3, 7, 13 ], "texture": "#texture", "rotation": 180 },
				"north": { "uv": [ 5, 10, 7, 13 ], "texture": "#texture" },
				"south": { "uv": [ 5, 3, 7, 6 ], "texture": "#texture" },
				"west": { "uv": [ 6, 3, 7, 13 ], "texture": "#texture" },
				"east": { "uv": [ 5, 3, 6, 13 ], "texture": "#texture" }
			}
		}
	],
	"display": {
		"thirdperson_righthand": {
			"rotation":  [ 75, 45, 0 ],
			"translation":  [ 0, 2.5, 2 ],
			"scale":  [ 0.375, 0.375, 0.375 ]
		},
		"thirdperson_lefthand": {
			"rotation":  [ 75, 45, 0 ],
			"translation":  [ 0, 2.5, 2 ],
			"scale":  [ 0.375, 0.375, 0.375 ]
		},
		"firstperson_righthand": {
			"rotation":  [ 5, 47, -5 ],
			"translation":  [ 0.25, 4, 0 ],
			"scale":  [ 0.4, 0.4, 0.4 ]
		},
		"firstperson_lefthand": {
			"rotation":  [ 5, 47, -5 ],
			"translation":  [ 0.25, 4, 0 ],
			"scale":  [ 0.4, 0.4, 0.4 ]
		},
		"gui": {
			"rotation":  [ 30, 225, 0 ],
			"scale":  [ 0.625, 0.625, 0.625 ]
		},
		"ground": {
			"translation":  [ 0, 3, 0 ],
			"scale":  [ 0.25, 0.25, 0.25 ]
		},
		"fixed": {
			"scale":  [ 0.5, 0.5, 0.5 ]
		}
	}
}