{
	"__comment": "Designed by Smuthy with Cubik Studio - https://cubik.studio",
	"parent": "block/template_orientable_trapdoor_top",
	"textures": {
		"texture": "block/crimson_trapdoor",
		"particle": "block/crimson_trapdoor",
		"texture1": "block_source/crimson_trapdoor_side"
	},
	"elements": [ 	 
		{
			"__comment": "Box1",
			"from": [ 0, 0, 13 ],
			"to": [ 16, 3, 16 ],
			"faces": {
				"down": { "uv": [ 0, 8, 16, 11 ], "texture": "#texture1" },
				"up": { "uv": [ 16, 1, 0, 0 ], "texture": "#texture" },
				"north": { "uv": [ 16, 0, 0, 3 ], "texture": "#texture", "rotation": 180 },
				"south": { "uv": [ 0, 0, 16, 3 ], "texture": "#texture", "rotation": 180 },
				"west": { "uv": [ 13, 8, 16, 11 ], "texture": "#texture1", "rotation": 90 },
				"east": { "uv": [ 0, 8, 3, 11 ], "texture": "#texture1", "rotation": 270 }
			}
		},
		{
			"__comment": "Box1",
			"from": [ 0.0001, 13.0003, 12.9999 ],
			"to": [ 16.0001, 16.0003, 15.9999 ],
			"faces": {
				"down": { "uv": [ 0, 0, 16, 1 ], "texture": "#texture" },
				"up": { "uv": [ 16, 11, 0, 8 ], "texture": "#texture1" },
				"north": { "uv": [ 16, 13, 0, 16 ], "texture": "#texture", "rotation": 180 },
				"south": { "uv": [ 0, 13, 16, 16 ], "texture": "#texture", "rotation": 180 },
				"west": { "uv": [ 0, 8, 3, 11 ], "texture": "#texture1", "rotation": 90 },
				"east": { "uv": [ 13, 8, 16, 11 ], "texture": "#texture1", "rotation": 270 }
			}
		},
		{
			"__comment": "Box4",
			"from": [ 12.9999, 3, 12.9999 ],
			"to": [ 15.9999, 13, 15.9999 ],
			"faces": {
				"down": { "uv": [ 0, 10, 3, 13 ], "texture": "#texture" },
				"up": { "uv": [ 3, 13, 0, 10 ], "texture": "#texture" },
				"north": { "uv": [ 3, 3, 0, 13 ], "texture": "#texture", "rotation": 180 },
				"south": { "uv": [ 0, 3, 3, 13 ], "texture": "#texture", "rotation": 180 },
				"west": { "uv": [ 0, 3, 1, 13 ], "texture": "#texture", "rotation": 90 },
				"east": { "uv": [ 3, 8, 13, 11 ], "texture": "#texture1", "rotation": 270 }
			}
		},
		{
			"__comment": "Box4",
			"from": [ -0.0002, 3.0003, 12.9999 ],
			"to": [ 2.9998, 13.0003, 15.9999 ],
			"faces": {
				"down": { "uv": [ 0, 10, 3, 13 ], "texture": "#texture" },
				"up": { "uv": [ 3, 13, 0, 10 ], "texture": "#texture" },
				"north": { "uv": [ 16, 3, 13, 13 ], "texture": "#texture", "rotation": 180 },
				"south": { "uv": [ 13, 3, 16, 13 ], "texture": "#texture", "rotation": 180 },
				"west": { "uv": [ 3, 8, 13, 11 ], "texture": "#texture1", "rotation": 90 },
				"east": { "uv": [ 0, 3, 1, 13 ], "texture": "#texture" }
			}
		},
		{
			"__comment": "Box6",
			"from": [ 2.9997, 4.0002, 13 ],
			"to": [ 12.9997, 7.0002, 16 ],
			"faces": {
				"down": { "uv": [ 3, 4, 13, 5 ], "texture": "#texture" },
				"up": { "uv": [ 13, 5, 3, 4 ], "texture": "#texture" },
				"north": { "uv": [ 13, 7, 3, 4 ], "texture": "#texture", "rotation": 180 },
				"south": { "uv": [ 3, 4, 13, 7 ], "texture": "#texture", "rotation": 180 },
				"west": { "uv": [ 3, 4, 13, 5 ], "texture": "#texture", "rotation": 90 },
				"east": { "uv": [ 3, 4, 13, 5 ], "texture": "#texture", "rotation": 270 }
			}
		},
		{
			"__comment": "Box6",
			"from": [ 2.9997, 9.000199, 12.9999 ],
			"to": [ 12.9997, 12.0002, 15.9999 ],
			"faces": {
				"down": { "uv": [ 3, 4, 13, 5 ], "texture": "#texture" },
				"up": { "uv": [ 13, 5, 3, 4 ], "texture": "#texture" },
				"north": { "uv": [ 13, 12, 3, 9 ], "texture": "#texture", "rotation": 180 },
				"south": { "uv": [ 3, 9, 13, 12 ], "texture": "#texture", "rotation": 180 },
				"west": { "uv": [ 3, 9, 13, 10 ], "texture": "#texture", "rotation": 90 },
				"east": { "uv": [ 3, 4, 13, 5 ], "texture": "#texture", "rotation": 270 }
			}
		}
	]
}