{
	"__comment": "Designed by Smuthy with Cubik Studio - https://cubik.studio",
	"parent": "block/template_orientable_trapdoor_top",
	"textures": {
		"texture": "block/crimson_trapdoor",
		"particle": "block/crimson_trapdoor",
		"texture1": "block_source/crimson_trapdoor_side"
	},
	"elements": [ 	 
		{
			"__comment": "Box1",
			"from": [ 0.0002, 13, 13.0002 ],
			"to": [ 16.0002, 16, 16.0002 ],
			"faces": {
				"down": { "uv": [ 0, 3, 16, 0 ], "texture": "#texture", "rotation": 180 },
				"up": { "uv": [ 0, 0, 16, 3 ], "texture": "#texture", "rotation": 180 },
				"north": { "uv": [ 0, 0, 16, 1 ], "texture": "#texture" },
				"south": { "uv": [ 0, 8, 16, 11 ], "texture": "#texture1" },
				"west": { "uv": [ 13, 8, 16, 11 ], "texture": "#texture1" },
				"east": { "uv": [ 0, 8, 3, 11 ], "texture": "#texture1" }
			}
		},
		{
			"__comment": "Box1",
			"from": [ 0.0003, 13, -0.0001 ],
			"to": [ 16.0003, 16, 2.9999 ],
			"faces": {
				"down": { "uv": [ 0, 16, 16, 13 ], "texture": "#texture", "rotation": 180 },
				"up": { "uv": [ 0, 13, 16, 16 ], "texture": "#texture", "rotation": 180 },
				"north": { "uv": [ 0, 8, 16, 11 ], "texture": "#texture1" },
				"south": { "uv": [ 0, 0, 16, 1 ], "texture": "#texture" },
				"west": { "uv": [ 0, 8, 3, 11 ], "texture": "#texture1" },
				"east": { "uv": [ 13, 8, 16, 11 ], "texture": "#texture1" }
			}
		},
		{
			"__comment": "Box4",
			"from": [ 13.0001, 13, 3.0002 ],
			"to": [ 16.0001, 16, 13.0002 ],
			"faces": {
				"down": { "uv": [ 0, 13, 3, 3 ], "texture": "#texture", "rotation": 180 },
				"up": { "uv": [ 0, 3, 3, 13 ], "texture": "#texture", "rotation": 180 },
				"north": { "uv": [ 0, 10, 3, 13 ], "texture": "#texture" },
				"south": { "uv": [ 0, 10, 3, 13 ], "texture": "#texture" },
				"west": { "uv": [ 0, 3, 1, 13 ], "texture": "#texture" },
				"east": { "uv": [ 3, 8, 13, 11 ], "texture": "#texture1" }
			}
		},
		{
			"__comment": "Box4",
			"from": [ 0, 13, 2.9999 ],
			"to": [ 3, 16, 12.9999 ],
			"faces": {
				"down": { "uv": [ 13, 13, 16, 3 ], "texture": "#texture", "rotation": 180 },
				"up": { "uv": [ 13, 3, 16, 13 ], "texture": "#texture", "rotation": 180 },
				"north": { "uv": [ 0, 10, 3, 13 ], "texture": "#texture" },
				"south": { "uv": [ 0, 10, 3, 13 ], "texture": "#texture" },
				"west": { "uv": [ 3, 8, 13, 11 ], "texture": "#texture1" },
				"east": { "uv": [ 0, 3, 1, 13 ], "texture": "#texture", "rotation": 90 }
			}
		},
		{
			"__comment": "Box6",
			"from": [ 2.9999, 13, 9 ],
			"to": [ 12.9999, 16, 12 ],
			"faces": {
				"down": { "uv": [ 3, 4, 13, 7 ], "texture": "#texture", "rotation": 180 },
				"up": { "uv": [ 3, 4, 13, 7 ], "texture": "#texture", "rotation": 180 },
				"north": { "uv": [ 3, 4, 13, 5 ], "texture": "#texture" },
				"south": { "uv": [ 3, 4, 13, 5 ], "texture": "#texture" },
				"west": { "uv": [ 3, 4, 13, 5 ], "texture": "#texture" },
				"east": { "uv": [ 3, 4, 13, 5 ], "texture": "#texture" }
			}
		},
		{
			"__comment": "Box6",
			"from": [ 2.9999, 13, 4 ],
			"to": [ 12.9999, 16, 7 ],
			"faces": {
				"down": { "uv": [ 3, 9, 13, 12 ], "texture": "#texture", "rotation": 180 },
				"up": { "uv": [ 3, 9, 13, 12 ], "texture": "#texture", "rotation": 180 },
				"north": { "uv": [ 3, 4, 13, 5 ], "texture": "#texture" },
				"south": { "uv": [ 3, 4, 13, 5 ], "texture": "#texture" },
				"west": { "uv": [ 3, 9, 13, 10 ], "texture": "#texture" },
				"east": { "uv": [ 3, 4, 13, 5 ], "texture": "#texture" }
			}
		}
	]
}