{
	"__comment": "Designed by Smuthy with Cubik Studio - https://cubik.studio",
	"parent": "block/rail_flat",
	"textures": {
		"rail": "block/rail",
		"particle": "block/detector_rail"
	},
	"elements": [ 	 
		{
			"__comment": "Box1",
			"from": [ 2, 0, 0 ],
			"to": [ 4, 1, 16 ],
			"faces": {
				"down": { "uv": [ 2, 16, 4, 0 ], "texture": "#rail" },
				"up": { "uv": [ 2, 0, 4, 16 ], "texture": "#rail" },
				"north": { "uv": [ 2, 1, 4, 0 ], "texture": "#rail", "rotation": 180 },
				"south": { "uv": [ 2, 16, 4, 15 ], "texture": "#rail" },
				"west": { "uv": [ 2, 16, 3, 0 ], "texture": "#rail", "rotation": 90 },
				"east": { "uv": [ 3, 16, 4, 0 ], "texture": "#rail", "rotation": 270 }
			}
		},
		{
			"__comment": "Box1",
			"from": [ 12, 0, 0 ],
			"to": [ 14, 1, 16 ],
			"faces": {
				"down": { "uv": [ 12, 16, 14, 0 ], "texture": "#rail" },
				"up": { "uv": [ 12, 0, 14, 16 ], "texture": "#rail" },
				"north": { "uv": [ 12, 15, 14, 16 ], "texture": "#rail" },
				"south": { "uv": [ 12, 0, 14, 1 ], "texture": "#rail" },
				"west": { "uv": [ 12, 16, 13, 0 ], "texture": "#rail", "rotation": 90 },
				"east": { "uv": [ 13, 16, 14, 0 ], "texture": "#rail", "rotation": 270 }
			}
		},
		{
			"__comment": "Box3",
			"from": [ 1, 0, 4.875 ],
			"to": [ 15, 0.5, 6.875 ],
			"faces": {
				"down": { "uv": [ 1, 7, 15, 5 ], "texture": "#rail" },
				"up": { "uv": [ 1, 5, 15, 7 ], "texture": "#rail" },
				"north": { "uv": [ 1, 5, 15, 6 ], "texture": "#rail" },
				"south": { "uv": [ 1, 6, 15, 7 ], "texture": "#rail" },
				"west": { "uv": [ 1, 1, 2, 3 ], "texture": "#rail", "rotation": 270 },
				"east": { "uv": [ 14, 1, 15, 3 ], "texture": "#rail", "rotation": 90 }
			}
		},
		{
			"__comment": "Box3",
			"from": [ 1, 0, 1 ],
			"to": [ 15, 0.5, 3 ],
			"faces": {
				"down": { "uv": [ 1, 3, 15, 1 ], "texture": "#rail" },
				"up": { "uv": [ 1, 1, 15, 3 ], "texture": "#rail" },
				"north": { "uv": [ 1, 1, 15, 2 ], "texture": "#rail" },
				"south": { "uv": [ 1, 2, 15, 3 ], "texture": "#rail" },
				"west": { "uv": [ 1, 1, 2, 3 ], "texture": "#rail", "rotation": 270 },
				"east": { "uv": [ 14, 1, 15, 3 ], "texture": "#rail", "rotation": 90 }
			}
		},
		{
			"__comment": "Box3",
			"from": [ 1, 0, 8.875 ],
			"to": [ 15, 0.5, 10.875 ],
			"faces": {
				"down": { "uv": [ 1, 11, 15, 9 ], "texture": "#rail" },
				"up": { "uv": [ 1, 9, 15, 11 ], "texture": "#rail" },
				"north": { "uv": [ 1, 9, 15, 10 ], "texture": "#rail" },
				"south": { "uv": [ 1, 10, 15, 11 ], "texture": "#rail" },
				"west": { "uv": [ 1, 1, 2, 3 ], "texture": "#rail", "rotation": 270 },
				"east": { "uv": [ 14, 1, 15, 3 ], "texture": "#rail", "rotation": 90 }
			}
		},
		{
			"__comment": "Box3",
			"from": [ 1, 0, 12.875 ],
			"to": [ 15, 0.5, 14.875 ],
			"faces": {
				"down": { "uv": [ 1, 15, 15, 13 ], "texture": "#rail" },
				"up": { "uv": [ 1, 13, 15, 15 ], "texture": "#rail" },
				"north": { "uv": [ 1, 13, 15, 14 ], "texture": "#rail" },
				"south": { "uv": [ 1, 14, 15, 15 ], "texture": "#rail" },
				"west": { "uv": [ 1, 1, 2, 3 ], "texture": "#rail", "rotation": 270 },
				"east": { "uv": [ 14, 1, 15, 3 ], "texture": "#rail", "rotation": 90 }
			}
		},
		{
			"__comment": "Box7",
			"from": [ 5, 0.5, 4.875 ],
			"to": [ 11, 1.5, 10.875 ],
			"faces": {
				"down": { "uv": [ 5, 11, 11, 5 ], "texture": "#particle" },
				"up": { "uv": [ 5, 5, 11, 11 ], "texture": "#particle" },
				"north": { "uv": [ 11, 5, 5, 6 ], "texture": "#particle" },
				"south": { "uv": [ 5, 10, 11, 11 ], "texture": "#particle" },
				"west": { "uv": [ 5, 5, 6, 11 ], "texture": "#particle", "rotation": 270 },
				"east": { "uv": [ 10, 5, 11, 11 ], "texture": "#particle", "rotation": 90 }
			}
		}
	]
}