{
	"__comment": "Designed by Smuthy with Cubik Studio - https://cubik.studio",
	"ambientocclusion": false,
	"textures": {
		"particle": "block/hopper_outside",
		"top": "block/hopper_top",
		"side": "block/hopper_outside",
		"inside": "block/hopper_inside",
		"texture": "block_source/hopper_down"
	},
	"elements": [ 	 
		{
			"__comment": "Element",
			"from": [ 0, 10, 0 ],
			"to": [ 16, 11, 16 ],
			"faces": {
				"down": { "uv": [ 0, 0, 16, 16 ], "texture": "#texture" },
				"up": { "uv": [ 0, 0, 16, 16 ], "texture": "#inside", "cullface": "up" },
				"north": { "uv": [ 0, 5, 16, 6 ], "texture": "#side", "cullface": "north" },
				"south": { "uv": [ 0, 5, 16, 6 ], "texture": "#side", "cullface": "south" },
				"west": { "uv": [ 0, 5, 16, 6 ], "texture": "#side", "cullface": "west" },
				"east": { "uv": [ 0, 5, 16, 6 ], "texture": "#side", "cullface": "east" }
			}
		},
		{
			"__comment": "Element",
			"from": [ 0, 11, 0 ],
			"to": [ 2, 16, 16 ],
			"faces": {
				"up": { "uv": [ 0, 0, 2, 16 ], "texture": "#top", "cullface": "up" },
				"north": { "uv": [ 14, 0, 16, 5 ], "texture": "#side", "cullface": "north" },
				"south": { "uv": [ 0, 0, 2, 5 ], "texture": "#side", "cullface": "south" },
				"west": { "uv": [ 0, 0, 16, 5 ], "texture": "#side", "cullface": "west" },
				"east": { "uv": [ 0, 0, 16, 5 ], "texture": "#side", "cullface": "up" }
			}
		},
		{
			"__comment": "Element",
			"from": [ 14, 11, 0 ],
			"to": [ 16, 16, 16 ],
			"faces": {
				"up": { "uv": [ 14, 0, 16, 16 ], "texture": "#top", "cullface": "up" },
				"north": { "uv": [ 0, 0, 2, 5 ], "texture": "#side", "cullface": "north" },
				"south": { "uv": [ 14, 0, 16, 5 ], "texture": "#side", "cullface": "south" },
				"west": { "uv": [ 0, 0, 16, 5 ], "texture": "#side", "cullface": "up" },
				"east": { "uv": [ 0, 0, 16, 5 ], "texture": "#side", "cullface": "east" }
			}
		},
		{
			"__comment": "Element",
			"from": [ 2, 11, 0 ],
			"to": [ 14, 16, 2 ],
			"faces": {
				"up": { "uv": [ 2, 0, 14, 2 ], "texture": "#top", "cullface": "up" },
				"north": { "uv": [ 2, 0, 14, 5 ], "texture": "#side", "cullface": "north" },
				"south": { "uv": [ 2, 0, 14, 5 ], "texture": "#side", "cullface": "up" }
			}
		},
		{
			"__comment": "Element",
			"from": [ 2, 11, 14 ],
			"to": [ 14, 16, 16 ],
			"faces": {
				"up": { "uv": [ 2, 14, 14, 16 ], "texture": "#top", "cullface": "up" },
				"north": { "uv": [ 2, 0, 14, 5 ], "texture": "#side", "cullface": "up" },
				"south": { "uv": [ 2, 0, 14, 5 ], "texture": "#side", "cullface": "south" }
			}
		},
		{
			"__comment": "Element",
			"from": [ 4, 4, 4 ],
			"to": [ 12, 10, 12 ],
			"faces": {
				"down": { "uv": [ 4, 4, 12, 12 ], "texture": "#texture" },
				"north": { "uv": [ 4, 6, 12, 12 ], "texture": "#side" },
				"south": { "uv": [ 4, 6, 12, 12 ], "texture": "#side" },
				"west": { "uv": [ 4, 6, 12, 12 ], "texture": "#side" },
				"east": { "uv": [ 4, 6, 12, 12 ], "texture": "#side" }
			}
		},
		{
			"__comment": "Element",
			"from": [ 6, 0, 6 ],
			"to": [ 10, 4, 10 ],
			"faces": {
				"down": { "uv": [ 6, 6, 10, 10 ], "texture": "#texture", "cullface": "down" },
				"north": { "uv": [ 6, 12, 10, 16 ], "texture": "#side" },
				"south": { "uv": [ 6, 12, 10, 16 ], "texture": "#side" },
				"west": { "uv": [ 6, 12, 10, 16 ], "texture": "#side" },
				"east": { "uv": [ 6, 12, 10, 16 ], "texture": "#side" }
			}
		}
	]
}