{
	"__comment": "Designed by Smuthy with Cubik Studio - https://cubik.studio",
	"ambientocclusion": false,
	"textures": {
		"particle": "block/ladder",
		"texture": "block/ladder"
	},
	"elements": [ 	 
		{
			"__comment": "Box2",
			"from": [ 1, 11.5, 14.5 ],
			"to": [ 15, 15.5, 15.5 ],
			"faces": {
				"down": { "uv": [ 1, 4, 15, 5 ], "texture": "#texture" },
				"up": { "uv": [ 15, 1, 1, 2 ], "texture": "#texture" },
				"north": { "uv": [ 1, 1, 15, 5 ], "texture": "#texture" },
				"south": { "uv": [ 15, 1, 1, 5 ], "texture": "#texture" },
				"west": { "uv": [ 14, 1, 15, 5 ], "texture": "#texture" },
				"east": { "uv": [ 1, 1, 2, 5 ], "texture": "#texture" }
			}
		},
		{
			"__comment": "Box2",
			"from": [ 1, 0.5, 14.5 ],
			"to": [ 15, 4.5, 15.5 ],
			"faces": {
				"down": { "uv": [ 1, 14, 15, 15 ], "texture": "#texture" },
				"up": { "uv": [ 15, 11, 1, 12 ], "texture": "#texture" },
				"north": { "uv": [ 1, 11, 15, 15 ], "texture": "#texture" },
				"south": { "uv": [ 15, 11, 1, 15 ], "texture": "#texture" },
				"west": { "uv": [ 14, 11, 15, 15 ], "texture": "#texture" },
				"east": { "uv": [ 1, 11, 2, 15 ], "texture": "#texture" }
			}
		},
		{
			"__comment": "Box2",
			"from": [ 1, 6, 14.5 ],
			"to": [ 15, 10, 15.5 ],
			"faces": {
				"down": { "uv": [ 1, 14, 15, 15 ], "texture": "#texture" },
				"up": { "uv": [ 15, 11, 1, 12 ], "texture": "#texture" },
				"north": { "uv": [ 1, 11, 15, 15 ], "texture": "#texture" },
				"south": { "uv": [ 15, 11, 1, 15 ], "texture": "#texture" },
				"west": { "uv": [ 14, 11, 15, 15 ], "texture": "#texture" },
				"east": { "uv": [ 1, 11, 2, 15 ], "texture": "#texture" }
			}
		},
		{
			"__comment": "Box5",
			"from": [ 2, 0, 15 ],
			"to": [ 4, 16, 16 ],
			"faces": {
				"down": { "uv": [ 4, 15, 2, 16 ], "texture": "#texture" },
				"up": { "uv": [ 4, 0, 2, 1 ], "texture": "#texture" },
				"north": { "uv": [ 12, 0, 14, 1 ], "texture": "#texture" },
				"south": { "uv": [ 4, 0, 2, 1 ], "texture": "#texture" },
				"west": { "uv": [ 13, 0, 14, 1 ], "texture": "#texture" },
				"east": { "uv": [ 2, 0, 3, 1 ], "texture": "#texture" }
			}
		},
		{
			"__comment": "Box5",
			"from": [ 12, 0, 15 ],
			"to": [ 14, 16, 16 ],
			"faces": {
				"down": { "uv": [ 4, 15, 2, 16 ], "texture": "#texture" },
				"up": { "uv": [ 4, 0, 2, 1 ], "texture": "#texture" },
				"north": { "uv": [ 12, 0, 14, 1 ], "texture": "#texture" },
				"south": { "uv": [ 4, 0, 2, 1 ], "texture": "#texture" },
				"west": { "uv": [ 13, 0, 14, 1 ], "texture": "#texture" },
				"east": { "uv": [ 2, 0, 3, 1 ], "texture": "#texture" }
			}
		}
	]
}