{
	"__comment": "Designed by Smuthy with Cubik Studio - https://cubik.studio",
	"ambientocclusion": false,
	"textures": {
		"particle": "block/lily_pad",
		"texture": "block/lily_pad"
	},
	"elements": [ 	 
		{
			"__comment": "Box2",
			"from": [ 1.5, 0, 4 ],
			"to": [ 14.5, 0.5, 15 ],
			"faces": {
				"down": { "uv": [ 15, 4, 2, 15 ], "texture": "#texture", "rotation": 180 },
				"up": { "uv": [ 2, 4, 15, 15 ], "texture": "#texture" },
				"north": { "uv": [ 2, 4, 15, 5 ], "texture": "#texture" },
				"south": { "uv": [ 2, 14, 15, 15 ], "texture": "#texture" },
				"west": { "uv": [ 2, 4, 3, 15 ], "texture": "#texture" },
				"east": { "uv": [ 14, 15, 15, 3.5 ], "texture": "#texture" }
			}
		},
		{
			"__comment": "Box2",
			"from": [ 1.5, 0, 1 ],
			"to": [ 7.5, 0.5, 4 ],
			"faces": {
				"down": { "uv": [ 8, 1, 2, 4 ], "texture": "#texture", "rotation": 180 },
				"up": { "uv": [ 2, 1, 8, 4 ], "texture": "#texture" },
				"north": { "uv": [ 2, 1, 8, 2 ], "texture": "#texture" },
				"south": { "uv": [ 2, 3, 8, 4 ], "texture": "#texture" },
				"west": { "uv": [ 2, 1, 3, 4 ], "texture": "#texture" },
				"east": { "uv": [ 7, 4, 8, 1 ], "texture": "#texture" }
			}
		},
		{
			"__comment": "Box2",
			"from": [ 8.5, 0, 1 ],
			"to": [ 14.5, 0.5, 4 ],
			"faces": {
				"down": { "uv": [ 15, 1, 9, 4 ], "texture": "#texture", "rotation": 180 },
				"up": { "uv": [ 9, 1, 15, 4 ], "texture": "#texture" },
				"north": { "uv": [ 9, 1, 15, 2 ], "texture": "#texture" },
				"south": { "uv": [ 9, 3, 15, 4 ], "texture": "#texture" },
				"west": { "uv": [ 9, 1, 10, 4 ], "texture": "#texture" },
				"east": { "uv": [ 14, 4, 15, 1 ], "texture": "#texture" }
			}
		}
	]
}