{
    "ambientocclusion": false,
    "textures": {
        "particle": "block/terracotta",
        "flowerpot": "block/flower_pot",
        "dirt": "block/dirt",
        "cactus": "block/cactus_side"
	},
	"elements": [ 	 
		{
			"__comment": "Element",
			"from": [ 5, 1, 5 ],
			"to": [ 6, 6, 11 ],
			"faces": {
				"down": { "uv": [ 5, 5, 6, 11 ], "texture": "#flowerpot", "cullface": "down" },
				"up": { "uv": [ 5, 5, 6, 11 ], "texture": "#flowerpot" },
				"north": { "uv": [ 5, 6, 6, 0 ], "texture": "#flowerpot" },
				"south": { "uv": [ 5, 10, 6, 16 ], "texture": "#flowerpot" },
				"west": { "uv": [ 1, 5, 6, 11 ], "texture": "#flowerpot", "rotation": 270 },
				"east": { "uv": [ 1, 5, 6, 11 ], "texture": "#flowerpot", "rotation": 270 }
			}
		},
		{
			"__comment": "Element",
			"from": [ 10, 1, 5 ],
			"to": [ 11, 6, 11 ],
			"faces": {
				"down": { "uv": [ 10, 5, 11, 11 ], "texture": "#flowerpot", "cullface": "down" },
				"up": { "uv": [ 10, 5, 11, 11 ], "texture": "#flowerpot" },
				"north": { "uv": [ 10, 6, 11, 1 ], "texture": "#flowerpot" },
				"south": { "uv": [ 10, 10, 11, 15 ], "texture": "#flowerpot" },
				"west": { "uv": [ 15, 5, 10, 11 ], "texture": "#flowerpot", "rotation": 270 },
				"east": { "uv": [ 15, 11, 10, 5 ], "texture": "#flowerpot", "rotation": 270 }
			}
		},
		{
			"__comment": "Element",
			"from": [ 6, 1, 5 ],
			"to": [ 10, 6, 6 ],
			"faces": {
				"down": { "uv": [ 6, 5, 10, 6 ], "texture": "#flowerpot", "cullface": "down" },
				"up": { "uv": [ 6, 5, 10, 6 ], "texture": "#flowerpot" },
				"north": { "uv": [ 10, 6, 6, 1 ], "texture": "#flowerpot" },
				"south": { "uv": [ 6, 6, 10, 1 ], "texture": "#flowerpot" }
			}
		},
		{
			"__comment": "Element",
			"from": [ 6, 1, 10 ],
			"to": [ 10, 6, 11 ],
			"faces": {
				"down": { "uv": [ 6, 10, 10, 11 ], "texture": "#flowerpot", "cullface": "down" },
				"up": { "uv": [ 6, 10, 10, 11 ], "texture": "#flowerpot" },
				"north": { "uv": [ 10, 10, 6, 15 ], "texture": "#flowerpot" },
				"south": { "uv": [ 6, 10, 10, 15 ], "texture": "#flowerpot" }
			}
		},
		{
			"__comment": "Element",
			"from": [ 6, 0, 6 ],
			"to": [ 10, 3.5, 10 ],
			"faces": {
				"down": { "uv": [ 6, 6, 10, 10 ], "texture": "#flowerpot", "cullface": "down" },
				"up": { "uv": [ 6, 6, 10, 10 ], "texture": "#dirt" }
			}
		},
		{
			"__comment": "Box6",
			"from": [ 5, 0, 5 ],
			"to": [ 8, 1, 8 ],
			"faces": {
				"down": { "uv": [ 0, 0, 3, 3 ], "texture": "#flowerpot" },
				"up": { "uv": [ 0, 0, 3, 3 ], "texture": "#flowerpot" },
				"north": { "uv": [ 5, 0, 8, 1 ], "texture": "#flowerpot" },
				"south": { "uv": [ 5, 0, 8, 1 ], "texture": "#flowerpot" },
				"west": { "uv": [ 0, 5, 1, 8 ], "texture": "#flowerpot" },
				"east": { "uv": [ 0, 5, 1, 8 ], "texture": "#flowerpot" }
			}
		},
		{
			"__comment": "Box6",
			"from": [ 5, 0, 8 ],
			"to": [ 8, 1, 11 ],
			"faces": {
				"down": { "uv": [ 0, 13, 3, 16 ], "texture": "#flowerpot", "rotation": 270 },
				"up": { "uv": [ 0, 13, 3, 16 ], "texture": "#flowerpot" },
				"north": { "uv": [ 5, 15, 8, 16 ], "texture": "#flowerpot" },
				"south": { "uv": [ 5, 15, 8, 16 ], "texture": "#flowerpot" },
				"west": { "uv": [ 0, 8, 1, 11 ], "texture": "#flowerpot", "rotation": 270 },
				"east": { "uv": [ 0, 8, 1, 11 ], "texture": "#flowerpot", "rotation": 90 }
			}
		},
		{
			"__comment": "Box6",
			"from": [ 8, 0, 8 ],
			"to": [ 11, 1, 11 ],
			"faces": {
				"down": { "uv": [ 13, 13, 16, 16 ], "texture": "#flowerpot", "rotation": 180 },
				"up": { "uv": [ 13, 13, 16, 16 ], "texture": "#flowerpot" },
				"north": { "uv": [ 8, 15, 11, 16 ], "texture": "#flowerpot" },
				"south": { "uv": [ 8, 15, 11, 16 ], "texture": "#flowerpot" },
				"west": { "uv": [ 15, 8, 16, 11 ], "texture": "#flowerpot", "rotation": 270 },
				"east": { "uv": [ 15, 8, 16, 11 ], "texture": "#flowerpot", "rotation": 90 }
			}
		},
		{
			"__comment": "Box6",
			"from": [ 8, 0, 5 ],
			"to": [ 11, 1, 8 ],
			"faces": {
				"down": { "uv": [ 13, 0, 16, 3 ], "texture": "#flowerpot", "rotation": 180 },
				"up": { "uv": [ 13, 0, 16, 3 ], "texture": "#flowerpot" },
				"north": { "uv": [ 8, 0, 11, 1 ], "texture": "#flowerpot" },
				"south": { "uv": [ 8, 0, 11, 1 ], "texture": "#flowerpot" },
				"west": { "uv": [ 15, 5, 16, 8 ], "texture": "#flowerpot", "rotation": 270 },
				"east": { "uv": [ 15, 5, 16, 8 ], "texture": "#flowerpot", "rotation": 90 }
			}
		},
        {   "from": [ 6, 4, 6 ],
            "to": [ 10, 8, 10 ],
            "faces": {
                "north": { "uv": [ 6, 8, 10, 12 ], "texture": "#cactus" },
                "south": { "uv": [ 6, 8, 10, 12 ], "texture": "#cactus" },
                "west":  { "uv": [ 6, 8, 10, 12 ], "texture": "#cactus" },
                "east":  { "uv": [ 6, 8, 10, 12 ], "texture": "#cactus" }
            }
        },
        {   "from": [ 6, 8, 6 ],
            "to": [ 10, 12, 10 ],
            "faces": {
                "north": { "uv": [ 6, 4, 10, 8 ], "texture": "#cactus" },
                "south": { "uv": [ 6, 4, 10, 8 ], "texture": "#cactus" },
                "west":  { "uv": [ 6, 4, 10, 8 ], "texture": "#cactus" },
                "east":  { "uv": [ 6, 4, 10, 8 ], "texture": "#cactus" }
            }
        },
        {   "from": [ 6, 12, 6 ],
            "to": [ 10, 16, 10 ],
            "faces": {
                "up":    { "uv": [ 6, 6, 10, 10 ], "texture": "#cactus" },
                "north": { "uv": [ 6, 0, 10, 4 ], "texture": "#cactus" },
                "south": { "uv": [ 6, 0, 10, 4 ], "texture": "#cactus" },
                "west":  { "uv": [ 6, 0, 10, 4 ], "texture": "#cactus" },
                "east":  { "uv": [ 6, 0, 10, 4 ], "texture": "#cactus" }
            }
        }
    ]
}
