{
	"__comment": "Designed by Smuthy with Cubik Studio",
	"parent": "block/block",
	"textures": {
		"all": "block/purpur_block",
		"particle": "block/purpur_block",
		"texture": "block_source/purpur_block_top"
	},
	"elements": [ 	 
		{
			"__comment": "Box1",
			"from": [ 0, 0, 0 ],
			"to": [ 16, 8, 16 ],
			"faces": {
				"down": { "uv": [ 0, 0, 16, 16 ], "texture": "#texture" },
				"up": { "uv": [ 0, 0, 16, 16 ], "texture": "#texture" },
				"north": { "uv": [ 0, 8, 16, 16 ], "texture": "#all" },
				"south": { "uv": [ 0, 8, 16, 16 ], "texture": "#all" },
				"west": { "uv": [ 0, 8, 16, 16 ], "texture": "#all" },
				"east": { "uv": [ 0, 8, 16, 16 ], "texture": "#all" }
			}
		},
		{
			"__comment": "Box1",
			"from": [ 8, 8, 0 ],
			"to": [ 16, 16, 16 ],
			"faces": {
				"down": { "uv": [ 8, 0, 16, 16 ], "texture": "#texture", "rotation": 180 },
				"up": { "uv": [ 8, 0, 16, 16 ], "texture": "#texture" },
				"north": { "uv": [ 0, 0, 8, 8 ], "texture": "#all" },
				"south": { "uv": [ 8, 0, 16, 8 ], "texture": "#all" },
				"west": { "uv": [ 0, 0, 16, 8 ], "texture": "#all" },
				"east": { "uv": [ 16, 8, 0, 0 ], "texture": "#all", "rotation": 180 }
			}
		}
	],
	"display": {
		"gui": {
			"rotation":  [ 30, 135, 0 ],
			"scale":  [ 0.625, 0.625, 0.625 ]
		},
		"head": {
			"rotation":  [ 0, -90, 0 ]
		}
	}
}