{
	"__comment": "Designed by Smuthy with Cubik Studio - https://cubik.studio",
	"parent": "block/cube_all",
	"textures": {
		"all": "block/purpur_block",
		"particle": "block/purpur_block",
		"texture": "block_source/purpur_block_top"
	},
	"elements": [ 	 
		{
			"__comment": "Box1",
			"from": [ 0, 0, 0 ],
			"to": [ 16, 8, 16 ],
			"faces": {
				"down": { "uv": [ 0, 0, 16, 16 ], "texture": "#texture" },
				"up": { "uv": [ 0, 0, 16, 16 ], "texture": "#texture" },
				"north": { "uv": [ 0, 8, 16, 16 ], "texture": "#all" },
				"south": { "uv": [ 0, 8, 16, 16 ], "texture": "#all" },
				"west": { "uv": [ 0, 8, 16, 16 ], "texture": "#all" },
				"east": { "uv": [ 0, 8, 16, 16 ], "texture": "#all" }
			}
		}
	]
}