{
    "parent": "block/template_torch",
    "textures": {
        "torch": "block/redstone_torch"
 	},
	"elements": [ 	 
		{
			"__comment": "Box1",
			"from": [ 7, 0, 7 ],
			"to": [ 9, 10, 9 ],
			"rotation": { "origin": [ 7, 0, 7 ], "axis": "x", "angle": 0 },
			"shade": false,
			"faces": {
				"down": { "uv": [ 7, 9, 9, 11 ], "texture": "#torch" },
				"up": { "uv": [ 7, 6, 8, 7 ], "texture": "#torch" },
				"north": { "uv": [ 7, 6, 9, 16 ], "texture": "#torch" },
				"south": { "uv": [ 7, 6, 9, 16 ], "texture": "#torch" },
				"west": { "uv": [ 7, 6, 9, 16 ], "texture": "#torch" },
				"east": { "uv": [ 7, 6, 9, 16 ], "texture": "#torch" }
			}
		}
	]
}