{
	"__comment": "Designed by Smuthy with Cubik Studio - https://cubik.studio",
	"textures": {
		"sugar_cane": "block/sugar_cane",
		"particle": "block/sugar_cane"
	},
	"elements": [ 	 
		{
			"__comment": "Box3",
			"from": [ 6, 0, 5.5 ],
			"to": [ 8, 16, 7.5 ],
			"faces": {
				"down": { "uv": [ 1, 1, 3, 0 ], "texture": "#sugar_cane" },
				"up": { "uv": [ 1, 15, 3, 16 ], "texture": "#sugar_cane" },
				"north": { "uv": [ 3, 16, 1, 0 ], "texture": "#sugar_cane" },
				"south": { "uv": [ 1, 16, 3, 0 ], "texture": "#sugar_cane" },
				"west": { "uv": [ 1, 0, 2, 16 ], "texture": "#sugar_cane", "rotation": 180 },
				"east": { "uv": [ 3, 16, 2, 0 ], "texture": "#sugar_cane" }
			}
		},
		{
			"__comment": "Box6",
			"from": [ 10, 0, 11 ],
			"to": [ 11, 16, 12 ],
			"faces": {
				"down": { "uv": [ 10, 4.000002, 11, 5.000002 ], "texture": "#sugar_cane" },
				"up": { "uv": [ 10, 11, 11, 12 ], "texture": "#sugar_cane" },
				"north": { "uv": [ 11, 0, 10, 16 ], "texture": "#sugar_cane" },
				"south": { "uv": [ 10, 0, 11, 16 ], "texture": "#sugar_cane" },
				"west": { "uv": [ 10, 0, 11, 16 ], "texture": "#sugar_cane" },
				"east": { "uv": [ 11, 0, 10, 16 ], "texture": "#sugar_cane" }
			}
		},
		{
			"__comment": "Box9",
			"from": [ 4, 0, 11 ],
			"to": [ 6, 16, 13 ],
			"faces": {
				"down": { "uv": [ 9, 1, 11, 0 ], "texture": "#sugar_cane" },
				"up": { "uv": [ 9, 15, 11, 16 ], "texture": "#sugar_cane" },
				"north": { "uv": [ 11, 16, 9, 0 ], "texture": "#sugar_cane" },
				"south": { "uv": [ 9, 16, 11, 0 ], "texture": "#sugar_cane" },
				"west": { "uv": [ 9, 0, 10, 16 ], "texture": "#sugar_cane", "rotation": 180 },
				"east": { "uv": [ 11, 16, 10, 0 ], "texture": "#sugar_cane" }
			}
		},
		{
			"__comment": "Box12",
			"from": [ 11, 0, 4.5 ],
			"to": [ 13, 16, 6.5 ],
			"faces": {
				"down": { "uv": [ 13, 1, 15, 0 ], "texture": "#sugar_cane" },
				"up": { "uv": [ 13, 15, 15, 16 ], "texture": "#sugar_cane" },
				"north": { "uv": [ 15, 16, 13, 0 ], "texture": "#sugar_cane" },
				"south": { "uv": [ 13, 16, 15, 0 ], "texture": "#sugar_cane" },
				"west": { "uv": [ 13, 0, 14, 16 ], "texture": "#sugar_cane", "rotation": 180 },
				"east": { "uv": [ 15, 16, 14, 0 ], "texture": "#sugar_cane" }
			}
		},
		{
			"__comment": "Box3",
			"from": [ 3, 0, 3 ],
			"to": [ 4, 16, 4 ],
			"faces": {
				"down": { "uv": [ 2, 1, 3, 2 ], "texture": "#sugar_cane" },
				"up": { "uv": [ 1, 0, 2, 1 ], "texture": "#sugar_cane" },
				"north": { "uv": [ 1, 0, 2, 16 ], "texture": "#sugar_cane" },
				"south": { "uv": [ 1, 0, 2, 16 ], "texture": "#sugar_cane" },
				"west": { "uv": [ 2, 0, 3, 16 ], "texture": "#sugar_cane" },
				"east": { "uv": [ 2, 0, 3, 16 ], "texture": "#sugar_cane" }
			}
		},
		{
			"__comment": "PlaneZ6",
			"from": [ 8, 0, 6.5 ],
			"to": [ 9, 16, 6.501 ],
			"faces": {
				"north": { "uv": [ 0, 0, 1, 16 ], "texture": "#sugar_cane" },
				"south": { "uv": [ 0, 0, 1, 16 ], "texture": "#sugar_cane" }
			}
		},
		{
			"__comment": "PlaneZ6",
			"from": [ 6, 0, 12 ],
			"to": [ 7, 16, 12.001 ],
			"faces": {
				"north": { "uv": [ 3, 0, 4, 16 ], "texture": "#sugar_cane" },
				"south": { "uv": [ 3, 0, 4, 16 ], "texture": "#sugar_cane" }
			}
		},
		{
			"__comment": "PlaneZ6",
			"from": [ 2, 0, 3.5 ],
			"to": [ 3, 16, 3.501 ],
			"faces": {
				"north": { "uv": [ 4, 0, 5, 16 ], "texture": "#sugar_cane" },
				"south": { "uv": [ 4, 0, 5, 16 ], "texture": "#sugar_cane" }
			}
		},
		{
			"__comment": "PlaneX10",
			"from": [ 7, 0, 7.5 ],
			"to": [ 7.001, 16, 8.5 ],
			"faces": {
				"west": { "uv": [ 7, 0, 8, 16 ], "texture": "#sugar_cane" },
				"east": { "uv": [ 7, 0, 8, 16 ], "texture": "#sugar_cane" }
			}
		},
		{
			"__comment": "PlaneX10",
			"from": [ 12, 0, 3.5 ],
			"to": [ 12.001, 16, 4.5 ],
			"faces": {
				"west": { "uv": [ 8, 0, 9, 16 ], "texture": "#sugar_cane" },
				"east": { "uv": [ 8, 0, 9, 16 ], "texture": "#sugar_cane" }
			}
		},
		{
			"__comment": "PlaneX10",
			"from": [ 10.5, 0, 12 ],
			"to": [ 10.501, 16, 13 ],
			"faces": {
				"west": { "uv": [ 11, 0, 12, 16 ], "texture": "#sugar_cane" },
				"east": { "uv": [ 11, 0, 12, 16 ], "texture": "#sugar_cane" }
			}
		},
		{
			"__comment": "PlaneZ6",
			"from": [ 3, 0, 12 ],
			"to": [ 4, 16, 12.001 ],
			"faces": {
				"north": { "uv": [ 12, 0, 13, 16 ], "texture": "#sugar_cane" },
				"south": { "uv": [ 12, 0, 13, 16 ], "texture": "#sugar_cane" }
			}
		},
		{
			"__comment": "PlaneX10",
			"from": [ 12, -0.5, 6.5 ],
			"to": [ 12.001, 15.5, 7.5 ],
			"faces": {
				"west": { "uv": [ 11, 0, 12, 16 ], "texture": "#sugar_cane" },
				"east": { "uv": [ 11, 0, 12, 16 ], "texture": "#sugar_cane" }
			}
		}
	]
}