{
	"__comment": "Designed by Smuthy with Cubik Studio - https://cubik.studio",
	"parent": "block/door_top_rh",
	"textures": {
		"bottom": "block/warped_door_bottom",
		"top": "block/warped_door_top",
		"particle": "block/warped_door_bottom",
		"texture": "block_source/warped_door_side"
	},
	"elements": [ 	 
		{
			"__comment": "Box1",
			"from": [ -0.0001, 0, 0 ],
			"to": [ 2.9999, 16, 4 ],
			"faces": {
				"down": { "uv": [ 13, 13, 16, 16 ], "texture": "#texture" },
				"up": { "uv": [ 0, 0, 4, 3 ], "texture": "#bottom", "rotation": 90 },
				"north": { "uv": [ 6, 0, 3, 16 ], "texture": "#texture", "rotation": 180 },
				"south": { "uv": [ 12, 10, 13, 0 ], "texture": "#bottom", "rotation": 180 },
				"west": { "uv": [ 0, 0, 4, 16 ], "texture": "#bottom" },
				"east": { "uv": [ 12, 0, 16, 16 ], "texture": "#bottom" }
			}
		},
		{
			"__comment": "Box2",
			"from": [ 0, 0, 12 ],
			"to": [ 3, 16, 16 ],
			"faces": {
				"down": { "uv": [ 13, 0, 16, 3 ], "texture": "#texture" },
				"up": { "uv": [ 12, 0, 16, 3 ], "texture": "#bottom", "rotation": 90 },
				"north": { "uv": [ 3, 10, 4, 0 ], "texture": "#bottom" },
				"south": { "uv": [ 3, 0, 0, 16 ], "texture": "#texture", "rotation": 180 },
				"west": { "uv": [ 12, 0, 16, 16 ], "texture": "#bottom" },
				"east": { "uv": [ 0, 0, 4, 16 ], "texture": "#bottom" }
			}
		},
		{
			"__comment": "Box3",
			"from": [ -0.0001, 0, 4 ],
			"to": [ 2.9999, 5, 12 ],
			"faces": {
				"down": { "uv": [ 13, 3, 16, 13 ], "texture": "#texture" },
				"up": { "uv": [ 4, 11, 12, 12 ], "texture": "#bottom", "rotation": 90 },
				"north": { "uv": [ 0, 11, 3, 16 ], "texture": "#bottom" },
				"south": { "uv": [ 13, 11, 16, 16 ], "texture": "#bottom" },
				"west": { "uv": [ 4, 11, 12, 16 ], "texture": "#bottom" },
				"east": { "uv": [ 4, 11, 12, 16 ], "texture": "#bottom" }
			}
		},
		{
			"__comment": "Box4",
			"from": [ -0.0001, 5, 4 ],
			"to": [ 2.9999, 6, 5 ],
			"faces": {
				"down": { "uv": [ 3, 1, 4, 4 ], "texture": "#bottom", "rotation": 270 },
				"up": { "uv": [ 4, 10, 5, 12 ], "texture": "#bottom", "rotation": 90 },
				"north": { "uv": [ 12, 10, 15, 11 ], "texture": "#bottom" },
				"south": { "uv": [ 1, 10, 4, 11 ], "texture": "#bottom" },
				"west": { "uv": [ 3, 10, 4, 11 ], "texture": "#bottom" },
				"east": { "uv": [ 12, 10, 13, 11 ], "texture": "#bottom" }
			}
		},
		{
			"__comment": "Box4",
			"from": [ 0, 5, 11 ],
			"to": [ 3, 6, 12 ],
			"faces": {
				"down": { "uv": [ 3, 1, 4, 4 ], "texture": "#bottom", "rotation": 270 },
				"up": { "uv": [ 4, 10, 5, 12 ], "texture": "#bottom", "rotation": 90 },
				"north": { "uv": [ 12, 10, 15, 11 ], "texture": "#bottom" },
				"south": { "uv": [ 1, 10, 4, 11 ], "texture": "#bottom" },
				"west": { "uv": [ 3, 10, 4, 11 ], "texture": "#bottom" },
				"east": { "uv": [ 12, 10, 13, 11 ], "texture": "#bottom" }
			}
		}
	]
}