{
	"__comment": "Designed by Smuthy with Cubik Studio - https://cubik.studio",
	"parent": "block/template_orientable_trapdoor_bottom",
	"textures": {
		"texture": "block/warped_trapdoor"
	},
	"elements": [ 	 
		{
			"__comment": "Box1",
			"from": [ 0, 13, 0 ],
			"to": [ 16, 16, 4 ],
			"faces": {
				"down": { "uv": [ 0, 12, 16, 16 ], "texture": "#texture" },
				"up": { "uv": [ 0, 0, 16, 4 ], "texture": "#texture" },
				"north": { "uv": [ 0, 13, 16, 16 ], "texture": "#texture" },
				"south": { "uv": [ 0, 13, 3, 14 ], "texture": "#texture" },
				"west": { "uv": [ 0, 13, 4, 16 ], "texture": "#texture" },
				"east": { "uv": [ 12, 13, 16, 16 ], "texture": "#texture" }
			}
		},
		{
			"__comment": "Box3",
			"from": [ 0, 13, 12 ],
			"to": [ 16, 16, 16 ],
			"faces": {
				"down": { "uv": [ 0, 0, 16, 4 ], "texture": "#texture" },
				"up": { "uv": [ 0, 12, 16, 16 ], "texture": "#texture" },
				"north": { "uv": [ 0, 13, 3, 14 ], "texture": "#texture" },
				"south": { "uv": [ 0, 13, 16, 16 ], "texture": "#texture" },
				"west": { "uv": [ 12, 13, 16, 16 ], "texture": "#texture" },
				"east": { "uv": [ 0, 13, 4, 16 ], "texture": "#texture" }
			}
		},
		{
			"__comment": "Box3",
			"from": [ 0, 13, 4 ],
			"to": [ 4, 16, 12 ],
			"faces": {
				"down": { "uv": [ 0, 4, 4, 12 ], "texture": "#texture" },
				"up": { "uv": [ 0, 4, 4, 12 ], "texture": "#texture" },
				"north": { "uv": [ 12, 13, 16, 16 ], "texture": "#texture" },
				"south": { "uv": [ 0, 13, 4, 16 ], "texture": "#texture" },
				"west": { "uv": [ 4, 13, 12, 16 ], "texture": "#texture" },
				"east": { "uv": [ 4, 13, 12, 12 ], "texture": "#texture" }
			}
		},
		{
			"__comment": "Box4",
			"from": [ 12, 13, 4 ],
			"to": [ 16, 16, 12 ],
			"faces": {
				"down": { "uv": [ 12, 4, 16, 12 ], "texture": "#texture" },
				"up": { "uv": [ 12, 4, 16, 12 ], "texture": "#texture" },
				"north": { "uv": [ 0, 13, 4, 16 ], "texture": "#texture" },
				"south": { "uv": [ 12, 13, 16, 16 ], "texture": "#texture" },
				"west": { "uv": [ 4, 13, 12, 12 ], "texture": "#texture" },
				"east": { "uv": [ 4, 13, 12, 16 ], "texture": "#texture" }
			}
		},
		{
			"__comment": "Box5",
			"from": [ 4, 13, 4 ],
			"to": [ 5, 16, 5 ],
			"faces": {
				"down": { "uv": [ 4, 11, 5, 12 ], "texture": "#texture" },
				"up": { "uv": [ 4, 4, 5, 5 ], "texture": "#texture" },
				"north": { "uv": [ 11, 13, 12, 12 ], "texture": "#texture" },
				"south": { "uv": [ 4, 13, 5, 12 ], "texture": "#texture" },
				"west": { "uv": [ 4, 13, 5, 12 ], "texture": "#texture" },
				"east": { "uv": [ 11, 13, 12, 12 ], "texture": "#texture" }
			}
		},
		{
			"__comment": "Box5",
			"from": [ 11, 13, 4 ],
			"to": [ 12, 16, 5 ],
			"faces": {
				"down": { "uv": [ 4, 11, 5, 12 ], "texture": "#texture" },
				"up": { "uv": [ 4, 4, 5, 5 ], "texture": "#texture" },
				"north": { "uv": [ 11, 13, 12, 12 ], "texture": "#texture" },
				"south": { "uv": [ 4, 13, 5, 12 ], "texture": "#texture" },
				"west": { "uv": [ 4, 13, 5, 12 ], "texture": "#texture" },
				"east": { "uv": [ 11, 13, 12, 12 ], "texture": "#texture" }
			}
		},
		{
			"__comment": "Box5",
			"from": [ 4, 13, 11 ],
			"to": [ 5, 16, 12 ],
			"faces": {
				"down": { "uv": [ 4, 11, 5, 12 ], "texture": "#texture" },
				"up": { "uv": [ 4, 4, 5, 5 ], "texture": "#texture" },
				"north": { "uv": [ 11, 13, 12, 12 ], "texture": "#texture" },
				"south": { "uv": [ 4, 13, 5, 12 ], "texture": "#texture" },
				"west": { "uv": [ 4, 13, 5, 12 ], "texture": "#texture" },
				"east": { "uv": [ 11, 13, 12, 12 ], "texture": "#texture" }
			}
		},
		{
			"__comment": "Box5",
			"from": [ 11, 13, 11 ],
			"to": [ 12, 16, 12 ],
			"faces": {
				"down": { "uv": [ 4, 11, 5, 12 ], "texture": "#texture" },
				"up": { "uv": [ 4, 4, 5, 5 ], "texture": "#texture" },
				"north": { "uv": [ 11, 13, 12, 12 ], "texture": "#texture" },
				"south": { "uv": [ 4, 13, 5, 12 ], "texture": "#texture" },
				"west": { "uv": [ 4, 13, 5, 12 ], "texture": "#texture" },
				"east": { "uv": [ 11, 13, 12, 12 ], "texture": "#texture" }
			}
		}
	]
}