{
	"__comment": "Designed by Smuthy with Cubik Studio - https://cubik.studio",
	"parent": "block/template_orientable_trapdoor_bottom",
	"textures": {
		"texture": "block/warped_trapdoor"
	},
	"elements": [ 	 
		{
			"__comment": "Box1",
			"from": [ 0, 0, 13 ],
			"to": [ 16, 4, 16 ],
			"faces": {
				"down": { "uv": [ 16, 16, 0, 13 ], "texture": "#texture" },
				"up": { "uv": [ 0, 13, 3, 14 ], "texture": "#texture" },
				"north": { "uv": [ 16, 4, 0, 0 ], "texture": "#texture" },
				"south": { "uv": [ 0, 12, 16, 16 ], "texture": "#texture" },
				"west": { "uv": [ 0, 13, 4, 16 ], "texture": "#texture", "rotation": 270 },
				"east": { "uv": [ 12, 13, 16, 16 ], "texture": "#texture", "rotation": 90 }
			}
		},
		{
			"__comment": "Box3",
			"from": [ 0, 12.0001, 13.0001 ],
			"to": [ 16, 16.0001, 16.0001 ],
			"faces": {
				"down": { "uv": [ 3, 14, 0, 13 ], "texture": "#texture" },
				"up": { "uv": [ 0, 13, 16, 16 ], "texture": "#texture" },
				"north": { "uv": [ 16, 16, 0, 12 ], "texture": "#texture" },
				"south": { "uv": [ 0, 0, 16, 4 ], "texture": "#texture" },
				"west": { "uv": [ 12, 13, 16, 16 ], "texture": "#texture", "rotation": 270 },
				"east": { "uv": [ 0, 13, 4, 16 ], "texture": "#texture", "rotation": 90 }
			}
		},
		{
			"__comment": "Box3",
			"from": [ 0, 4, 13 ],
			"to": [ 4, 12, 16 ],
			"faces": {
				"down": { "uv": [ 16, 16, 12, 13 ], "texture": "#texture" },
				"up": { "uv": [ 0, 13, 4, 16 ], "texture": "#texture" },
				"north": { "uv": [ 4, 12, 0, 4 ], "texture": "#texture" },
				"south": { "uv": [ 0, 4, 4, 12 ], "texture": "#texture" },
				"west": { "uv": [ 4, 13, 12, 16 ], "texture": "#texture", "rotation": 270 },
				"east": { "uv": [ 4, 13, 12, 12 ], "texture": "#texture", "rotation": 90 }
			}
		},
		{
			"__comment": "Box4",
			"from": [ 12, 4, 13 ],
			"to": [ 16, 12, 16 ],
			"faces": {
				"down": { "uv": [ 4, 16, 0, 13 ], "texture": "#texture" },
				"up": { "uv": [ 12, 13, 16, 16 ], "texture": "#texture" },
				"north": { "uv": [ 16, 12, 12, 4 ], "texture": "#texture" },
				"south": { "uv": [ 12, 4, 16, 12 ], "texture": "#texture" },
				"west": { "uv": [ 4, 13, 12, 12 ], "texture": "#texture", "rotation": 270 },
				"east": { "uv": [ 4, 13, 12, 16 ], "texture": "#texture", "rotation": 90 }
			}
		},
		{
			"__comment": "Box5",
			"from": [ 4, 4, 13 ],
			"to": [ 5, 5, 16 ],
			"faces": {
				"down": { "uv": [ 12, 12, 11, 13 ], "texture": "#texture" },
				"up": { "uv": [ 4, 13, 5, 12 ], "texture": "#texture" },
				"north": { "uv": [ 5, 5, 4, 4 ], "texture": "#texture" },
				"south": { "uv": [ 4, 11, 5, 12 ], "texture": "#texture" },
				"west": { "uv": [ 4, 13, 5, 12 ], "texture": "#texture", "rotation": 270 },
				"east": { "uv": [ 11, 13, 12, 12 ], "texture": "#texture", "rotation": 90 }
			}
		},
		{
			"__comment": "Box5",
			"from": [ 11, 4, 13 ],
			"to": [ 12, 5, 16 ],
			"faces": {
				"down": { "uv": [ 12, 12, 11, 13 ], "texture": "#texture" },
				"up": { "uv": [ 4, 13, 5, 12 ], "texture": "#texture" },
				"north": { "uv": [ 5, 5, 4, 4 ], "texture": "#texture" },
				"south": { "uv": [ 4, 11, 5, 12 ], "texture": "#texture" },
				"west": { "uv": [ 4, 13, 5, 12 ], "texture": "#texture", "rotation": 270 },
				"east": { "uv": [ 11, 13, 12, 12 ], "texture": "#texture", "rotation": 90 }
			}
		},
		{
			"__comment": "Box5",
			"from": [ 4, 11, 13.0001 ],
			"to": [ 5, 12, 16.0001 ],
			"faces": {
				"down": { "uv": [ 12, 12, 11, 13 ], "texture": "#texture" },
				"up": { "uv": [ 4, 13, 5, 12 ], "texture": "#texture" },
				"north": { "uv": [ 5, 5, 4, 4 ], "texture": "#texture" },
				"south": { "uv": [ 4, 11, 5, 12 ], "texture": "#texture" },
				"west": { "uv": [ 4, 13, 5, 12 ], "texture": "#texture", "rotation": 270 },
				"east": { "uv": [ 11, 13, 12, 12 ], "texture": "#texture", "rotation": 90 }
			}
		},
		{
			"__comment": "Box5",
			"from": [ 11, 11, 13.0001 ],
			"to": [ 12, 12, 16.0001 ],
			"faces": {
				"down": { "uv": [ 12, 12, 11, 13 ], "texture": "#texture" },
				"up": { "uv": [ 4, 13, 5, 12 ], "texture": "#texture" },
				"north": { "uv": [ 5, 5, 4, 4 ], "texture": "#texture" },
				"south": { "uv": [ 4, 11, 5, 12 ], "texture": "#texture" },
				"west": { "uv": [ 4, 13, 5, 12 ], "texture": "#texture", "rotation": 270 },
				"east": { "uv": [ 11, 13, 12, 12 ], "texture": "#texture", "rotation": 90 }
			}
		}
	]
}