{
    "ambientocclusion": false,
    "display": {
        "gui": {
            "rotation": [ 30, 225, 0 ],
            "translation": [ 0, 0, 0],
            "scale":[ 0.625, 0.625, 0.625 ]
        },
        "ground": {
            "rotation": [ 0, 0, 0 ],
            "translation": [ 0, 3, 0],
            "scale":[ 0.25, 0.25, 0.25 ]
        },
        "fixed": {
            "rotation": [ 0, 0, 0 ],
            "translation": [ 0, 0, 0],
            "scale":[ 0.5, 0.5, 0.5 ]
        },
        "thirdperson_righthand": {
            "rotation": [ 75, 45, 0 ],
            "translation": [ 0, 2.5, 0],
            "scale": [ 0.375, 0.375, 0.375 ]
        },
        "firstperson_righthand": {
            "rotation": [ 0, 45, 0 ],
            "translation": [ 0, 0, 0 ],
            "scale": [ 0.40, 0.40, 0.40 ]
        },
        "firstperson_lefthand": {
            "rotation": [ 0, 225, 0 ],
            "translation": [ 0, 0, 0 ],
            "scale": [ 0.40, 0.40, 0.40 ]
        }
    },
    "textures": {
        "particle": "block/utility/beacon_frame",
        "frame":    "block/utility/beacon_frame",
        "struct":   "block/utility/beacon_struct",
        "window":   "block/utility/beacon_window"
    },
    "elements": [
        {   "__comment": "Back bottom",
            "from": [ 0, 0, 0 ],
            "to": [ 16, 3, 3 ],
            "faces": {
                "down":  { "uv": [ 0, 13, 16, 16 ], "texture": "#frame" },
                "up":    { "uv": [ 0, 0, 16, 3 ], "texture": "#struct" },
                "north": { "uv": [ 0, 13, 16, 16 ], "texture": "#frame" },
                "south": { "uv": [ 0, 13, 16, 16 ], "texture": "#struct" },
                "west":  { "uv": [ 0, 13, 3, 16 ], "texture": "#frame" },
                "east":  { "uv": [ 13, 13, 16, 16 ], "texture": "#frame" }
            }
        },
        {   "__comment": "Left bottom",
            "from": [ 0, 0, 0 ],
            "to": [ 3, 3, 16 ],
            "faces": {
                "down":  { "uv": [ 0, 0, 3, 16 ], "texture": "#frame" },
                "up":    { "uv": [ 0, 0, 3, 16 ], "texture": "#struct" },
                "north": { "uv": [ 13, 13, 16, 16 ], "texture": "#frame" },
                "south": { "uv": [ 0, 13, 3, 16 ], "texture": "#frame" },
                "west":  { "uv": [ 0, 13, 16, 16 ], "texture": "#frame" },
                "east":  { "uv": [ 0, 13, 16, 16 ], "texture": "#struct" }
            }
        },
        {   "__comment": "Back left vertical",
            "from": [ 0, 0, 0 ],
            "to": [ 3, 16, 3 ],
            "faces": {
                "down":  { "uv": [ 0, 13, 3, 16 ], "texture": "#frame" },
                "up":    { "uv": [ 0, 0, 3, 3 ], "texture": "#frame" },
                "north": { "uv": [ 13, 0, 16, 16 ], "texture": "#frame" },
                "south": { "uv": [ 0, 0, 3, 16 ], "texture": "#struct" },
                "west":  { "uv": [ 0, 0, 3, 16 ], "texture": "#frame" },
                "east":  { "uv": [ 13, 0, 16, 16 ], "texture": "#struct" }
            }
        },
        {   "__comment": "Back right vertical",
            "from": [ 13, 0, 0 ],
            "to": [ 16, 16, 3 ],
            "faces": {
                "down":  { "uv": [ 13, 13, 16, 16 ], "texture": "#frame" },
                "up":    { "uv": [ 13, 0, 16, 3 ], "texture": "#frame" },
                "north": { "uv": [ 0, 0, 3, 16 ], "texture": "#frame" },
                "south": { "uv": [ 13, 0, 16, 16 ], "texture": "#struct" },
                "west":  { "uv": [ 0, 0, 3, 16 ], "texture": "#struct" },
                "east":  { "uv": [ 13, 0, 16, 16 ], "texture": "#frame" }
            }
        },
        {   "__comment": "Top right",
            "from": [ 13, 13, 0 ],
            "to": [ 16, 16, 16 ],
            "faces": {
                "down":  { "uv": [ 13, 0, 16, 16 ], "texture": "#struct" },
                "up":    { "uv": [ 13, 0, 16, 16 ], "texture": "#frame" },
                "north": { "uv": [ 0, 0, 3, 3 ], "texture": "#frame" },
                "south": { "uv": [ 13, 0, 16, 3 ], "texture": "#frame" },
                "west":  { "uv": [ 0, 0, 16, 3 ], "texture": "#struct" },
                "east":  { "uv": [ 0, 0, 16, 3 ], "texture": "#frame" }
            }
        },
        {   "__comment": "Bottom right",
            "from": [ 13, 0, 0 ],
            "to": [ 16, 3, 16 ],
            "faces": {
                "down":  { "uv": [ 13, 0, 16, 16 ], "texture": "#frame" },
                "up":    { "uv": [ 13, 0, 16, 16 ], "texture": "#struct" },
                "north": { "uv": [ 0, 13, 3, 16 ], "texture": "#frame" },
                "south": { "uv": [ 13, 13, 16, 16], "texture": "#frame" },
                "west":  { "uv": [ 0, 13, 16, 16     ], "texture": "#struct" },
                "east":  { "uv": [ 0, 13, 16, 16 ], "texture": "#frame" }
            }
        },
        {   "__comment": "Top left",
            "from": [ 0, 13, 0 ],
            "to": [ 3, 16, 16 ],
            "faces": {
                "down":  { "uv": [ 0, 0, 3, 16 ], "texture": "#struct" },
                "up":    { "uv": [ 0, 0, 3, 16 ], "texture": "#frame" },
                "north": { "uv": [ 13, 0, 16, 3 ], "texture": "#frame" },
                "south": { "uv": [ 0, 0, 3, 3 ], "texture": "#frame" },
                "west":  { "uv": [ 0, 0, 16, 3 ], "texture": "#frame" },
                "east":  { "uv": [ 0, 0, 16, 3 ], "texture": "#struct" }
            }
        },
        {   "__comment": "Top back",
            "from": [ 0, 13, 0 ],
            "to": [ 16, 16, 3 ],
            "faces": {
                "down":  { "uv": [ 0, 13, 16, 16 ], "texture": "#struct" },
                "up":    { "uv": [ 0, 0, 16, 3 ], "texture": "#frame" },
                "north": { "uv": [ 0, 0, 16, 3 ], "texture": "#frame" },
                "south": { "uv": [ 0, 0, 16, 3 ], "texture": "#struct" },
                "west":  { "uv": [ 0, 0, 3, 3 ], "texture": "#frame" },
                "east":  { "uv": [ 13, 0, 16, 3 ], "texture": "#frame" }
            }
        },
        {   "__comment": "Front top",
            "from": [ 0, 13, 13 ],
            "to": [ 16, 16, 16 ],
            "faces": {
                "down":  { "uv": [ 0, 0, 16, 3 ], "texture": "#struct" },
                "up":    { "uv": [ 0, 13, 16, 16 ], "texture": "#frame" },
                "north": { "uv": [ 0, 0, 16, 3 ], "texture": "#struct" },
                "south": { "uv": [ 0, 0, 16, 3 ], "texture": "#frame" },
                "west":  { "uv": [ 13, 0, 16, 3 ], "texture": "#frame" },
                "east":  { "uv": [ 0, 0, 3, 3 ], "texture": "#frame" }
            }
        },
        {   "__comment": "Front left vertical",
            "from": [ 0, 0, 13 ],
            "to": [ 3, 16, 16 ],
            "faces": {
                "down":  { "uv": [ 0, 0, 3, 3 ], "texture": "#frame" },
                "up":    { "uv": [ 0, 13, 3, 16 ], "texture": "#frame" },
                "north": { "uv": [ 13, 0, 16, 16 ], "texture": "#struct" },
                "south": { "uv": [ 0, 0, 3, 16 ], "texture": "#frame" },
                "west":  { "uv": [ 13, 0, 16, 16 ], "texture": "#frame" },
                "east":  { "uv": [ 0, 0, 3, 16 ], "texture": "#struct" }
            }
        },
        {   "__comment": "Front bottom",
            "from": [ 0, 0, 13 ],
            "to": [ 16, 3, 16 ],
            "faces": {
                "down":  { "uv": [ 0, 0, 16, 3 ], "texture": "#frame" },
                "up":    { "uv": [ 0, 13, 16, 16 ], "texture": "#struct" },
                "north": { "uv": [ 0, 13, 16, 16 ], "texture": "#struct" },
                "south": { "uv": [ 0, 13, 16, 16 ], "texture": "#frame" },
                "west":  { "uv": [ 13, 13, 16, 16 ], "texture": "#frame" },
                "east":  { "uv": [ 0, 13, 3, 16 ], "texture": "#frame" }
            }
        },
        {   "__comment": "Front right vertical",
            "from": [ 13, 0, 13 ],
            "to": [ 16, 16, 16 ],
            "faces": {
                "down":  { "uv": [ 13, 0, 16, 3 ], "texture": "#frame" },
                "up":    { "uv": [ 13, 13, 16, 16 ], "texture": "#frame" },
                "north": { "uv": [ 0, 0, 3, 16 ], "texture": "#struct" },
                "south": { "uv": [ 13, 0, 16, 16 ], "texture": "#frame" },
                "west":  { "uv": [ 13, 0, 16, 16 ], "texture": "#struct" },
                "east":  { "uv": [ 0, 0, 3, 16 ], "texture": "#frame" }
            }
        },
        {   "__comment": "Window",
            "from": [ 2.95, 2.95, 2.95 ],
            "to": [ 13.05, 13.05, 13.05 ],
            "faces": {
                "down":  { "uv": [ 3, 3, 13, 13 ], "texture": "#window" },
                "up":    { "uv": [ 3, 3, 13, 13 ], "texture": "#window" },
                "north": { "uv": [ 3, 3, 13, 13 ], "texture": "#window" },
                "south": { "uv": [ 3, 3, 13, 13 ], "texture": "#window" },
                "west":  { "uv": [ 3, 3, 13, 13 ], "texture": "#window" },
                "east":  { "uv": [ 3, 3, 13, 13 ], "texture": "#window" }
            }
        }
    ]
}
