{
    "display": {
        "gui": {
            "rotation": [ 30, 225, 0 ],
            "translation": [ 0, 0, 0],
            "scale":[ 0.625, 0.625, 0.625 ]
        },
        "ground": {
            "rotation": [ 0, 0, 0 ],
            "translation": [ 0, 3, 0],
            "scale":[ 0.25, 0.25, 0.25 ]
        },
        "fixed": {
            "rotation": [ 0, 0, 0 ],
            "translation": [ 0, 0, 0],
            "scale":[ 0.5, 0.5, 0.5 ]
        },
        "thirdperson_righthand": {
            "rotation": [ 75, 45, 0 ],
            "translation": [ 0, 2.5, 0],
            "scale": [ 0.375, 0.375, 0.375 ]
        },
        "firstperson_righthand": {
            "rotation": [ 0, 45, 0 ],
            "translation": [ 0, 0, 0 ],
            "scale": [ 0.40, 0.40, 0.40 ]
        },
        "firstperson_lefthand": {
            "rotation": [ 0, 225, 0 ],
            "translation": [ 0, 0, 0 ],
            "scale": [ 0.40, 0.40, 0.40 ]
        }
    },

    "textures": {
        "particle": "block/utility/crafting_table_front",
        "down": "block/utility/crafting_table_bottom",
        "up": "block/utility/crafting_table_top",
        "front": "block/utility/crafting_table_front",
        "side": "block/utility/crafting_table_side"
    },
    "elements": [
        {   "from": [ 0, 0, 0 ],
            "to": [ 16, 16, 2.5 ],
            "faces": {
                "down":  { "uv": [ 0, 13.5, 16, 16 ], "texture": "#down" },
                "up":    { "uv": [ 0, 0, 16, 2.5 ], "texture": "#up" },
                "north": { "uv": [ 0, 0, 16, 16 ], "texture": "#front" },
                "south": { "uv": [ 0, 0, 16, 16 ], "texture": "#side" }
            }
        },
        {   "from": [ 0, 0, 0 ],
            "to": [ 2.5, 16, 16 ],
            "faces": {
                "down":  { "uv": [ 0, 0, 2.5, 16 ], "texture": "#down" },
                "up":    { "uv": [ 0, 0, 2.5, 16 ], "texture": "#up" },
                "west":  { "uv": [ 0, 0, 16, 16 ], "texture": "#side" },
                "east":  { "uv": [ 0, 0, 16, 16 ], "texture": "#side" }
            }
        },
        {   "from": [ 13.5, 0, 0 ],
            "to": [ 16, 16, 16 ],
            "faces": {
                "down":  { "uv": [ 13.5, 0, 16, 16 ], "texture": "#down" },
                "up":    { "uv": [ 13.5, 0, 16, 16 ], "texture": "#up" },
                "east": { "uv": [ 0, 0, 16, 16 ], "texture": "#side" },
                "west": { "uv": [ 0, 0, 16, 16 ], "texture": "#side" }
            }
        },
        {   "from": [ 0, 0, 13.5 ],
            "to": [ 16, 16, 16 ],
            "faces": {
                "down":  { "uv": [ 0, 0, 16, 2.5 ], "texture": "#down" },
                "up":    { "uv": [ 0, 13.5, 16, 16 ], "texture": "#up" },
                "south":  { "uv": [ 0, 0, 16, 16 ], "texture": "#front" },
                "north":  { "uv": [ 0, 0, 16, 16 ], "texture": "#side" }
            }
        },
        {   "from": [ 2.5, 0, 2.5 ],
            "to": [ 13.5, 15.75, 13.5 ],
            "faces": {
                "down":  { "uv": [ 2.5, 2.5, 13.5, 13.5 ], "texture": "#down" },
                "up":    { "uv": [ 2.5, 2.5, 13.5, 13.5 ], "texture": "#up" }
            }
        },

        {   "from": [ 3, 15.25, 3 ],
            "to": [ 6, 16.25, 6 ],
            "faces": {
                "up":    { "uv": [ 3, 3, 6, 6 ], "texture": "#up"},
                "east":  { "uv": [ 3, 5, 6, 6 ], "texture": "#up"},
                "west":  { "uv": [ 3, 5, 6, 6 ], "texture": "#up"},
                "south":  { "uv": [ 3, 5, 6, 6 ], "texture": "#up"},
                "north":  { "uv": [ 3, 5, 6, 6 ], "texture": "#up"}
            }
        },
        {   "from": [ 6.25, 10.25, -0.25 ],
            "to": [ 6.75, 13, 0 ],
            "faces": {
                "up":    { "uv": [ 6.25, 3, 6.75, 3.25 ], "texture": "#front"},
                "east":  { "uv": [ 6.25, 3, 6.75, 5.75 ], "texture": "#front"},
                "west":  { "uv": [ 6.25, 3, 6.75, 5.75 ], "texture": "#front"},
                "south":  { "uv": [ 6.25, 3, 6.75, 5.75 ], "texture": "#front"},
                "north":  { "uv": [ 6.25, 3, 6.75, 5.75 ], "texture": "#front"}
            }
        },
        {   "from": [ 9.25, 10.25, -0.25 ],
            "to": [ 9.75, 13, 0 ],
            "faces": {
                "up":    { "uv": [ 6.25, 3, 6.75, 3.25 ], "texture": "#front"},
                "east":  { "uv": [ 6.25, 3, 6.75, 5.75 ], "texture": "#front"},
                "west":  { "uv": [ 6.25, 3, 6.75, 5.75 ], "texture": "#front"},
                "south":  { "uv": [ 6.25, 3, 6.75, 5.75 ], "texture": "#front"},
                "north":  { "uv": [ 6.25, 3, 6.75, 5.75 ], "texture": "#front"}
            }
        },
        {   "from": [ 6.25, 10.25, 16 ],
            "to": [ 6.75, 13, 16.25 ],
            "faces": {
                "up":    { "uv": [ 6.25, 3, 6.75, 3.25 ], "texture": "#front"},
                "east":  { "uv": [ 6.25, 3, 6.75, 5.75 ], "texture": "#front"},
                "west":  { "uv": [ 6.25, 3, 6.75, 5.75 ], "texture": "#front"},
                "south":  { "uv": [ 6.25, 3, 6.75, 5.75 ], "texture": "#front"},
                "north":  { "uv": [ 6.25, 3, 6.75, 5.75 ], "texture": "#front"}
            }
        },
        {   "from": [ 9.25, 10.25, 16 ],
            "to": [ 9.75, 13, 16.25 ],
            "faces": {
                "up":    { "uv": [ 6.25, 3, 6.75, 3.25 ], "texture": "#front"},
                "east":  { "uv": [ 6.25, 3, 6.75, 5.75 ], "texture": "#front"},
                "west":  { "uv": [ 6.25, 3, 6.75, 5.75 ], "texture": "#front"},
                "south":  { "uv": [ 6.25, 3, 6.75, 5.75 ], "texture": "#front"},
                "north":  { "uv": [ 6.25, 3, 6.75, 5.75 ], "texture": "#front"}
            }
        },
        {   "from": [ 6.5, 15.25, 3 ],
            "to": [ 9.5, 16.25, 6 ],
            "faces": {
                "up":    { "uv": [ 6.5, 3, 9.5, 6 ], "texture": "#up" },
                "east":  { "uv": [ 3, 5, 6, 6 ], "texture": "#up" },
                "west":  { "uv": [ 3, 5, 6, 6 ], "texture": "#up" },
                "south":  { "uv": [ 3, 5, 6, 6 ], "texture": "#up" },
                "north":  { "uv": [ 3, 5, 6, 6 ], "texture": "#up" }
            }
        },
        {   "from": [ 10, 15.25, 3 ],
            "to": [ 13, 16.25, 6 ],
            "faces": {
                "up":    { "uv": [ 10, 3, 13, 6 ], "texture": "#up" },
                "east":  { "uv": [ 3, 5, 6, 6 ], "texture": "#up" },
                "west":  { "uv": [ 3, 5, 6, 6 ], "texture": "#up" },
                "south":  { "uv": [ 3, 5, 6, 6 ], "texture": "#up" },
                "north":  { "uv": [ 3, 5, 6, 6 ], "texture": "#up" }
            }
        },

        {   "from": [ 3, 15.25, 6.5 ],
            "to": [ 6, 16.25, 9.5 ],
            "faces": {
                "up":    { "uv": [ 3, 6.5, 6, 9.5 ], "texture": "#up" },
                "east":  { "uv": [ 3, 5, 6, 6 ], "texture": "#up" },
                "west":  { "uv": [ 3, 5, 6, 6 ], "texture": "#up" },
                "south":  { "uv": [ 3, 5, 6, 6 ], "texture": "#up" },
                "north":  { "uv": [ 3, 5, 6, 6 ], "texture": "#up" }
            }
        },
        {   "from": [ 6.5, 15.25, 6.5 ],
            "to": [ 9.5, 16.25, 9.5 ],
            "faces": {
                "up":    { "uv": [ 6.5, 6.5, 9.5, 9.5 ], "texture": "#up" },
                "east":  { "uv": [ 3, 5, 6, 6 ], "texture": "#up" },
                "west":  { "uv": [ 3, 5, 6, 6 ], "texture": "#up" },
                "south":  { "uv": [ 3, 5, 6, 6 ], "texture": "#up" },
                "north":  { "uv": [ 3, 5, 6, 6 ], "texture": "#up" }
            }
        },
        {   "from": [ 10, 15.25, 6.5 ],
            "to": [ 13, 16.25, 9.5 ],
            "faces": {
                "up":    { "uv": [ 10, 6.5, 13, 9.5 ], "texture": "#up" },
                "east":  { "uv": [ 3, 5, 6, 6 ], "texture": "#up" },
                "west":  { "uv": [ 3, 5, 6, 6 ], "texture": "#up" },
                "south":  { "uv": [ 3, 5, 6, 6 ], "texture": "#up" },
                "north":  { "uv": [ 3, 5, 6, 6 ], "texture": "#up" }
            }
        },

        {   "from": [ 3, 15.25, 10 ],
            "to": [ 6, 16.25, 13 ],
            "faces": {
                "up":    { "uv": [ 3, 10, 6, 13 ], "texture": "#up" },
                "east":  { "uv": [ 3, 5, 6, 6 ], "texture": "#up" },
                "west":  { "uv": [ 3, 5, 6, 6 ], "texture": "#up" },
                "south":  { "uv": [ 3, 5, 6, 6 ], "texture": "#up" },
                "north":  { "uv": [ 3, 5, 6, 6 ], "texture": "#up" }
            }
        },
        {   "from": [ 6.5, 15.25, 10 ],
            "to": [ 9.5, 16.25, 13 ],
            "faces": {
                "up":    { "uv": [ 6.5, 10, 9.5, 13 ], "texture": "#up" },
                "east":  { "uv": [ 3, 5, 6, 6 ], "texture": "#up" },
                "west":  { "uv": [ 3, 5, 6, 6 ], "texture": "#up" },
                "south":  { "uv": [ 3, 5, 6, 6 ], "texture": "#up" },
                "north":  { "uv": [ 3, 5, 6, 6 ], "texture": "#up" }
            }
        },
        {   "from": [ 10, 15.25, 10 ],
            "to": [ 13, 16.25, 13 ],
            "faces": {
                "up":    { "uv": [ 10, 10, 13, 13 ], "texture": "#up" },
                "east":  { "uv": [ 3, 5, 6, 6 ], "texture": "#up" },
                "west":  { "uv": [ 3, 5, 6, 6 ], "texture": "#up" },
                "south":  { "uv": [ 3, 5, 6, 6 ], "texture": "#up" },
                "north":  { "uv": [ 3, 5, 6, 6 ], "texture": "#up" }
            }
        }
    ]
}
