{
    "parent": "block/cube",
    "display": {
        "firstperson_righthand": {
            "rotation": [ 0, 135, 0 ],
            "translation": [ 0, 0, 0 ],
            "scale": [ 0.40, 0.40, 0.40 ]
        }
    },
    "textures": {
    	"particle": "block/utility/dispenser_front_horizontal",
        "up": "block/utility/furnace_top",
        "north": "block/utility/dispenser_front_horizontal",
        "east": "block/utility/furnace_side",
        "west": "block/utility/furnace_side",
        "south": "block/utility/furnace_side",
        "down": "block/utility/furnace_bottom"
    }
}
